Ticket_ID,Created_At,First_Response_Minutes,Resolved_At,Priority,Category,Subcategory,Channel,Customer_Segment,Team,Agent,Status,SLA_Target_Hours,Resolution_Hours,SLA_Breach,Breach_Reason,Reopen_Count,Escalated,CSAT,Is_Repeat,Contact_Reason,Root_Cause,Region
HD-260831-02924,2026-08-31 11:33,68,2026-08-31 21:42,P3,Endpoint Security,Malware check,Portal,Mid-Market,Service Desk L1,Rohan Mehta,Closed,24,10.16,No,None,2,No,5,Yes,Incident,Network condition,North America
HD-260812-02348,2026-08-12 19:58,8,2026-08-12 22:25,P2,Network,DNS/DHCP,Phone,SMB,Network Ops,Farah Latif,Resolved,8,2.46,No,None,0,Yes,4,Yes,Service request,User error,EMEA
HD-260723-02156,2026-07-23 16:54,61,2026-07-24 17:51,P3,Network,LAN connectivity,Portal,Mid-Market,Network Ops,Deepak Nair,Resolved,24,24.96,Yes,High queue volume,0,No,3,No,Incident,Software defect,North America
HD-260504-01665,2026-05-04 11:50,169,2026-05-05 09:51,P3,Performance,Slow device,Portal,Mid-Market,Service Desk L1,Imran Dar,Resolved,24,22.02,No,None,1,No,3,No,Incident,User error,EMEA
HD-260715-04287,2026-07-15 10:05,27,,P2,VPN & Remote Access,VPN disconnect,Email,Enterprise,Network Ops,Farah Latif,Open,8,,No,None,1,No,,No,How-to,Vendor issue,APAC
HD-260429-03462,2026-04-29 10:01,39,2026-05-02 00:38,P4,Network,DNS/DHCP,Phone,SMB,Network Ops,Deepak Nair,Closed,72,62.62,No,None,0,No,3,No,Incident,Configuration,APAC
HD-260428-01074,2026-04-28 12:39,69,,P3,Software & Applications,Application error,Phone,SMB,Business Apps,Karan Verma,Pending,24,,No,None,0,No,,No,Service request,Network condition,North America
HD-260423-02235,2026-04-23 09:16,333,2026-04-24 00:23,P4,Cloud & SaaS,Application outage,Chat,Mid-Market,Business Apps,Karan Verma,Resolved,72,15.12,No,None,0,No,4,No,Incident,Software defect,North America
HD-260611-03737,2026-06-11 16:27,45,2026-06-12 00:55,P3,Performance,High CPU,Portal,Internal,Network Ops,Arjun Bhat,Resolved,24,8.47,No,None,0,No,4,No,Service request,User error,EMEA
HD-260720-02140,2026-07-20 10:15,5,2026-07-20 11:55,P1,Access & Identity,Password reset,Portal,Mid-Market,Identity & Access,Deepak Nair,Resolved,4,1.68,No,None,0,No,5,No,Incident,Software defect,EMEA
HD-260306-03074,2026-03-06 13:24,219,2026-03-07 21:51,P4,Endpoint Security,EDR alert,Email,SMB,Identity & Access,Farah Latif,Resolved,72,32.46,No,None,1,No,4,No,Performance issue,Access policy,APAC
HD-260409-02573,2026-04-09 09:05,30,2026-04-09 16:08,P2,Email & Collaboration,Calendar,Chat,Mid-Market,Service Desk L1,Imran Dar,Resolved,8,7.05,No,None,1,Yes,4,No,Service request,Configuration,EMEA
HD-260619-04050,2026-06-19 21:57,271,2026-06-21 03:09,P4,Hardware,Monitor,Portal,SMB,Service Desk L2,Vikram Patel,Closed,72,29.2,No,None,0,No,5,No,Service request,Network condition,APAC
HD-260323-01413,2026-03-23 10:57,156,2026-03-23 23:00,P3,Performance,High memory,Email,Mid-Market,Service Desk L1,Karan Verma,Resolved,24,12.06,No,None,3,No,3,No,Service request,Hardware fault,APAC
HD-260804-04407,2026-08-04 15:38,41,2026-08-05 00:28,P3,Network,Switch port,Email,Enterprise,Service Desk L2,Arjun Bhat,Resolved,24,8.84,No,None,0,No,4,No,Performance issue,User error,EMEA
HD-260406-01913,2026-04-06 16:56,142,2026-04-07 14:02,P4,Cloud & SaaS,Application outage,Chat,SMB,Service Desk L2,Sana Rahman,Resolved,72,21.11,No,None,0,No,,No,Incident,Vendor issue,North America
HD-260713-03222,2026-07-13 15:49,321,,P4,Printing & Peripherals,Printer offline,Email,Enterprise,Service Desk L1,Aisha Khan,Pending,72,,No,None,1,No,,No,Service request,Software defect,North America
HD-260602-02706,2026-06-02 18:06,54,2026-06-03 05:08,P3,Software & Applications,License,Portal,Mid-Market,Service Desk L2,Sana Rahman,Resolved,24,11.04,No,None,2,No,,No,Service request,Capacity,North America
HD-260416-02624,2026-04-16 15:42,22,2026-04-16 17:47,P1,Cloud & SaaS,Application outage,Email,SMB,Business Apps,Karan Verma,Resolved,4,2.09,No,None,0,Yes,3,No,Incident,Software defect,APAC
HD-260427-03680,2026-04-27 10:59,152,2026-04-28 01:02,P3,,Device compliance,Portal,Mid-Market,Service Desk L1,Aisha Khan,Resolved,24,14.05,No,None,0,No,3,No,Service request,Software defect,EMEA
HD-260421-03730,2026-04-21 15:17,24,2026-04-21 23:00,P2,Account Provisioning,Role change,Phone,Internal,Endpoint Ops,Sana Rahman,Resolved,8,7.72,No,None,0,No,3,No,Service request,Configuration,APAC
HD-260624-01998,2026-06-24 17:42,230,2026-06-25 08:45,P4,Cloud & SaaS,SSO,Email,SMB,Business Apps,Neha Thomas,Resolved,72,15.06,No,None,0,No,4,No,Service request,Network condition,APAC
HD-260302-02517,2026-03-02 14:31,27,2026-03-02 22:05,P2,Hardware,Docking station,Portal,Internal,Service Desk L2,Sana Rahman,Resolved,8,7.57,No,None,0,No,4,No,How-to,Software defect,North America
HD-260627-01941,2026-06-27 10:38,165,2026-06-27 19:10,P3,Cloud & SaaS,Integration,Portal,Mid-Market,Service Desk L2,Sana Rahman,Closed,24,8.54,No,None,0,No,4,No,Incident,User error,North America
HD-260804-01347,2026-08-04 14:13,226,2026-08-05 18:46,P4,Account Provisioning,Offboarding,Email,SMB,Endpoint Ops,Sana Rahman,Resolved,72,28.56,No,None,0,Yes,3,No,Service request,Capacity,APAC
HD-260812-01529,2026-08-12 18:31,56,2026-08-13 01:16,P2,Hardware,Monitor,Chat,Enterprise,Identity & Access,Nadia Ali,Closed,8,6.76,No,None,1,No,,No,Access request,Configuration,EMEA
HD-260428-02870,2026-04-28 11:08,119,2026-04-29 09:04,P3,VPN & Remote Access,VPN disconnect,Chat,Mid-Market,Service Desk L2,Arjun Bhat,Resolved,24,21.94,No,None,0,No,3,No,Incident,Access policy,North America
HD-260820-03785,2026-08-20 14:47,124,2026-08-20 21:09,P3,Access & Identity,Password reset,Email,Mid-Market,Service Desk L1,Aisha Khan,Resolved,24,6.38,No,None,0,No,,No,Service request,Software defect,EMEA
HD-260807-04345,2026-08-07 16:51,15,2026-08-07 19:09,P2,Performance,High memory,Email,Internal,Service Desk L1,Rohan Mehta,Resolved,8,2.3,No,None,1,Yes,4,Yes,Access request,Access policy,APAC
HD-260526-02134,2026-05-26 14:22,27,2026-05-27 01:51,P3,Cloud & SaaS,SSO,Phone,Mid-Market,Business Apps,Neha Thomas,Closed,24,11.49,No,None,0,No,5,No,Performance issue,User error,North America
HD-260710-02196,2026-07-10 15:09,332,2026-07-12 11:00,P4,Software & Applications,Installation,Portal,Enterprise,Service Desk L2,Arjun Bhat,Resolved,72,43.85,No,None,0,No,,No,Incident,User error,North America
HD-260311-04463,2026-03-11 18:52,23,2026-03-12 12:10,P3,Telephony,Headset,Email,Internal,Service Desk L2,Arjun Bhat,Closed,24,17.31,No,None,0,No,3,No,Incident,Access policy,North America
HD-260604-03525,2026-06-04 11:56,69,2026-06-04 17:14,P3,Printing & Peripherals,Peripheral setup,Phone,Enterprise,Business Apps,Karan Verma,Closed,24,5.31,No,None,1,No,5,No,Performance issue,Capacity,APAC
HD-260803-04079,2026-08-03 12:11,321,2026-08-04 17:58,P4,Hardware,Keyboard/Mouse,Email,Mid-Market,Network Ops,Deepak Nair,Resolved,72,29.79,No,None,1,Yes,,No,Service request,User error,EMEA
HD-260305-03240,2026-03-05 16:58,8,,P2,Network,LAN connectivity,Email,Enterprise,Network Ops,Deepak Nair,Pending,8,,No,None,1,No,,No,Service request,Configuration,APAC
HD-260622-03524,2026-06-22 14:57,77,2026-06-24 02:46,P4,VPN & Remote Access,Remote desktop,Email,Mid-Market,Network Ops,Zoya Hussain,Closed,72,35.83,No,None,0,No,5,No,Incident,Software defect,APAC
HD-260303-04067,2026-03-03 17:13,44,2026-03-03 22:01,P2,Printing & Peripherals,Printer offline,Portal,Enterprise,Identity & Access,Zoya Hussain,Resolved,8,4.8,No,None,1,Yes,2,Yes,How-to,Software defect,North America
HD-260715-04070,2026-07-15 20:15,129,2026-07-17 06:54,P4,Performance,High memory,Chat,Enterprise,Identity & Access,Nadia Ali,Resolved,72,34.66,No,None,0,No,,No,Incident,Vendor issue,North America
HD-260731-02045,2026-07-31 16:49,133,2026-08-01 11:59,P3,Email & Collaboration,Distribution list,Chat,Mid-Market,Service Desk L1,Rohan Mehta,Resolved,24,19.17,No,None,0,No,4,No,Service request,Configuration,EMEA
HD-260506-03095,2026-05-06 14:23,143,2026-05-06 19:45,P3,Network,Switch port,Portal,SMB,Network Ops,Zoya Hussain,Resolved,24,5.38,No,None,0,No,4,Yes,Incident,Configuration,APAC
HD-260302-01947,2026-03-02 09:21,342,2026-03-05 00:49,P4,Access & Identity,Permission request,Email,Enterprise,Identity & Access,Farah Latif,Closed,72,63.48,No,None,0,Yes,3,No,Incident,Network condition,EMEA
HD-260424-04308,2026-04-24 11:58,116,2026-04-24 18:11,P3,Access & Identity,MFA issue,Phone,Enterprise,Service Desk L1,Neha Thomas,Resolved,24,6.23,No,None,1,No,3,No,Incident,Capacity,EMEA
HD-260728-01743,2026-07-28 16:26,178,,P3,Cloud & SaaS,Subscription,Phone,Enterprise,Business Apps,Priya Shah,Pending,24,,No,None,0,No,,No,How-to,Access policy,North America
HD-260504-01127,2026-05-04 08:35,102,2026-05-04 14:05,P3,Printing & Peripherals,Scanner,Email,Enterprise,Service Desk L1,Karan Verma,Resolved,24,5.51,No,None,0,Yes,5,No,Service request,User error,APAC
HD-260424-01243,2026-04-24 15:03,328,2026-04-26 02:21,P4,Account Provisioning,Access package,Email,Internal,Identity & Access,Adil Mir,Closed,72,35.3,No,None,0,No,4,No,Incident,Software defect,EMEA
HD-260320-03605,2026-03-20 14:53,108,,P3,Printing & Peripherals,Scanner,Chat,Mid-Market,Identity & Access,Farah Latif,Pending,24,,No,None,1,No,,No,Service request,Software defect,APAC
HD-260527-02865,2026-05-27 10:57,329,2026-05-28 09:15,P4,Software & Applications,Installation,Chat,Mid-Market,Service Desk L1,,Closed,72,22.31,No,None,1,No,4,No,Service request,User error,APAC
HD-260518-01296,2026-05-18 08:55,39,2026-05-18 23:14,P3,Cloud & SaaS,Subscription,Email,Enterprise,Business Apps,Karan Verma,Resolved,24,14.32,No,None,2,No,3,No,Service request,Configuration,North America
HD-260420-02276,2026-04-20 13:01,73,2026-04-21 17:25,P4,Access & Identity,Password reset,Email,Enterprise,Identity & Access,Nadia Ali,Resolved,72,28.41,No,None,0,No,4,No,Access request,Configuration,EMEA
HD-260423-01390,2026-04-23 17:48,34,2026-04-24 03:48,P2,Telephony,Headset,Portal,Enterprise,Network Ops,Deepak Nair,Closed,8,10,Yes,Vendor response,0,No,,No,Incident,Hardware fault,APAC
HD-260504-04541,2026-05-04 17:03,37,2026-05-05 08:50,P4,Account Provisioning,New starter,Portal,Mid-Market,Identity & Access,Farah Latif,Resolved,72,15.79,No,None,0,No,4,No,Performance issue,Access policy,North America
HD-260411-04122,2026-04-11 13:54,115,2026-04-13 20:36,P4,Telephony,Softphone,Phone,Mid-Market,Network Ops,Deepak Nair,Closed,72,54.71,No,None,0,No,3,No,Performance issue,Configuration,North America
HD-260727-02675,2026-07-27 14:40,208,2026-07-29 11:32,P4,Printing & Peripherals,Printer offline,Phone,Enterprise,Endpoint Ops,Karan Verma,Closed,72,44.87,No,None,0,No,4,No,Incident,User error,North America
HD-260515-02934,2026-05-15 14:12,148,2026-05-16 11:40,P3,Network,Wi-Fi,Email,Enterprise,Network Ops,Arjun Bhat,Resolved,24,21.48,No,None,0,No,3,No,Access request,Software defect,APAC
HD-260513-01403,2026-05-13 19:11,87,2026-05-14 08:14,P3,Access & Identity,Password reset,Email,Mid-Market,Identity & Access,Zoya Hussain,Closed,24,13.05,No,None,1,No,4,No,Performance issue,Access policy,North America
HD-260807-01310,2026-08-07 09:55,62,2026-08-07 20:13,P2,Endpoint Security,Malware check,Phone,SMB,Identity & Access,Nadia Ali,Closed,8,10.3,Yes,High queue volume,0,No,3,Yes,Performance issue,Network condition,EMEA
HD-260702-01901,2026-07-02 11:42,36,,P4,VPN & Remote Access,Split tunnel,Email,Mid-Market,Service Desk L2,Arjun Bhat,Pending,72,,No,None,0,No,,No,How-to,Hardware fault,EMEA
HD-260715-03453,2026-07-15 11:10,40,2026-07-15 17:51,P3,Access & Identity,Password reset,Email,SMB,Endpoint Ops,Neha Thomas,Closed,24,6.69,No,None,0,No,4,No,Performance issue,Network condition,EMEA
HD-260512-02420,2026-05-12 20:46,17,2026-05-12 22:32,P1,Account Provisioning,Access package,Email,Mid-Market,Identity & Access,Adil Mir,Resolved,4,1.77,No,None,0,Yes,4,No,How-to,Hardware fault,EMEA
HD-260409-04560,2026-04-09 16:20,45,2026-04-10 11:23,P4,Access & Identity,Permission request,Portal,Mid-Market,Service Desk L1,Imran Dar,Resolved,72,19.06,No,None,1,No,4,No,Service request,Vendor issue,APAC
HD-260512-03511,2026-05-12 17:35,20,2026-05-13 06:35,P3,Telephony,Headset,Chat,Enterprise,Service Desk L2,Vikram Patel,Resolved,24,13.01,No,None,0,No,3,No,How-to,Access policy,EMEA
HD-260605-04436,2026-06-05 16:32,56,2026-06-06 00:22,P3,Account Provisioning,Role change,Email,Enterprise,Endpoint Ops,Sana Rahman,Resolved,24,7.84,No,None,0,No,3,Yes,Service request,Software defect,EMEA
HD-260603-01106,2026-06-03 18:03,49,2026-06-04 01:36,P3,Hardware,Keyboard/Mouse,Portal,Enterprise,Service Desk L2,Arjun Bhat,Resolved,24,7.55,No,None,0,No,4,No,Service request,Access policy,APAC
HD-260430-02263,2026-04-30 13:25,28,2026-05-01 01:49,P3,Cloud & SaaS,Application outage,Portal,Enterprise,Service Desk L1,Rohan Mehta,Resolved,24,12.41,No,None,0,No,,No,Incident,Software defect,APAC
HD-260610-01784,2026-06-10 10:24,18,2026-06-10 14:09,P2,Software & Applications,Application error,Email,SMB,Service Desk L1,Priya Shah,Resolved,8,3.76,No,None,0,Yes,5,No,Incident,Configuration,APAC
HD-260501-03874,2026-05-01 15:58,40,2026-05-01 22:41,P3,Endpoint Security,Malware check,Phone,Enterprise,Identity & Access,Deepak Nair,Resolved,24,6.72,No,None,0,No,3,No,How-to,Capacity,North America
HD-260616-02620,2026-06-16 15:15,38,2026-06-16 22:48,P2,Account Provisioning,Access package,Email,Mid-Market,Identity & Access,Farah Latif,Resolved,8,7.56,No,None,0,No,3,No,Incident,Network condition,APAC
HD-260330-01966,2026-03-30 14:02,165,2026-04-01 15:08,P4,Network,LAN connectivity,Portal,Internal,Network Ops,Zoya Hussain,Resolved,72,49.11,No,None,0,No,,No,Incident,User error,EMEA
HD-260316-01507,2026-03-16 10:42,169,2026-03-16 16:49,P3,Printing & Peripherals,Peripheral setup,Chat,Internal,Business Apps,Priya Shah,Resolved,24,6.12,No,None,1,Yes,4,No,Incident,Configuration,North America
HD-260321-02312,2026-03-21 17:51,103,2026-03-22 08:27,P3,,EDR alert,Email,SMB,Identity & Access,Deepak Nair,Resolved,24,14.6,No,None,0,No,,Yes,Service request,Vendor issue,North America
HD-260421-02175,2026-04-21 10:00,147,2026-04-21 15:38,P3,Endpoint Security,Malware check,Portal,Enterprise,Service Desk L1,Aisha Khan,Resolved,24,5.64,No,None,1,No,3,No,Incident,Configuration,EMEA
HD-260505-01510,2026-05-05 16:55,293,2026-05-06 15:46,P4,VPN & Remote Access,Split tunnel,Email,SMB,Service Desk L2,Arjun Bhat,Resolved,72,22.85,No,None,0,No,3,No,Incident,Configuration,APAC
HD-260729-02358,2026-07-29 13:04,125,2026-07-30 17:16,P4,Performance,High memory,Email,SMB,Service Desk L2,Vikram Patel,Closed,72,28.21,No,None,0,No,5,Yes,How-to,Configuration,EMEA
HD-260508-03849,2026-05-08 20:42,260,2026-05-10 08:10,P4,Access & Identity,Password reset,Chat,Enterprise,Endpoint Ops,Karan Verma,Closed,72,35.48,No,None,0,No,,No,Incident,User error,North America
HD-260629-01571,2026-06-29 16:29,36,2026-06-30 01:08,P3,Network,Wi-Fi,Phone,Mid-Market,Network Ops,Arjun Bhat,Resolved,24,8.65,No,None,1,No,,No,Access request,Vendor issue,North America
HD-260806-03472,2026-08-06 17:19,18,2026-08-07 00:31,P3,Cloud & SaaS,Integration,Phone,Enterprise,Service Desk L2,Arjun Bhat,Resolved,24,7.2,No,None,0,No,,No,Service request,Unknown,North America
HD-260727-04552,2026-07-27 12:50,44,2026-07-28 01:03,P3,Hardware,Monitor,Portal,SMB,Service Desk L1,Rohan Mehta,Resolved,24,12.23,No,None,0,No,4,No,Access request,User error,North America
HD-260706-02812,2026-07-06 09:18,125,2026-07-06 16:18,P3,Performance,High memory,Phone,Mid-Market,Business Apps,Priya Shah,Resolved,24,7,No,None,1,No,4,No,Service request,Access policy,North America
HD-260803-02699,2026-08-03 11:29,91,2026-08-04 04:51,P3,Cloud & SaaS,SSO,Portal,Mid-Market,Service Desk L2,Arjun Bhat,Closed,24,17.38,No,None,0,No,3,No,Service request,Access policy,EMEA
HD-260303-03923,2026-03-03 15:07,56,2026-03-04 07:53,P3,Software & Applications,License,Portal,Mid-Market,Business Apps,Neha Thomas,Closed,24,16.77,No,None,0,No,2,No,Incident,Unknown,APAC
HD-260825-03904,2026-08-25 21:11,216,,P4,Software & Applications,License,Portal,Mid-Market,Business Apps,Sana Rahman,Open,72,,No,None,1,No,,No,Service request,Software defect,APAC
HD-260610-03030,2026-06-10 08:25,306,,P4,Cloud & SaaS,Integration,Chat,Mid-Market,Business Apps,Imran Dar,Pending,72,,No,None,0,No,,No,Incident,Hardware fault,APAC
HD-260610-03756,2026-06-10 12:55,112,2026-06-11 04:20,P3,Endpoint Security,Device compliance,Email,Enterprise,Identity & Access,Deepak Nair,Closed,24,15.43,No,None,0,No,3,No,Access request,Hardware fault,North America
HD-260715-04258,2026-07-15 21:34,150,2026-07-16 08:05,P3,Software & Applications,Application error,Portal,Mid-Market,Service Desk L2,Meera Joseph,Closed,24,10.53,No,None,0,No,4,Yes,How-to,Access policy,North America
HD-260319-03962,2026-03-19 09:50,93,2026-03-20 19:11,P4,Telephony,Headset,Email,Mid-Market,Service Desk L2,Sana Rahman,Resolved,72,33.36,No,None,0,No,4,No,Incident,Hardware fault,EMEA
HD-260722-04406,2026-07-22 16:20,82,2026-07-23 19:18,P4,Account Provisioning,Access package,Portal,Enterprise,Service Desk L1,Rohan Mehta,Resolved,72,26.98,No,None,0,Yes,5,No,Incident,Software defect,APAC
HD-260828-04148,2026-08-28 11:12,222,,P4,Hardware,Monitor,Phone,Mid-Market,Network Ops,Deepak Nair,Pending,72,,No,None,1,No,,Yes,Service request,Configuration,EMEA
HD-260303-02388,2026-03-03 14:34,275,2026-03-05 10:46,P4,Email & Collaboration,Calendar,Chat,Mid-Market,Network Ops,Deepak Nair,Resolved,72,44.21,No,None,0,No,4,No,Service request,Vendor issue,EMEA
HD-260825-01560,2026-08-25 10:40,59,2026-08-26 00:37,P3,Account Provisioning,Role change,Portal,Mid-Market,Service Desk L1,Neha Thomas,Closed,24,13.95,No,None,0,No,2,No,Service request,Vendor issue,North America
HD-260317-02558,2026-03-17 11:41,105,2026-03-19 07:53,P4,Account Provisioning,New starter,Chat,Mid-Market,Identity & Access,Farah Latif,Closed,72,44.2,No,None,0,No,3,No,Incident,Hardware fault,APAC
HD-260722-03444,2026-07-22 09:13,113,2026-07-23 02:07,P3,Printing & Peripherals,Print queue,Portal,SMB,Network Ops,Arjun Bhat,Resolved,24,16.91,No,None,1,No,3,No,Incident,Vendor issue,EMEA
HD-260618-04396,2026-06-18 16:25,65,2026-06-18 22:02,P2,Endpoint Security,EDR alert,Phone,Mid-Market,Identity & Access,Adil Mir,Resolved,8,5.62,No,None,0,Yes,4,No,Incident,User error,EMEA
HD-260420-03732,2026-04-20 10:22,49,2026-04-20 15:53,P3,Account Provisioning,Access package,Phone,Internal,Endpoint Ops,Neha Thomas,Resolved,24,5.52,No,None,1,No,3,No,Performance issue,Unknown,EMEA
HD-260831-04146,2026-08-31 11:07,78,2026-08-31 18:18,P3,Network,Switch port,Email,Mid-Market,Network Ops,Zoya Hussain,Closed,24,7.19,No,None,0,No,4,No,Access request,Capacity,APAC
HD-260805-01237,2026-08-05 16:40,129,2026-08-06 09:47,P3,Email & Collaboration,Mailbox,Chat,Enterprise,Service Desk L1,Imran Dar,Resolved,24,17.13,No,None,0,No,3,No,Incident,Capacity,EMEA
HD-260526-01914,2026-05-26 09:30,142,2026-05-26 15:16,P3,Endpoint Security,Device compliance,Email,Enterprise,Identity & Access,Nadia Ali,Resolved,24,5.78,No,None,1,No,4,No,Performance issue,Network condition,North America
HD-260316-01992,2026-03-16 12:30,315,2026-03-17 19:02,P4,Printing & Peripherals,Print queue,Email,Internal,Business Apps,Karan Verma,Resolved,72,30.54,No,None,0,No,4,Yes,Performance issue,User error,North America
HD-260824-02394,2026-08-24 11:35,352,2026-08-26 14:42,P4,VPN & Remote Access,VPN disconnect,Chat,Mid-Market,Network Ops,Arjun Bhat,Resolved,72,51.12,No,None,1,No,3,Yes,Performance issue,Configuration,North America
HD-260304-03130,2026-03-04 14:03,163,2026-03-05 02:15,P3,Endpoint Security,EDR alert,Email,Mid-Market,Endpoint Ops,Sana Rahman,Resolved,24,12.21,No,None,0,No,5,No,Incident,Configuration,APAC
HD-260602-02285,2026-06-02 15:10,43,2026-06-02 17:39,P2,Performance,High memory,Email,SMB,Endpoint Ops,Sana Rahman,Resolved,8,2.49,No,None,0,No,5,No,How-to,Configuration,EMEA
HD-260724-03744,2026-07-24 15:12,73,2026-07-27 04:23,P4,Access & Identity,Account locked,Email,Enterprise,Identity & Access,Deepak Nair,Closed,72,61.19,No,None,0,No,3,No,Incident,Network condition,North America
HD-260701-02510,2026-07-01 10:32,163,2026-07-01 19:20,P3,VPN & Remote Access,VPN login,Portal,Internal,Service Desk L2,Arjun Bhat,Resolved,24,8.8,No,None,0,No,5,No,Service request,Software defect,North America
HD-260813-04290,2026-08-13 11:23,138,2026-08-13 18:38,P3,Cloud & SaaS,Application outage,Phone,Enterprise,Service Desk L2,Arjun Bhat,Resolved,24,7.25,No,None,0,No,4,No,Incident,Configuration,North America
HD-260417-01806,2026-04-17 15:22,194,2026-04-18 05:43,P4,Software & Applications,Installation,Portal,SMB,Business Apps,Priya Shah,Resolved,72,14.36,No,None,0,No,,No,Service request,Software defect,EMEA
HD-260803-04304,2026-08-03 11:05,61,2026-08-03 20:07,P2,Access & Identity,Password reset,Chat,SMB,Identity & Access,Adil Mir,Resolved,8,9.04,Yes,Vendor response,2,No,3,No,Incident,Hardware fault,North America
HD-260420-02659,2026-04-20 16:24,88,2026-04-21 01:57,P3,Network,LAN connectivity,Chat,Mid-Market,Network Ops,Zoya Hussain,Resolved,24,9.55,No,None,0,No,5,No,Access request,Vendor issue,North America
HD-260709-03838,2026-07-09 13:06,28,2026-07-10 03:43,P3,Account Provisioning,Role change,Chat,Enterprise,Identity & Access,Nadia Ali,Closed,24,14.62,No,None,0,No,3,No,Access request,Network condition,APAC
HD-260427-02204,2026-04-27 09:54,18,2026-04-27 18:30,P2,Network,DNS/DHCP,Chat,SMB,Network Ops,Arjun Bhat,Closed,8,8.61,Yes,Escalation delay,0,No,4,No,How-to,User error,North America
HD-260418-04540,2026-04-18 18:37,129,2026-04-19 11:16,P4,Performance,Disk space,Portal,Mid-Market,Service Desk L1,Rohan Mehta,Closed,72,16.66,No,None,1,No,4,Yes,Service request,Unknown,APAC
HD-260429-04528,2026-04-29 14:59,60,2026-04-30 06:38,P3,Account Provisioning,New starter,Chat,Enterprise,Service Desk L1,Aisha Khan,Closed,24,15.65,No,None,0,No,,No,Service request,Software defect,EMEA
HD-260302-03125,2026-03-02 15:04,62,2026-03-03 14:34,P3,VPN & Remote Access,Split tunnel,Email,Internal,Network Ops,Farah Latif,Closed,24,23.5,No,None,0,No,3,No,Incident,Access policy,APAC
HD-260624-01423,2026-06-24 14:28,163,2026-06-25 13:10,P3,Performance,Disk space,Email,Internal,Service Desk L1,Neha Thomas,Resolved,24,22.7,No,None,0,No,3,No,Performance issue,Software defect,North America
HD-260512-04058,2026-05-12 12:06,264,2026-05-14 16:26,P4,Email & Collaboration,Teams/Meetings,Portal,Internal,Service Desk L1,Karan Verma,Closed,72,52.34,No,None,0,No,4,No,Service request,Configuration,EMEA
HD-260418-03546,2026-04-18 09:46,138,,P3,Printing & Peripherals,Peripheral setup,Portal,SMB,Service Desk L2,Arjun Bhat,Open,24,,No,None,0,No,,No,Incident,User error,North America
HD-260612-02384,2026-06-12 10:10,16,2026-06-12 14:07,P2,Hardware,Laptop,Email,Internal,Service Desk L1,Imran Dar,Resolved,8,3.96,No,None,0,No,4,Yes,Service request,Software defect,EMEA
HD-260618-01974,2026-06-18 10:16,65,2026-06-18 12:28,P2,Access & Identity,Permission request,Portal,SMB,Identity & Access,Nadia Ali,Resolved,8,2.21,No,None,0,Yes,4,No,Access request,Access policy,North America
HD-260330-03015,2026-03-30 10:09,130,2026-03-30 21:11,P3,VPN & Remote Access,VPN login,Chat,Mid-Market,Service Desk L2,Sana Rahman,Resolved,24,11.04,No,None,1,No,,No,How-to,User error,EMEA
HD-260821-01082,2026-08-21 09:51,156,,P3,Network,Switch port,Portal,Enterprise,Network Ops,Deepak Nair,Pending,24,,No,None,1,No,,No,How-to,Network condition,EMEA
HD-260306-02937,2026-03-06 19:18,135,2026-03-07 09:38,P4,Access & Identity,MFA issue,Portal,Enterprise,Identity & Access,Deepak Nair,Closed,72,14.34,No,None,0,No,,No,Performance issue,Capacity,APAC
HD-260511-01399,2026-05-11 18:35,175,2026-05-12 05:33,P3,Email & Collaboration,Calendar,Phone,Enterprise,Service Desk L1,Karan Verma,Closed,24,10.98,No,None,0,No,4,No,Service request,Configuration,North America
HD-260518-03562,2026-05-18 11:45,138,2026-05-18 17:48,P3,Endpoint Security,Malware check,Email,Mid-Market,Identity & Access,Zoya Hussain,Resolved,24,6.06,No,None,0,No,5,No,Incident,Network condition,APAC
HD-260327-01108,2026-03-27 16:10,19,2026-03-28 05:02,P3,Endpoint Security,EDR alert,Portal,Enterprise,Identity & Access,Farah Latif,Resolved,24,12.88,No,None,1,No,3,No,Incident,Capacity,EMEA
HD-260611-04481,2026-06-11 11:30,108,2026-06-12 07:52,P3,Account Provisioning,New starter,Phone,SMB,Service Desk L1,Priya Shah,Resolved,24,20.37,No,None,0,No,3,No,Performance issue,User error,North America
HD-260407-01659,2026-04-07 11:12,197,2026-04-10 04:48,P4,Hardware,Laptop,Portal,Mid-Market,Endpoint Ops,Neha Thomas,Resolved,72,65.6,No,None,0,No,3,No,Service request,Network condition,APAC
HD-260527-04337,2026-05-27 15:37,171,2026-05-30 07:29,P4,Access & Identity,Password reset,Portal,Internal,Service Desk L1,Karan Verma,Closed,72,63.88,No,None,0,No,,No,Incident,User error,EMEA
HD-260624-04151,2026-06-24 15:26,9,2026-06-24 20:51,P2,Performance,Slow device,Email,Enterprise,Service Desk L1,Priya Shah,Resolved,8,5.43,No,None,0,No,3,No,Service request,Network condition,APAC
HD-260407-01636,2026-04-07 15:21,50,2026-04-07 21:01,P3,Telephony,Extension,Portal,Internal,Service Desk L2,Meera Joseph,Closed,24,5.67,No,None,0,No,4,Yes,Service request,Network condition,EMEA
HD-260721-03413,2026-07-21 09:30,88,,P4,Telephony,Softphone,Chat,Internal,Service Desk L2,Arjun Bhat,Open,72,,No,None,0,No,,No,Access request,Configuration,North America
HD-260401-03199,2026-04-01 10:32,39,2026-04-01 15:50,P3,Printing & Peripherals,Print queue,Email,SMB,Network Ops,Deepak Nair,Closed,24,5.3,No,None,0,No,4,Yes,Service request,Capacity,North America
HD-260831-03881,2026-08-31 14:51,38,2026-08-31 21:08,P3,Access & Identity,Password reset,Chat,SMB,Endpoint Ops,Neha Thomas,Resolved,24,6.29,No,None,2,No,4,No,Incident,Configuration,EMEA
HD-260826-03722,2026-08-26 16:47,97,2026-08-27 00:20,P3,Email & Collaboration,Distribution list,Portal,Mid-Market,Endpoint Ops,Neha Thomas,Resolved,24,7.56,No,None,0,No,4,Yes,Incident,Access policy,North America
HD-260831-01369,2026-08-31 10:44,18,,P3,VPN & Remote Access,Remote desktop,Email,SMB,Network Ops,Farah Latif,Open,24,,No,None,1,No,,Yes,Incident,Capacity,APAC
HD-260819-04076,2026-08-19 12:01,15,2026-08-19 21:31,P3,Software & Applications,Application error,Email,Enterprise,Business Apps,Neha Thomas,Resolved,24,9.51,No,None,1,No,5,No,Incident,Hardware fault,North America
HD-260309-02757,2026-03-09 10:47,100,2026-03-09 16:12,P3,VPN & Remote Access,Remote desktop,Chat,Internal,Network Ops,Zoya Hussain,Resolved,24,5.43,No,None,0,No,3,No,How-to,Configuration,APAC
HD-260323-02300,2026-03-23 13:50,127,2026-03-25 07:12,P4,Endpoint Security,Device compliance,Phone,Mid-Market,Identity & Access,Adil Mir,Resolved,72,41.37,No,None,1,No,5,No,Incident,Access policy,North America
HD-260323-01501,2026-03-23 10:26,18,2026-03-23 15:37,P2,Telephony,Softphone,Portal,SMB,Network Ops,Deepak Nair,Closed,8,5.19,No,None,0,No,4,No,Incident,Access policy,APAC
HD-260710-02725,2026-07-10 09:27,225,,P4,,Account locked,Phone,SMB,Identity & Access,Farah Latif,Open,72,,No,None,1,No,,No,Incident,Configuration,EMEA
HD-260312-04108,2026-03-12 13:07,152,2026-03-13 09:29,P3,Software & Applications,License,Phone,SMB,Service Desk L2,Sana Rahman,Closed,24,20.38,No,None,1,No,4,No,Incident,Network condition,EMEA
HD-260318-01302,2026-03-18 14:36,45,2026-03-18 21:07,P3,Performance,High CPU,Portal,Mid-Market,Business Apps,Karan Verma,Resolved,24,6.53,No,None,1,No,4,No,Incident,Configuration,EMEA
HD-260720-03526,2026-07-20 16:26,336,2026-07-21 15:22,P4,Printing & Peripherals,Scanner,Phone,Mid-Market,Service Desk L1,Imran Dar,Resolved,72,22.94,No,None,0,Yes,3,No,Incident,Access policy,North America
HD-260627-01941,2026-06-27 10:38,165,2026-06-27 19:10,P3,Cloud & SaaS,Integration,Portal,Mid-Market,Service Desk L2,Sana Rahman,Closed,24,8.54,No,None,0,No,4,No,Incident,User error,North America
HD-260521-03298,2026-05-21 12:12,89,,P3,Email & Collaboration,Teams/Meetings,Phone,Enterprise,Service Desk L1,Priya Shah,Pending,24,,No,None,0,No,,No,Incident,Network condition,EMEA
HD-260811-01751,2026-08-11 09:13,158,,P3,Email & Collaboration,Teams/Meetings,Portal,Mid-Market,Service Desk L2,Arjun Bhat,Open,24,,No,None,0,No,,No,Incident,Access policy,North America
HD-260729-01538,2026-07-29 16:48,174,2026-07-30 10:32,P3,Telephony,Softphone,Email,Enterprise,Service Desk L2,Arjun Bhat,Closed,24,17.74,No,None,1,No,4,No,Incident,User error,EMEA
HD-260526-02521,2026-05-26 09:35,49,2026-05-27 14:03,P4,Performance,High CPU,Email,SMB,Service Desk L2,Sana Rahman,Resolved,72,28.47,No,None,3,Yes,5,No,Service request,Configuration,APAC
HD-260309-02193,2026-03-09 15:52,122,2026-03-10 07:08,P4,Printing & Peripherals,Scanner,Chat,Enterprise,Identity & Access,Deepak Nair,Resolved,72,15.27,No,None,0,No,,No,Incident,Network condition,North America
HD-260715-03640,2026-07-15 14:06,17,2026-07-16 05:09,P3,Performance,Slow device,Phone,Internal,Service Desk L1,Imran Dar,Closed,24,15.05,No,None,0,No,4,No,Access request,User error,APAC
HD-260319-03238,2026-03-19 13:50,19,2026-03-19 17:32,P2,Network,Wi-Fi,Email,SMB,Network Ops,Deepak Nair,Closed,8,3.71,No,None,1,Yes,4,Yes,Service request,Software defect,EMEA
HD-260527-02234,2026-05-27 16:13,51,2026-05-28 01:13,P2,Printing & Peripherals,Printer offline,Email,Internal,Endpoint Ops,Sana Rahman,Resolved,8,9.01,Yes,After-hours coverage,0,No,,No,Access request,Access policy,North America
HD-260303-03194,2026-03-03 15:41,341,2026-03-04 11:34,P4,VPN & Remote Access,Split tunnel,Portal,Mid-Market,Network Ops,Arjun Bhat,Closed,72,19.89,No,None,0,No,5,No,Service request,Hardware fault,APAC
HD-260605-03759,2026-06-05 18:05,101,2026-06-06 08:40,P4,Hardware,Laptop,Portal,Internal,Network Ops,Deepak Nair,Resolved,72,14.59,No,None,1,No,5,No,How-to,Software defect,EMEA
HD-260709-02553,2026-07-09 17:47,48,2026-07-09 20:15,P2,Endpoint Security,Device compliance,Email,Mid-Market,Identity & Access,Farah Latif,Resolved,8,2.47,No,None,1,No,4,No,Service request,Hardware fault,EMEA
HD-260714-03234,2026-07-14 21:01,110,2026-07-15 14:10,P4,Access & Identity,MFA issue,Phone,SMB,Identity & Access,Deepak Nair,Closed,72,17.15,No,None,0,No,3,No,Incident,Access policy,EMEA
HD-260327-04011,2026-03-27 12:34,152,2026-03-27 19:43,P3,Cloud & SaaS,SSO,Phone,Enterprise,Service Desk L2,Sana Rahman,Resolved,24,7.16,No,None,0,No,3,No,Service request,Configuration,EMEA
HD-260513-01837,2026-05-13 08:16,139,2026-05-14 05:27,P3,VPN & Remote Access,Split tunnel,Chat,Mid-Market,Network Ops,Arjun Bhat,Resolved,24,21.19,No,None,1,No,4,No,Performance issue,Configuration,North America
HD-260430-02474,2026-04-30 14:45,138,2026-04-30 20:22,P3,Telephony,Headset,Chat,Enterprise,Service Desk L2,Sana Rahman,Resolved,24,5.63,No,None,0,No,4,No,How-to,Access policy,EMEA
HD-260708-04536,2026-07-08 12:46,252,,P4,Cloud & SaaS,SSO,Email,Enterprise,Service Desk L1,Priya Shah,Pending,72,,No,None,1,No,,No,Service request,Software defect,APAC
HD-260509-03236,2026-05-09 09:57,49,,P3,Telephony,Softphone,Portal,Enterprise,Network Ops,Arjun Bhat,Pending,24,,No,None,0,No,,No,Incident,Network condition,EMEA
HD-260604-04480,2026-06-04 13:28,60,2026-06-04 20:39,P3,Performance,High memory,Email,Enterprise,Service Desk L1,Rohan Mehta,Closed,24,7.19,No,None,0,Yes,4,No,Incident,Access policy,EMEA
HD-260310-04537,2026-03-10 15:47,111,2026-03-11 06:26,P3,Email & Collaboration,Teams/Meetings,Email,Mid-Market,Service Desk L1,Rohan Mehta,Resolved,24,14.65,No,None,2,No,4,No,How-to,Software defect,North America
HD-260729-01711,2026-07-29 09:49,356,2026-07-30 06:03,P4,Email & Collaboration,Mailbox,Chat,Mid-Market,Business Apps,Priya Shah,Closed,72,20.24,No,None,1,Yes,5,No,Incident,Configuration,North America
HD-260323-03373,2026-03-23 12:51,19,,P3,Hardware,Monitor,Email,Mid-Market,Service Desk L2,Vikram Patel,Pending,24,,No,None,1,No,,No,Access request,Unknown,APAC
HD-260720-01997,2026-07-20 11:52,15,2026-07-20 18:20,P3,Telephony,Extension,Email,SMB,Service Desk L2,Arjun Bhat,Resolved,24,6.47,No,None,0,Yes,5,No,Incident,Configuration,EMEA
HD-260505-03336,2026-05-05 12:05,43,2026-05-05 18:14,P2,Cloud & SaaS,SSO,Phone,Enterprise,Service Desk L1,Karan Verma,Resolved,8,6.15,No,None,0,No,4,No,Incident,Hardware fault,APAC
HD-260410-01526,2026-04-10 14:04,35,2026-04-10 19:44,P3,Cloud & SaaS,Subscription,Chat,Mid-Market,Service Desk L1,Priya Shah,Resolved,24,5.68,No,None,0,No,4,No,Access request,User error,North America
HD-260530-04439,2026-05-30 18:35,92,2026-05-31 08:57,P3,Printing & Peripherals,Printer offline,Chat,Internal,Business Apps,Neha Thomas,Resolved,24,14.38,No,None,3,No,4,No,Incident,Hardware fault,APAC
HD-260722-02105,2026-07-22 11:45,39,2026-07-22 18:49,P3,,Device compliance,Chat,Enterprise,Endpoint Ops,Neha Thomas,Resolved,24,7.08,No,None,0,No,5,No,Service request,Software defect,EMEA
HD-260804-02243,2026-08-04 18:15,126,2026-08-05 14:56,P3,Account Provisioning,Offboarding,Portal,Mid-Market,Service Desk L1,Karan Verma,Closed,24,20.69,No,None,0,No,3,No,Access request,Hardware fault,APAC
HD-260525-01464,2026-05-25 09:51,75,,P3,Access & Identity,Password reset,Portal,Enterprise,Identity & Access,Farah Latif,Open,24,,No,None,0,No,,No,How-to,Hardware fault,North America
HD-260528-02282,2026-05-28 18:03,9,2026-05-28 21:24,P2,Cloud & SaaS,SSO,Email,SMB,Service Desk L2,Vikram Patel,Resolved,8,3.35,No,None,0,No,4,No,Incident,Vendor issue,EMEA
HD-260525-02903,2026-05-25 10:44,118,2026-05-26 06:02,P3,Access & Identity,Account locked,Chat,Internal,Identity & Access,Farah Latif,Closed,24,19.3,No,None,0,No,3,No,Incident,User error,EMEA
HD-260611-04247,2026-06-11 08:30,76,2026-06-11 22:47,P3,Telephony,Extension,Portal,Mid-Market,Service Desk L2,Meera Joseph,Resolved,24,14.29,No,None,0,No,2,No,Incident,Configuration,North America
HD-260526-02835,2026-05-26 10:21,343,2026-05-28 19:34,P4,Printing & Peripherals,Peripheral setup,Email,Mid-Market,Service Desk L1,Rohan Mehta,Closed,72,57.22,No,None,0,No,3,No,Access request,Configuration,North America
HD-260729-02629,2026-07-29 16:03,91,2026-07-30 01:40,P3,Email & Collaboration,Teams/Meetings,Chat,SMB,Endpoint Ops,Sana Rahman,Resolved,24,9.63,No,None,1,No,4,No,How-to,Network condition,North America
HD-260624-02066,2026-06-24 14:28,50,2026-06-24 17:40,P2,Cloud & SaaS,SSO,Portal,Enterprise,Business Apps,Neha Thomas,Resolved,8,3.2,No,None,0,No,4,No,Service request,Capacity,North America
HD-260402-01567,2026-04-02 13:51,57,2026-04-03 04:38,P3,Network,LAN connectivity,Chat,Enterprise,Network Ops,Farah Latif,Resolved,24,14.79,No,None,0,No,,No,Service request,Network condition,EMEA
HD-260611-03980,2026-06-11 17:34,194,2026-06-13 13:41,P4,Network,Wi-Fi,Email,Mid-Market,Network Ops,Arjun Bhat,Resolved,72,44.12,No,None,1,No,,No,How-to,Software defect,North America
HD-260402-02946,2026-04-02 10:23,41,2026-04-03 01:12,P3,Endpoint Security,Malware check,Email,Mid-Market,Service Desk L1,Karan Verma,Closed,24,14.82,No,None,2,No,3,No,How-to,Hardware fault,APAC
HD-260511-04000,2026-05-11 16:31,72,2026-05-12 06:47,P4,Access & Identity,MFA issue,Email,Internal,Service Desk L1,Imran Dar,Resolved,72,14.28,No,None,0,No,4,Yes,Performance issue,Network condition,North America
HD-260430-02125,2026-04-30 09:16,29,2026-04-30 13:35,P2,Access & Identity,Account locked,Chat,SMB,Identity & Access,Zoya Hussain,Resolved,8,4.32,No,None,1,Yes,4,No,Access request,Software defect,APAC
HD-260501-03027,2026-05-01 08:06,57,2026-05-02 04:03,P3,VPN & Remote Access,Split tunnel,Email,SMB,Service Desk L2,Vikram Patel,Closed,24,19.96,No,None,0,No,2,No,Access request,Capacity,APAC
HD-260326-01704,2026-03-26 11:18,49,2026-03-27 09:39,P3,Software & Applications,Installation,Chat,SMB,Business Apps,Sana Rahman,Resolved,24,22.35,No,None,2,No,4,No,Incident,Network condition,North America
HD-260318-03464,2026-03-18 08:29,115,2026-03-18 14:23,P3,Access & Identity,Account locked,Phone,Internal,Service Desk L1,Imran Dar,Resolved,24,5.9,No,None,1,No,4,No,Service request,Access policy,EMEA
HD-260513-01788,2026-05-13 16:05,106,2026-05-13 23:21,P3,Hardware,Keyboard/Mouse,Portal,Enterprise,Service Desk L2,Sana Rahman,Closed,24,7.28,No,None,0,No,5,No,Incident,Capacity,EMEA
HD-260625-02119,2026-06-25 11:17,48,2026-06-25 15:12,P2,Software & Applications,Application error,Email,Mid-Market,Business Apps,Sana Rahman,Resolved,8,3.93,No,None,0,No,,No,Service request,Capacity,EMEA
HD-260522-02951,2026-05-22 18:58,199,2026-05-25 00:01,P4,Telephony,Headset,Email,Internal,Network Ops,Arjun Bhat,Closed,72,53.05,No,None,0,No,,No,Incident,Network condition,APAC
HD-260608-04530,2026-06-08 09:42,16,2026-06-09 00:12,P3,Network,Wi-Fi,Portal,Enterprise,Network Ops,Farah Latif,Resolved,24,14.51,No,None,1,No,4,No,Performance issue,Vendor issue,EMEA
HD-260528-04595,2026-05-28 14:28,105,2026-05-29 12:53,P3,Network,LAN connectivity,Email,Mid-Market,Service Desk L2,Vikram Patel,Resolved,24,22.42,No,None,1,No,3,Yes,Performance issue,Hardware fault,EMEA
HD-260620-03567,2026-06-20 11:58,69,2026-06-22 03:57,P4,Telephony,Extension,Portal,Mid-Market,Network Ops,Deepak Nair,Closed,72,39.99,No,None,0,No,4,No,Incident,Network condition,EMEA
HD-260529-01948,2026-05-29 18:49,340,2026-06-01 00:20,P4,Email & Collaboration,Calendar,Chat,Enterprise,Identity & Access,Nadia Ali,Resolved,72,53.53,No,None,2,No,3,No,Service request,User error,EMEA
HD-260624-04038,2026-06-24 11:19,156,2026-06-25 06:24,P3,Hardware,Docking station,Portal,Mid-Market,Service Desk L2,Vikram Patel,Resolved,24,19.09,No,None,1,No,3,Yes,Service request,Access policy,North America
HD-260519-02044,2026-05-19 14:05,39,2026-05-19 22:06,P2,Telephony,Extension,Email,Enterprise,Service Desk L2,Vikram Patel,Resolved,8,8.02,Yes,Escalation delay,1,No,3,No,Service request,Software defect,North America
HD-260607-01166,2026-06-07 12:55,277,2026-06-08 03:19,P4,Account Provisioning,Access package,Email,Internal,Service Desk L1,Rohan Mehta,Closed,72,14.41,No,None,0,No,4,No,How-to,Network condition,EMEA
HD-260611-02472,2026-06-11 16:30,223,2026-06-13 05:42,P4,Telephony,Headset,Portal,Enterprise,Service Desk L2,Sana Rahman,Resolved,72,37.2,No,None,0,No,4,No,How-to,Configuration,North America
HD-260707-04362,2026-07-07 12:39,7,2026-07-07 13:58,P1,Hardware,Laptop,Portal,Internal,Service Desk L1,Imran Dar,Closed,4,1.32,No,None,0,No,4,Yes,Access request,Unknown,North America
HD-260513-01474,2026-05-13 13:18,11,2026-05-13 16:21,P2,Cloud & SaaS,Integration,Chat,SMB,Service Desk L1,Karan Verma,Resolved,8,3.06,No,None,1,No,4,No,Incident,Vendor issue,EMEA
HD-260811-01366,2026-08-11 12:29,159,2026-08-11 20:05,P3,Email & Collaboration,Calendar,Email,SMB,Service Desk L1,Aisha Khan,Resolved,24,7.6,No,None,0,No,4,No,Incident,User error,APAC
HD-260601-01177,2026-06-01 17:29,82,2026-06-02 21:05,P4,Endpoint Security,Malware check,Email,SMB,Identity & Access,Zoya Hussain,Resolved,72,27.6,No,None,0,No,,No,Incident,Access policy,APAC
HD-260317-02457,2026-03-17 13:58,56,2026-03-17 20:37,P2,Printing & Peripherals,Peripheral setup,Chat,Mid-Market,Service Desk L2,Arjun Bhat,Resolved,8,6.65,No,None,0,No,4,No,How-to,Hardware fault,APAC
HD-260608-03252,2026-06-08 13:19,293,2026-06-09 23:00,P4,Access & Identity,MFA issue,Chat,Mid-Market,Identity & Access,Deepak Nair,Resolved,72,33.69,No,None,0,No,4,No,Service request,Configuration,EMEA
HD-260821-02035,2026-08-21 08:18,245,2026-08-23 17:27,P4,Telephony,Extension,Chat,SMB,Network Ops,Farah Latif,Resolved,72,57.15,No,None,0,No,4,No,Service request,Vendor issue,APAC
HD-260720-04080,2026-07-20 16:41,67,2026-07-21 16:36,P3,Printing & Peripherals,Print queue,Portal,SMB,Business Apps,Priya Shah,Resolved,24,23.93,No,None,0,No,4,Yes,Service request,User error,APAC
HD-260630-04517,2026-06-30 14:43,32,2026-07-01 11:07,P4,Printing & Peripherals,Scanner,Email,SMB,Endpoint Ops,Neha Thomas,Closed,72,20.4,No,None,0,No,5,No,Access request,Unknown,APAC
HD-260623-02347,2026-06-23 10:43,58,,P3,Software & Applications,Application error,Phone,Internal,Business Apps,Karan Verma,Open,24,,No,None,0,No,,No,Access request,Software defect,APAC
HD-260726-01030,2026-07-26 12:38,112,2026-07-27 05:35,P4,Email & Collaboration,Distribution list,Email,Mid-Market,Service Desk L2,Arjun Bhat,Resolved,72,16.95,No,None,1,No,4,No,Access request,Configuration,EMEA
HD-260623-02894,2026-06-23 12:00,136,,P4,Email & Collaboration,Teams/Meetings,Portal,SMB,Identity & Access,Nadia Ali,Pending,72,,No,None,1,No,,No,Incident,Access policy,North America
HD-260714-03335,2026-07-14 12:57,18,2026-07-14 16:48,P1,Telephony,Softphone,Email,SMB,Service Desk L2,Meera Joseph,Resolved,4,3.85,No,None,0,Yes,3,No,Service request,Access policy,North America
HD-260706-02627,2026-07-06 13:59,73,2026-07-07 08:15,P3,Software & Applications,Installation,Portal,Internal,Service Desk L1,Rohan Mehta,Resolved,24,18.28,No,None,0,No,3,No,Performance issue,Vendor issue,North America
HD-260316-02821,2026-03-16 21:54,167,2026-03-17 05:06,P3,Printing & Peripherals,Printer offline,Chat,Mid-Market,Business Apps,Priya Shah,Closed,24,7.2,No,None,0,No,4,No,Incident,Hardware fault,APAC
HD-260824-03149,2026-08-24 21:26,16,2026-08-24 22:48,P1,Telephony,Headset,Portal,Internal,Network Ops,Arjun Bhat,Resolved,4,1.37,No,None,1,No,3,No,Service request,Capacity,EMEA
HD-260521-02885,2026-05-21 17:58,17,2026-05-21 23:18,P3,Access & Identity,Permission request,Email,Enterprise,Endpoint Ops,Neha Thomas,Resolved,24,5.34,No,None,0,No,4,Yes,Incident,User error,EMEA
HD-260327-02830,2026-03-27 18:26,123,2026-03-28 06:33,P3,Hardware,Keyboard/Mouse,Email,SMB,Endpoint Ops,Neha Thomas,Resolved,24,12.12,No,None,3,No,5,Yes,Performance issue,Hardware fault,North America
HD-260604-01903,2026-06-04 10:03,124,2026-06-04 15:21,P3,Software & Applications,License,Chat,Internal,Service Desk L2,Meera Joseph,Resolved,24,5.3,No,None,0,No,5,No,How-to,Capacity,North America
HD-260521-04311,2026-05-21 19:31,116,2026-05-22 12:44,P3,Performance,Disk space,Email,Mid-Market,Service Desk L1,Neha Thomas,Resolved,24,17.23,No,None,0,No,3,No,Service request,Hardware fault,APAC
HD-260626-04169,2026-06-26 16:35,164,2026-06-27 06:44,P3,Hardware,Laptop,Chat,Internal,Network Ops,Zoya Hussain,Resolved,24,14.16,No,None,0,No,4,No,Incident,Capacity,APAC
HD-260717-01358,2026-07-17 11:23,29,2026-07-17 21:26,P2,Cloud & SaaS,Subscription,Portal,Mid-Market,Business Apps,Sana Rahman,Resolved,8,10.05,Yes,Escalation delay,2,No,3,No,Access request,User error,APAC
HD-260421-02724,2026-04-21 08:55,17,2026-04-21 11:48,P2,Endpoint Security,Security policy,Email,Mid-Market,Identity & Access,Adil Mir,Resolved,8,2.89,No,None,1,No,,Yes,Performance issue,Access policy,EMEA
HD-260410-02031,2026-04-10 14:29,176,2026-04-11 11:11,P4,Printing & Peripherals,Peripheral setup,Portal,SMB,Service Desk L1,Karan Verma,Resolved,72,20.71,No,None,0,No,5,No,Incident,Network condition,APAC
HD-260326-04506,2026-03-26 15:12,121,2026-03-27 13:50,P3,Account Provisioning,New starter,Chat,SMB,Identity & Access,Deepak Nair,Closed,24,22.64,No,None,0,No,4,No,Incident,User error,North America
HD-260310-03476,2026-03-10 14:09,164,2026-03-11 00:48,P3,Printing & Peripherals,Print queue,Portal,Mid-Market,Identity & Access,Farah Latif,Resolved,24,10.65,No,None,0,No,5,No,Access request,Capacity,APAC
HD-260319-03909,2026-03-19 16:42,57,2026-03-19 22:25,P3,Performance,High CPU,Phone,Enterprise,Service Desk L1,Priya Shah,Resolved,24,5.73,No,None,2,No,4,Yes,How-to,User error,EMEA
HD-260506-01730,2026-05-06 11:20,208,2026-05-07 01:42,P4,Cloud & SaaS,Integration,Chat,SMB,Service Desk L2,Arjun Bhat,Closed,72,14.37,No,None,1,No,4,No,Service request,Software defect,APAC
HD-260307-01482,2026-03-07 17:07,54,2026-03-07 23:20,P2,Endpoint Security,EDR alert,Email,Internal,Identity & Access,Zoya Hussain,Resolved,8,6.23,No,None,0,Yes,3,No,Incident,Software defect,North America
HD-260604-03406,2026-06-04 11:13,328,2026-06-05 02:53,P4,Cloud & SaaS,Subscription,Chat,Enterprise,Service Desk L1,Aisha Khan,Resolved,72,15.67,No,None,0,Yes,,No,Incident,Network condition,North America
HD-260303-01197,2026-03-03 12:49,24,2026-03-06 02:21,P4,Email & Collaboration,Distribution list,Email,Mid-Market,Service Desk L1,Aisha Khan,Closed,72,61.54,No,None,0,No,4,No,Service request,Network condition,EMEA
HD-260417-01498,2026-04-17 10:55,295,2026-04-18 23:34,P4,Endpoint Security,Malware check,Chat,Internal,Identity & Access,Adil Mir,Resolved,72,36.66,No,None,0,No,4,No,Incident,Unknown,North America
HD-260518-03424,2026-05-18 12:14,26,2026-05-19 05:24,P4,Performance,Disk space,Portal,Enterprise,Service Desk L2,Sana Rahman,Resolved,72,17.18,No,None,0,No,3,No,Incident,Configuration,EMEA
HD-260716-01551,2026-07-16 18:03,21,,P3,Hardware,Monitor,Phone,Enterprise,Service Desk L2,Sana Rahman,Pending,24,,No,None,0,No,,Yes,Incident,User error,APAC
HD-260326-02956,2026-03-26 09:57,170,2026-03-27 05:54,P4,Account Provisioning,New starter,Portal,SMB,Service Desk L1,Aisha Khan,Resolved,72,19.96,No,None,1,No,4,Yes,Performance issue,Configuration,North America
HD-260313-01343,2026-03-13 14:37,64,2026-03-13 16:54,P2,Endpoint Security,Security policy,Chat,SMB,Identity & Access,Nadia Ali,Resolved,8,2.29,No,None,1,No,,No,Incident,Software defect,EMEA
HD-260407-02777,2026-04-07 15:18,88,2026-04-07 21:37,P3,Software & Applications,License,Portal,Mid-Market,Business Apps,Karan Verma,Resolved,24,6.33,No,None,0,No,4,No,Incident,User error,EMEA
HD-260715-01342,2026-07-15 11:53,25,,P3,Access & Identity,Permission request,Chat,Mid-Market,Identity & Access,Nadia Ali,Open,24,,No,None,1,No,,No,Incident,User error,North America
HD-260313-04055,2026-03-13 09:01,42,2026-03-13 19:20,P3,Printing & Peripherals,Printer offline,Portal,Enterprise,Endpoint Ops,,Resolved,24,10.32,No,None,0,No,4,No,Incident,Unknown,North America
HD-260414-03702,2026-04-14 15:28,5,2026-04-14 18:24,P1,Cloud & SaaS,Application outage,Email,Mid-Market,Service Desk L1,Aisha Khan,Resolved,4,2.94,No,None,0,Yes,2,No,Service request,Capacity,APAC
HD-260502-03989,2026-05-02 16:50,15,2026-05-02 22:33,P3,Email & Collaboration,Mailbox,Email,SMB,Identity & Access,Zoya Hussain,Resolved,24,5.72,No,None,0,No,4,No,Service request,Access policy,EMEA
HD-260622-04430,2026-06-22 12:43,63,2026-06-22 21:01,P3,Cloud & SaaS,SSO,Chat,Mid-Market,Service Desk L2,Meera Joseph,Resolved,24,8.3,No,None,0,No,,No,Access request,Access policy,North America
HD-260424-04310,2026-04-24 11:48,298,,P4,Software & Applications,Version issue,Chat,Internal,Business Apps,Sana Rahman,Pending,72,,No,None,1,No,,No,Performance issue,Capacity,APAC
HD-260629-02987,2026-06-29 18:32,360,2026-06-30 23:33,P4,Access & Identity,Permission request,Portal,Mid-Market,Identity & Access,Nadia Ali,Closed,72,29.02,No,None,1,No,4,No,Access request,User error,North America
HD-260521-01980,2026-05-21 09:47,63,2026-05-21 12:01,P2,Endpoint Security,Security policy,Phone,Enterprise,Identity & Access,Zoya Hussain,Resolved,8,2.24,No,None,0,No,5,Yes,Service request,Software defect,APAC
HD-260622-01408,2026-06-22 12:55,54,2026-06-23 03:28,P4,Email & Collaboration,Teams/Meetings,Portal,Enterprise,Network Ops,Arjun Bhat,Closed,72,14.56,No,None,0,No,5,No,Performance issue,Vendor issue,EMEA
HD-260325-04147,2026-03-25 15:25,45,2026-03-26 06:16,P4,Printing & Peripherals,Peripheral setup,Chat,Enterprise,Endpoint Ops,Karan Verma,Resolved,72,14.86,No,None,3,No,4,No,Performance issue,Hardware fault,APAC
HD-260804-01383,2026-08-04 16:12,6,2026-08-04 18:47,P1,Email & Collaboration,Teams/Meetings,Portal,Mid-Market,Service Desk L1,Priya Shah,Closed,4,2.59,No,None,0,Yes,4,No,Performance issue,User error,APAC
HD-260316-02596,2026-03-16 16:22,35,2026-03-16 18:46,P2,VPN & Remote Access,VPN disconnect,Chat,Mid-Market,Service Desk L2,Arjun Bhat,Resolved,8,2.41,No,None,0,No,4,No,Incident,Software defect,APAC
HD-260319-02800,2026-03-19 10:35,190,2026-03-20 13:15,P4,Performance,Slow device,Email,Internal,Service Desk L2,Arjun Bhat,Closed,72,26.68,No,None,0,No,4,No,Performance issue,Configuration,EMEA
HD-260417-03742,2026-04-17 13:07,55,2026-04-18 11:42,P3,Access & Identity,Account locked,Chat,Mid-Market,Identity & Access,Nadia Ali,Resolved,24,22.59,No,None,0,No,3,No,Service request,Configuration,APAC
HD-260327-03875,2026-03-27 10:49,168,2026-03-28 03:24,P4,Hardware,Docking station,Phone,Enterprise,Endpoint Ops,Karan Verma,Closed,72,16.59,No,None,0,No,4,Yes,Incident,Access policy,EMEA
HD-260417-02610,2026-04-17 15:30,154,2026-04-18 14:34,P3,Cloud & SaaS,SSO,Phone,Mid-Market,Service Desk L2,Vikram Patel,Closed,24,23.08,No,None,0,No,2,No,Access request,Access policy,EMEA
HD-260707-04322,2026-07-07 12:24,38,2026-07-07 22:23,P2,Software & Applications,Installation,Chat,SMB,Business Apps,Sana Rahman,Closed,8,9.99,Yes,Vendor response,0,No,3,No,Service request,Configuration,EMEA
HD-260724-03111,2026-07-24 18:21,74,2026-07-25 06:07,P3,Network,LAN connectivity,Email,Internal,Network Ops,Arjun Bhat,Resolved,24,11.78,No,None,0,No,4,No,How-to,Hardware fault,APAC
HD-260504-01810,2026-05-04 14:27,27,2026-05-04 21:01,P2,VPN & Remote Access,VPN disconnect,Chat,SMB,Service Desk L2,Vikram Patel,Closed,8,6.57,No,None,2,No,3,No,Incident,User error,EMEA
HD-260706-03007,2026-07-06 17:08,90,2026-07-07 01:27,P3,Account Provisioning,Access package,Portal,Mid-Market,Identity & Access,Nadia Ali,Resolved,24,8.32,No,None,3,No,4,No,Service request,Software defect,APAC
HD-260320-01717,2026-03-20 14:00,192,2026-03-23 02:22,P4,Performance,High CPU,Portal,Enterprise,Service Desk L1,Aisha Khan,Resolved,72,60.37,No,None,0,No,,No,Incident,Configuration,North America
HD-260629-03794,2026-06-29 17:31,78,,P4,Hardware,Docking station,Phone,SMB,Service Desk L2,Vikram Patel,Pending,72,,No,None,1,No,,No,Service request,Software defect,APAC
HD-260801-02663,2026-08-01 11:18,175,2026-08-01 16:35,P3,Printing & Peripherals,Peripheral setup,Chat,Mid-Market,Service Desk L1,Neha Thomas,Resolved,24,5.29,No,None,0,No,5,No,Performance issue,User error,North America
HD-260518-03064,2026-05-18 17:36,178,2026-05-19 02:40,P3,Endpoint Security,Security policy,Chat,Mid-Market,Identity & Access,Zoya Hussain,Resolved,24,9.08,No,None,0,No,4,No,Service request,Vendor issue,EMEA
HD-260330-04021,2026-03-30 08:54,14,,P3,Cloud & SaaS,Subscription,Portal,Enterprise,Service Desk L1,Neha Thomas,Pending,24,,No,None,0,No,,No,Access request,Hardware fault,APAC
HD-260621-04518,2026-06-21 15:37,89,2026-06-22 06:14,P3,Network,LAN connectivity,Chat,SMB,Network Ops,Arjun Bhat,Resolved,24,14.62,No,None,0,No,2,No,Service request,Configuration,EMEA
HD-260406-02859,2026-04-06 15:34,299,2026-04-07 15:11,P4,Account Provisioning,Offboarding,Portal,Enterprise,Identity & Access,Nadia Ali,Resolved,72,23.63,No,None,0,No,3,No,How-to,Software defect,North America
HD-260421-04341,2026-04-21 18:38,26,2026-04-23 02:40,P4,Email & Collaboration,Mailbox,Chat,Internal,Business Apps,Priya Shah,Resolved,72,32.04,No,None,1,No,4,No,Service request,Configuration,APAC
HD-260415-03565,2026-04-15 10:04,100,2026-04-16 08:23,P3,Network,DNS/DHCP,Portal,SMB,Network Ops,Zoya Hussain,Resolved,24,22.32,No,None,0,No,2,No,Access request,Configuration,North America
HD-260708-02259,2026-07-08 16:52,142,2026-07-09 16:31,P3,Printing & Peripherals,Print queue,Email,Internal,Service Desk L1,Karan Verma,Resolved,24,23.66,No,None,0,No,4,No,Service request,Vendor issue,North America
HD-260601-02533,2026-06-01 10:51,25,2026-06-01 19:21,P2,,SSO,Portal,Internal,Service Desk L2,Sana Rahman,Closed,8,8.51,Yes,High queue volume,0,No,4,No,Performance issue,Configuration,APAC
HD-260323-01054,2026-03-23 09:44,208,,P4,Endpoint Security,Malware check,Portal,Enterprise,Identity & Access,Nadia Ali,Open,72,,No,None,1,No,,No,Access request,Configuration,APAC
HD-260326-04242,2026-03-26 18:36,35,2026-03-26 22:37,P2,Access & Identity,MFA issue,Chat,SMB,Identity & Access,Deepak Nair,Closed,8,4.03,No,None,0,No,3,No,Service request,User error,APAC
HD-260708-03195,2026-07-08 11:01,295,2026-07-09 17:42,P4,Performance,High CPU,Portal,SMB,Network Ops,Deepak Nair,Resolved,72,30.69,No,None,2,No,3,No,Incident,Software defect,APAC
HD-260715-03411,2026-07-15 13:10,39,2026-07-15 18:06,P2,Email & Collaboration,Calendar,Portal,Enterprise,Endpoint Ops,Sana Rahman,Closed,8,4.94,No,None,0,Yes,4,No,Incident,Unknown,EMEA
HD-260503-03239,2026-05-03 21:05,171,2026-05-04 03:05,P3,Account Provisioning,Role change,Email,SMB,Identity & Access,Deepak Nair,Resolved,24,6,No,None,1,No,3,No,Performance issue,Network condition,EMEA
HD-260514-03517,2026-05-14 10:21,62,2026-05-14 18:55,P3,Cloud & SaaS,SSO,Portal,Mid-Market,Business Apps,Neha Thomas,Resolved,24,8.58,No,None,0,No,,No,Service request,Configuration,North America
HD-260826-04166,2026-08-26 15:43,141,2026-08-27 03:31,P3,Performance,High CPU,Phone,Mid-Market,Endpoint Ops,Neha Thomas,Closed,24,11.8,No,None,2,Yes,,No,Service request,Configuration,North America
HD-260622-01263,2026-06-22 14:28,53,2026-06-23 13:47,P3,Cloud & SaaS,Subscription,Phone,SMB,Business Apps,Karan Verma,Resolved,24,23.33,No,None,0,No,4,No,Incident,User error,EMEA
HD-260812-02544,2026-08-12 19:09,92,,P4,Network,DNS/DHCP,Portal,Mid-Market,Network Ops,Farah Latif,Open,72,,No,None,0,No,,No,How-to,Software defect,North America
HD-260626-01405,2026-06-26 16:39,45,2026-06-26 19:48,P2,Software & Applications,Version issue,Chat,Enterprise,Business Apps,Imran Dar,Closed,8,3.15,No,None,1,Yes,3,No,Performance issue,Software defect,EMEA
HD-260303-03266,2026-03-03 10:17,50,2026-03-04 01:24,P3,VPN & Remote Access,VPN disconnect,Phone,Enterprise,Network Ops,Deepak Nair,Resolved,24,15.12,No,None,0,No,3,No,Performance issue,User error,APAC
HD-260716-01954,2026-07-16 12:11,73,,P3,Account Provisioning,Access package,Phone,Enterprise,Identity & Access,Adil Mir,Pending,24,,No,None,0,No,,No,Incident,Software defect,APAC
HD-260731-04588,2026-07-31 14:37,40,2026-07-31 23:26,P3,Endpoint Security,EDR alert,Chat,Internal,Identity & Access,Deepak Nair,Resolved,24,8.82,No,None,0,No,4,No,Incident,Access policy,North America
HD-260807-04447,2026-08-07 09:38,80,2026-08-07 23:56,P3,Performance,Disk space,Chat,Enterprise,Service Desk L1,Priya Shah,Resolved,24,14.3,No,None,0,No,4,No,Incident,User error,APAC
HD-260416-03541,2026-04-16 11:09,119,2026-04-17 21:56,P4,Hardware,Docking station,Phone,Internal,Endpoint Ops,Vikram Patel,Resolved,72,34.79,No,None,0,No,3,No,Incident,Capacity,EMEA
HD-260821-01194,2026-08-21 11:46,250,2026-08-23 02:52,P4,Performance,Slow device,Email,Internal,Service Desk L1,Aisha Khan,Resolved,72,39.1,No,None,0,No,4,No,Service request,User error,APAC
HD-260622-04192,2026-06-22 14:05,115,2026-06-23 06:33,P3,,Offboarding,Chat,Enterprise,Service Desk L1,Imran Dar,Resolved,24,16.48,No,None,0,No,3,No,Incident,Unknown,EMEA
HD-260514-02273,2026-05-14 12:10,113,2026-05-15 05:58,P3,Cloud & SaaS,Integration,Portal,Enterprise,Business Apps,Priya Shah,Resolved,24,17.81,No,None,0,No,,No,Access request,User error,EMEA
HD-260521-03032,2026-05-21 14:35,130,2026-05-22 03:03,P3,Telephony,Extension,Portal,Enterprise,Service Desk L2,Meera Joseph,Resolved,24,12.48,No,None,3,No,3,No,Access request,Access policy,North America
HD-260616-01878,2026-06-16 13:36,206,2026-06-18 05:19,P4,Network,Wi-Fi,Phone,Mid-Market,Network Ops,Arjun Bhat,Resolved,72,39.72,No,None,0,No,5,No,Incident,User error,APAC
HD-260405-01978,2026-04-05 12:35,85,,P3,Access & Identity,Account locked,Portal,Mid-Market,Identity & Access,Zoya Hussain,Open,24,,No,None,1,No,,No,Performance issue,Configuration,EMEA
HD-260806-01952,2026-08-06 12:54,170,2026-08-07 09:14,P3,Access & Identity,Permission request,Chat,SMB,Service Desk L1,Priya Shah,Closed,24,20.34,No,None,3,No,4,No,How-to,Hardware fault,North America
HD-260331-02862,2026-03-31 15:23,7,2026-03-31 18:37,P1,Software & Applications,Version issue,Portal,SMB,Business Apps,,Closed,4,3.24,No,None,0,Yes,3,No,Incident,Hardware fault,EMEA
HD-260422-04124,2026-04-22 11:43,31,2026-04-22 20:14,P2,Software & Applications,Installation,Phone,Mid-Market,Service Desk L2,Sana Rahman,Closed,8,8.53,Yes,Dependency delay,0,No,2,No,Service request,Hardware fault,North America
HD-260722-02130,2026-07-22 10:19,37,2026-07-22 16:37,P3,Software & Applications,License,Chat,Internal,Service Desk L2,Vikram Patel,Closed,24,6.3,No,None,0,No,,No,Service request,Software defect,North America
HD-260514-02254,2026-05-14 09:05,160,2026-05-15 02:09,P3,Account Provisioning,Offboarding,Chat,SMB,Service Desk L1,Aisha Khan,Resolved,24,17.08,No,None,0,No,2,No,Access request,Hardware fault,EMEA
HD-260422-02693,2026-04-22 12:50,13,,P2,Hardware,Keyboard/Mouse,Chat,Enterprise,Service Desk L2,Arjun Bhat,Pending,8,,No,None,1,No,,No,Access request,Access policy,North America
HD-260319-04111,2026-03-19 20:43,167,2026-03-20 11:02,P4,Hardware,Docking station,Email,SMB,Business Apps,Sana Rahman,Resolved,72,14.33,No,None,0,No,5,No,Service request,User error,APAC
HD-260304-02531,2026-03-04 16:38,179,2026-03-05 07:51,P3,Software & Applications,Installation,Chat,Internal,Service Desk L2,Arjun Bhat,Closed,24,15.23,No,None,0,No,2,No,Incident,Vendor issue,North America
HD-260407-02471,2026-04-07 16:37,122,2026-04-08 05:51,P3,Access & Identity,Account locked,Email,SMB,Endpoint Ops,Neha Thomas,Resolved,24,13.24,No,None,0,No,3,Yes,Access request,User error,APAC
HD-260717-02352,2026-07-17 16:09,157,2026-07-18 00:18,P3,Performance,Slow device,Portal,Enterprise,Service Desk L2,Meera Joseph,Resolved,24,8.16,No,None,0,No,4,No,Performance issue,Vendor issue,EMEA
HD-260422-03046,2026-04-22 11:34,6,2026-04-22 16:35,P1,Hardware,Docking station,Chat,Mid-Market,Business Apps,Sana Rahman,Resolved,4,5.02,Yes,High queue volume,0,Yes,3,No,Incident,Unknown,North America
HD-260527-01409,2026-05-27 12:31,14,,P2,Endpoint Security,EDR alert,Portal,Internal,Service Desk L1,Neha Thomas,Pending,8,,No,None,1,Yes,,No,Access request,Hardware fault,APAC
HD-260805-02002,2026-08-05 11:51,210,2026-08-06 23:21,P4,Printing & Peripherals,Print queue,Email,Mid-Market,Network Ops,Zoya Hussain,Closed,72,35.5,No,None,0,No,5,No,Incident,Configuration,APAC
HD-260415-04075,2026-04-15 20:49,55,2026-04-18 17:14,P4,Access & Identity,MFA issue,Chat,Enterprise,Identity & Access,Farah Latif,Resolved,72,68.42,No,None,1,No,3,No,Service request,User error,EMEA
HD-260828-03832,2026-08-28 13:07,50,2026-08-28 15:37,P2,Telephony,Extension,Portal,SMB,Service Desk L2,Sana Rahman,Resolved,8,2.5,No,None,0,No,5,No,Performance issue,Software defect,APAC
HD-260526-02237,2026-05-26 16:22,23,,P4,Email & Collaboration,Mailbox,Portal,Enterprise,Service Desk L1,Imran Dar,Pending,72,,No,None,0,No,,No,How-to,Software defect,APAC
HD-260605-03930,2026-06-05 10:13,45,2026-06-06 03:34,P3,VPN & Remote Access,Split tunnel,Phone,SMB,Network Ops,Arjun Bhat,Closed,24,17.35,No,None,0,No,4,No,Service request,Software defect,EMEA
HD-260829-01555,2026-08-29 15:47,85,2026-08-30 12:10,P3,VPN & Remote Access,VPN login,Portal,Internal,Network Ops,Arjun Bhat,Resolved,24,20.39,No,None,0,No,4,No,Incident,Hardware fault,North America
HD-260621-01059,2026-06-21 10:11,137,2026-06-21 23:26,P3,Printing & Peripherals,Scanner,Portal,SMB,Service Desk L1,Karan Verma,Resolved,24,13.25,No,None,3,No,5,No,Incident,Hardware fault,North America
HD-260601-01706,2026-06-01 15:21,168,2026-06-02 07:02,P3,Account Provisioning,Role change,Portal,Enterprise,Identity & Access,Deepak Nair,Resolved,24,15.69,No,None,0,Yes,3,No,Incident,User error,EMEA
HD-260710-02269,2026-07-10 16:09,284,2026-07-12 09:45,P4,Telephony,Call quality,Email,Internal,Service Desk L2,Vikram Patel,Resolved,72,41.61,No,None,1,No,5,No,Service request,User error,EMEA
HD-260306-04073,2026-03-06 13:30,31,2026-03-06 16:45,P2,Performance,High CPU,Chat,Mid-Market,Service Desk L2,Arjun Bhat,Resolved,8,3.26,No,None,1,No,4,No,Access request,Software defect,North America
HD-260712-01233,2026-07-12 13:06,180,,P4,Telephony,Call quality,Email,Mid-Market,Service Desk L2,Vikram Patel,Pending,72,,No,None,0,No,,No,Incident,Vendor issue,EMEA
HD-260407-03721,2026-04-07 12:11,233,2026-04-09 00:20,P4,Access & Identity,MFA issue,Portal,Mid-Market,Endpoint Ops,Karan Verma,Resolved,72,36.16,No,None,0,No,5,No,Incident,User error,North America
HD-260611-01042,2026-06-11 10:29,219,2026-06-13 01:26,P4,Software & Applications,Application error,Email,Enterprise,Business Apps,Neha Thomas,Closed,72,38.95,No,None,0,No,4,No,Incident,Network condition,APAC
HD-260420-03098,2026-04-20 10:12,307,2026-04-21 10:09,P4,,Print queue,Chat,Enterprise,Business Apps,Neha Thomas,Resolved,72,23.96,No,None,0,Yes,,No,Performance issue,User error,North America
HD-260410-02712,2026-04-10 15:52,76,2026-04-11 12:31,P4,Software & Applications,Installation,Chat,Enterprise,Business Apps,Imran Dar,Resolved,72,20.65,No,None,0,No,4,Yes,Access request,Vendor issue,EMEA
HD-260818-02886,2026-08-18 16:53,228,2026-08-19 09:35,P4,Network,Wi-Fi,Email,Mid-Market,Network Ops,Zoya Hussain,Resolved,72,16.71,No,None,1,No,4,No,Incident,User error,EMEA
HD-260429-03144,2026-04-29 16:53,77,2026-04-29 22:18,P3,VPN & Remote Access,VPN login,Email,SMB,Network Ops,Zoya Hussain,Closed,24,5.42,No,None,2,No,4,No,How-to,Configuration,APAC
HD-260702-03733,2026-07-02 11:00,106,2026-07-02 18:49,P3,Printing & Peripherals,Printer offline,Chat,SMB,Service Desk L1,Rohan Mehta,Closed,24,7.82,No,None,0,No,4,No,Service request,Hardware fault,EMEA
HD-260619-02023,2026-06-19 17:25,98,2026-06-20 00:39,P3,Email & Collaboration,Calendar,Email,Mid-Market,Service Desk L1,,Resolved,24,7.24,No,None,1,No,3,No,Incident,User error,EMEA
HD-260615-04423,2026-06-15 13:16,45,2026-06-15 19:26,P2,Access & Identity,Password reset,Chat,SMB,Service Desk L1,Karan Verma,Resolved,8,6.18,No,None,0,Yes,,No,Performance issue,User error,EMEA
HD-260702-02650,2026-07-02 11:41,153,2026-07-02 17:02,P3,Printing & Peripherals,Scanner,Phone,Mid-Market,Endpoint Ops,Neha Thomas,Closed,24,5.36,No,None,0,Yes,4,No,Incident,Vendor issue,APAC
HD-260313-04399,2026-03-13 20:53,20,2026-03-14 00:45,P2,Network,Switch port,Email,SMB,Network Ops,Arjun Bhat,Closed,8,3.87,No,None,1,Yes,,No,Service request,Hardware fault,North America
HD-260710-04416,2026-07-10 15:06,107,2026-07-13 09:49,P4,Account Provisioning,Offboarding,Email,Mid-Market,Endpoint Ops,Karan Verma,Resolved,72,66.72,No,None,1,No,3,No,How-to,Network condition,North America
HD-260820-02882,2026-08-20 18:33,105,2026-08-21 20:07,P4,Endpoint Security,Malware check,Email,Mid-Market,Identity & Access,Adil Mir,Resolved,72,25.58,No,None,0,No,,No,Access request,Access policy,North America
HD-260819-02626,2026-08-19 12:09,172,2026-08-20 03:24,P3,Endpoint Security,Device compliance,Portal,Mid-Market,Identity & Access,Adil Mir,Resolved,24,15.25,No,None,0,No,4,No,Incident,Network condition,APAC
HD-260423-01936,2026-04-23 11:41,175,2026-04-23 17:00,P3,,Distribution list,Email,SMB,Service Desk L2,Sana Rahman,Resolved,24,5.32,No,None,0,No,4,Yes,Service request,Network condition,EMEA
HD-260616-02984,2026-06-16 17:34,80,2026-06-17 07:03,P3,Hardware,Docking station,Chat,Enterprise,Business Apps,Karan Verma,Resolved,24,13.49,No,None,0,No,3,No,Incident,Vendor issue,APAC
HD-260701-02562,2026-07-01 13:33,150,2026-07-03 22:21,P4,Performance,High CPU,Portal,Mid-Market,Service Desk L2,Vikram Patel,Resolved,72,56.81,No,None,1,No,3,Yes,Performance issue,Software defect,North America
HD-260327-01736,2026-03-27 20:33,114,2026-03-28 03:13,P3,Email & Collaboration,Calendar,Email,Enterprise,Service Desk L1,Rohan Mehta,Resolved,24,6.67,No,None,1,No,,No,Performance issue,Network condition,EMEA
HD-260821-02165,2026-08-21 20:31,178,2026-08-22 07:58,P3,Hardware,Keyboard/Mouse,Chat,Mid-Market,Service Desk L1,Priya Shah,Resolved,24,11.46,No,None,0,No,4,No,Incident,Hardware fault,APAC
HD-260403-03063,2026-04-03 13:17,14,2026-04-03 17:54,P2,Cloud & SaaS,Subscription,Phone,Mid-Market,Business Apps,Sana Rahman,Closed,8,4.63,No,None,0,No,,No,Access request,Vendor issue,APAC
HD-260612-02022,2026-06-12 13:29,160,2026-06-12 20:59,P3,Network,Switch port,Phone,Internal,Network Ops,Farah Latif,Closed,24,7.51,No,None,0,Yes,4,No,Service request,Vendor issue,North America
HD-260812-01377,2026-08-12 17:14,55,2026-08-13 02:12,P2,Printing & Peripherals,Printer offline,Phone,SMB,Endpoint Ops,Sana Rahman,Resolved,8,8.97,Yes,Complex investigation,2,No,4,No,How-to,User error,APAC
HD-260323-02774,2026-03-23 13:59,122,,P3,Email & Collaboration,Mailbox,Chat,Mid-Market,Service Desk L2,Meera Joseph,Pending,24,,No,None,0,No,,No,Incident,Access policy,EMEA
HD-260427-03237,2026-04-27 12:21,22,2026-04-28 05:00,P4,Account Provisioning,New starter,Chat,Mid-Market,Identity & Access,Farah Latif,Closed,72,16.65,No,None,0,Yes,3,Yes,Performance issue,User error,North America
HD-260310-02754,2026-03-10 12:52,319,2026-03-11 03:16,P4,VPN & Remote Access,VPN disconnect,Portal,SMB,Network Ops,Zoya Hussain,Resolved,72,14.41,No,None,0,No,5,No,Service request,Network condition,APAC
HD-260622-02349,2026-06-22 09:06,64,,P3,Cloud & SaaS,SSO,Portal,SMB,Business Apps,Neha Thomas,Pending,24,,No,None,0,No,,No,Service request,Unknown,North America
HD-260701-04494,2026-07-01 13:44,142,2026-07-01 22:51,P3,Account Provisioning,New starter,Portal,Enterprise,Service Desk L1,Imran Dar,Resolved,24,9.12,No,None,0,No,5,No,Incident,Configuration,APAC
HD-260327-04577,2026-03-27 10:33,17,2026-03-27 17:19,P3,Software & Applications,Installation,Portal,Mid-Market,Service Desk L1,Aisha Khan,Resolved,24,6.78,No,None,0,No,,No,Incident,User error,EMEA
HD-260805-01935,2026-08-05 18:47,282,2026-08-06 11:58,P4,Performance,High memory,Portal,Internal,Service Desk L2,Vikram Patel,Resolved,72,17.19,No,None,0,No,5,No,Incident,Vendor issue,APAC
HD-260707-02760,2026-07-07 09:37,23,,P3,Endpoint Security,EDR alert,Chat,Enterprise,Identity & Access,Zoya Hussain,Open,24,,No,None,0,No,,No,Service request,User error,North America
HD-260420-04052,2026-04-20 15:21,10,2026-04-20 18:54,P2,Account Provisioning,Role change,Phone,SMB,Identity & Access,Farah Latif,Resolved,8,3.55,No,None,0,Yes,3,No,Incident,Configuration,APAC
HD-260804-03528,2026-08-04 13:21,19,2026-08-04 14:40,P1,Endpoint Security,Security policy,Phone,SMB,Service Desk L1,Priya Shah,Closed,4,1.33,No,None,0,No,4,No,Service request,Configuration,EMEA
HD-260303-03036,2026-03-03 13:36,75,,P4,Network,Wi-Fi,Email,Mid-Market,Service Desk L2,Sana Rahman,Open,72,,No,None,0,No,,No,How-to,Software defect,North America
HD-260721-02011,2026-07-21 18:39,173,2026-07-22 00:58,P3,Telephony,Headset,Phone,SMB,Service Desk L2,Meera Joseph,Resolved,24,6.32,No,None,0,No,3,No,Service request,Hardware fault,APAC
HD-260812-01188,2026-08-12 19:29,330,2026-08-13 15:44,P4,Account Provisioning,New starter,Chat,Mid-Market,Endpoint Ops,Neha Thomas,Resolved,72,20.25,No,None,0,No,5,No,Service request,Software defect,North America
HD-260528-03394,2026-05-28 10:14,55,2026-05-28 17:26,P2,Network,Wi-Fi,Portal,SMB,Network Ops,Farah Latif,Resolved,8,7.21,No,None,0,Yes,3,No,Service request,Configuration,EMEA
HD-260818-04584,2026-08-18 11:20,8,2026-08-18 17:51,P2,Hardware,Keyboard/Mouse,Chat,Mid-Market,Service Desk L1,Rohan Mehta,Resolved,8,6.53,No,None,2,Yes,4,Yes,Incident,Network condition,APAC
HD-260608-02577,2026-06-08 21:05,88,2026-06-09 05:59,P3,Account Provisioning,Access package,Chat,Mid-Market,Identity & Access,Nadia Ali,Closed,24,8.91,No,None,1,No,5,No,Incident,Network condition,North America
HD-260521-04156,2026-05-21 18:29,85,,P3,Cloud & SaaS,Application outage,Phone,Internal,Service Desk L2,Sana Rahman,Open,24,,No,None,0,No,,No,How-to,Configuration,North America
HD-260723-01208,2026-07-23 11:37,91,2026-07-24 03:22,P3,Email & Collaboration,Mailbox,Portal,Internal,Service Desk L1,Priya Shah,Closed,24,15.76,No,None,2,No,3,No,How-to,Hardware fault,EMEA
HD-260513-03041,2026-05-13 14:47,316,2026-05-14 14:27,P4,Hardware,Docking station,Email,SMB,Endpoint Ops,Karan Verma,Resolved,72,23.67,No,None,1,Yes,5,No,Incident,Vendor issue,EMEA
HD-260710-02088,2026-07-10 09:42,159,2026-07-10 15:24,P3,VPN & Remote Access,VPN disconnect,Chat,SMB,Network Ops,Farah Latif,Resolved,24,5.71,No,None,1,No,5,No,Service request,Capacity,North America
HD-260618-01149,2026-06-18 19:54,114,,P3,Telephony,Softphone,Portal,Mid-Market,Service Desk L2,Vikram Patel,Open,24,,No,None,0,No,,No,Access request,Capacity,APAC
HD-260602-04234,2026-06-02 14:11,182,2026-06-03 06:07,P4,Account Provisioning,Role change,Portal,Enterprise,Identity & Access,Deepak Nair,Resolved,72,15.94,No,None,0,No,5,No,Incident,Capacity,North America
HD-260413-01189,2026-04-13 18:51,159,,P4,Cloud & SaaS,SSO,Email,Enterprise,Service Desk L2,Meera Joseph,Pending,72,,No,None,0,No,,No,Service request,Network condition,APAC
HD-260727-01821,2026-07-27 11:25,352,2026-07-29 01:27,P4,Email & Collaboration,Calendar,Portal,Mid-Market,Business Apps,Imran Dar,Resolved,72,38.04,No,None,0,No,4,No,Incident,User error,APAC
HD-260517-03109,2026-05-17 16:11,54,,P2,Endpoint Security,Malware check,Portal,SMB,Identity & Access,Nadia Ali,Pending,8,,No,None,1,No,,Yes,Performance issue,User error,APAC
HD-260520-03780,2026-05-20 09:42,59,2026-05-20 18:54,P3,Network,LAN connectivity,Email,Mid-Market,Network Ops,Zoya Hussain,Resolved,24,9.21,No,None,1,No,4,No,Service request,Access policy,EMEA
HD-260818-03173,2026-08-18 09:04,297,,P4,Account Provisioning,Offboarding,Portal,Internal,Identity & Access,Deepak Nair,Open,72,,No,None,1,No,,Yes,Incident,Configuration,North America
HD-260608-02751,2026-06-08 16:57,254,2026-06-10 10:58,P4,Software & Applications,License,Email,Mid-Market,Business Apps,Imran Dar,Resolved,72,42.03,No,None,0,No,3,Yes,Incident,Software defect,North America
HD-260720-01622,2026-07-20 11:35,59,2026-07-20 23:33,P3,VPN & Remote Access,VPN login,Email,SMB,Network Ops,Zoya Hussain,Resolved,24,11.98,No,None,0,No,5,No,Access request,User error,EMEA
HD-260805-03906,2026-08-05 15:30,45,2026-08-05 23:20,P2,Software & Applications,Installation,Chat,SMB,Service Desk L1,Neha Thomas,Resolved,8,7.84,No,None,0,No,2,No,Service request,Configuration,North America
HD-260510-02949,2026-05-10 11:48,127,2026-05-11 02:37,P3,Printing & Peripherals,Print queue,Phone,Mid-Market,Service Desk L2,Meera Joseph,Resolved,24,14.82,No,None,0,No,3,No,Service request,Network condition,APAC
HD-260406-03420,2026-04-06 20:13,62,2026-04-06 23:40,P2,Telephony,Softphone,Phone,Mid-Market,Network Ops,Farah Latif,Resolved,8,3.46,No,None,0,No,4,No,Incident,Hardware fault,EMEA
HD-260415-03138,2026-04-15 16:46,301,2026-04-16 18:15,P4,Telephony,Call quality,Portal,Enterprise,Service Desk L2,Arjun Bhat,Resolved,72,25.49,No,None,0,No,4,No,Performance issue,Hardware fault,North America
HD-260407-04596,2026-04-07 18:17,127,2026-04-08 10:57,P3,Network,LAN connectivity,Portal,Enterprise,Network Ops,Farah Latif,Resolved,24,16.68,No,None,0,No,4,No,Performance issue,Capacity,APAC
HD-260731-04074,2026-07-31 08:23,332,2026-08-01 05:00,P4,Telephony,Softphone,Chat,SMB,Service Desk L2,Vikram Patel,Resolved,72,20.62,No,None,0,No,5,No,How-to,User error,EMEA
HD-260724-03747,2026-07-24 14:08,266,2026-07-25 04:30,P4,Network,Wi-Fi,Phone,Mid-Market,Network Ops,Deepak Nair,Closed,72,14.38,No,None,0,No,3,No,How-to,Capacity,EMEA
HD-260423-04558,2026-04-23 12:49,22,2026-04-23 16:47,P1,Network,Switch port,Phone,SMB,Network Ops,Arjun Bhat,Resolved,4,3.97,No,None,0,Yes,4,No,Incident,Capacity,North America
HD-260305-03281,2026-03-05 14:09,75,2026-03-07 10:55,P4,Performance,Slow device,Chat,Mid-Market,Identity & Access,Nadia Ali,Resolved,72,44.78,No,None,0,No,3,No,Service request,Network condition,APAC
HD-260609-01148,2026-06-09 08:26,37,,P2,Cloud & SaaS,Subscription,Email,Internal,Business Apps,Priya Shah,Open,8,,No,None,1,No,,Yes,Incident,User error,North America
HD-260609-03558,2026-06-09 10:42,87,2026-06-11 14:31,P4,Software & Applications,Version issue,Email,Enterprise,Service Desk L2,Arjun Bhat,Resolved,72,51.83,No,None,0,No,4,No,Incident,Vendor issue,EMEA
HD-260520-01850,2026-05-20 12:18,74,2026-05-21 13:18,P3,Performance,High memory,Portal,SMB,Service Desk L1,Imran Dar,Resolved,24,25,Yes,Vendor response,0,No,,No,Incident,Software defect,APAC
HD-260521-03032,2026-05-21 14:35,130,2026-05-22 03:03,P3,Telephony,Extension,Portal,Enterprise,Service Desk L2,Meera Joseph,Resolved,24,12.48,No,None,3,No,3,No,Access request,Access policy,North America
HD-260609-04206,2026-06-09 14:51,159,2026-06-11 00:10,P4,Performance,Disk space,Phone,Enterprise,Identity & Access,Zoya Hussain,Resolved,72,33.33,No,None,0,No,5,No,Service request,Access policy,APAC
HD-260327-03624,2026-03-27 15:42,15,2026-03-28 12:59,P3,Telephony,Headset,Chat,Enterprise,Network Ops,Zoya Hussain,Resolved,24,21.29,No,None,2,No,4,No,Performance issue,Access policy,APAC
HD-260428-03107,2026-04-28 10:08,156,2026-04-28 15:42,P3,Telephony,Extension,Portal,Mid-Market,Service Desk L2,Vikram Patel,Closed,24,5.58,No,None,1,Yes,,No,Performance issue,Software defect,APAC
HD-260731-04126,2026-07-31 21:09,98,2026-08-01 22:09,P3,Hardware,Laptop,Phone,Mid-Market,Identity & Access,Farah Latif,Resolved,24,25.01,Yes,High queue volume,0,No,3,No,Incident,Hardware fault,North America
HD-260605-01765,2026-06-05 14:54,106,2026-06-06 17:36,P4,Access & Identity,Permission request,Chat,Enterprise,Identity & Access,Zoya Hussain,Closed,72,26.71,No,None,0,No,3,No,Incident,Configuration,EMEA
HD-260521-01067,2026-05-21 18:13,143,2026-05-22 06:25,P3,Account Provisioning,New starter,Email,SMB,Identity & Access,Deepak Nair,Closed,24,12.2,No,None,0,No,4,Yes,Performance issue,Configuration,EMEA
HD-260323-01899,2026-03-23 09:49,240,2026-03-24 02:13,P4,Account Provisioning,Role change,Chat,SMB,Service Desk L1,Rohan Mehta,Resolved,72,16.4,No,None,0,No,3,No,How-to,Vendor issue,EMEA
HD-260508-01305,2026-05-08 12:05,14,2026-05-09 10:14,P3,Account Provisioning,Role change,Email,SMB,Service Desk L1,Rohan Mehta,Resolved,24,22.16,No,None,0,No,4,No,Incident,User error,North America
HD-260427-01587,2026-04-27 18:58,113,2026-04-28 16:18,P3,,Extension,Email,Enterprise,Service Desk L2,Arjun Bhat,Resolved,24,21.34,No,None,2,No,3,No,Incident,Vendor issue,EMEA
HD-260603-03128,2026-06-03 15:14,20,2026-06-03 23:24,P3,Email & Collaboration,Mailbox,Phone,Mid-Market,Service Desk L1,Imran Dar,Resolved,24,8.17,No,None,0,No,5,No,Service request,Hardware fault,APAC
HD-260410-01493,2026-04-10 11:10,196,2026-04-11 14:58,P4,Software & Applications,Application error,Email,Mid-Market,Service Desk L2,Meera Joseph,Resolved,72,27.81,No,None,1,No,4,No,Incident,Software defect,North America
HD-260402-04568,2026-04-02 13:18,19,2026-04-02 23:28,P2,VPN & Remote Access,Remote desktop,Chat,Mid-Market,Network Ops,Farah Latif,Resolved,8,10.17,Yes,Vendor response,0,No,2,No,Incident,User error,North America
HD-260710-04316,2026-07-10 13:50,152,2026-07-11 08:02,P3,Performance,Disk space,Phone,SMB,Identity & Access,Zoya Hussain,Resolved,24,18.2,No,None,0,No,3,No,How-to,Vendor issue,North America
HD-260317-03530,2026-03-17 10:18,106,2026-03-17 23:41,P3,Access & Identity,Account locked,Phone,Enterprise,Service Desk L1,Neha Thomas,Closed,24,13.39,No,None,0,No,4,No,Access request,Configuration,EMEA
HD-260520-03883,2026-05-20 08:41,149,2026-05-21 03:35,P3,Software & Applications,Installation,Portal,Mid-Market,Business Apps,Sana Rahman,Resolved,24,18.91,No,None,1,No,4,No,Service request,Access policy,EMEA
HD-260319-02179,2026-03-19 12:11,106,,P3,,Offboarding,Portal,Internal,Identity & Access,Zoya Hussain,Pending,24,,No,None,0,No,,No,Incident,Access policy,EMEA
HD-260611-02343,2026-06-11 10:39,6,2026-06-11 13:31,P1,Cloud & SaaS,Application outage,Email,Mid-Market,Service Desk L2,Arjun Bhat,Resolved,4,2.87,No,None,0,Yes,3,No,Access request,Software defect,EMEA
HD-260316-04398,2026-03-16 15:12,110,2026-03-16 21:51,P3,Account Provisioning,Offboarding,Phone,Mid-Market,Identity & Access,Zoya Hussain,Resolved,24,6.65,No,None,0,No,4,No,Incident,User error,EMEA
HD-260624-02784,2026-06-24 15:43,12,2026-06-24 18:53,P2,Telephony,Call quality,Chat,SMB,Network Ops,Arjun Bhat,Resolved,8,3.17,No,None,0,Yes,,No,Incident,Vendor issue,North America
HD-260708-01207,2026-07-08 12:58,74,2026-07-08 20:04,P3,Performance,High CPU,Portal,SMB,Service Desk L1,Neha Thomas,Closed,24,7.1,No,None,0,No,5,No,Incident,User error,APAC
HD-260825-01492,2026-08-25 09:58,58,2026-08-26 03:12,P4,Account Provisioning,New starter,Portal,SMB,Identity & Access,Farah Latif,Closed,72,17.24,No,None,0,No,4,No,Incident,Configuration,APAC
HD-260711-01891,2026-07-11 11:05,84,2026-07-11 17:03,P3,VPN & Remote Access,VPN disconnect,Email,Mid-Market,Network Ops,Arjun Bhat,Resolved,24,5.97,No,None,1,No,4,No,Service request,Configuration,EMEA
HD-260405-02004,2026-04-05 08:53,166,2026-04-07 11:20,P4,Telephony,Call quality,Chat,Mid-Market,Network Ops,Zoya Hussain,Resolved,72,50.45,No,None,0,No,3,No,Service request,User error,North America
HD-260511-01289,2026-05-11 17:28,60,2026-05-11 22:20,P2,VPN & Remote Access,VPN login,Phone,SMB,Network Ops,Farah Latif,Closed,8,4.88,No,None,0,Yes,4,No,Service request,Capacity,APAC
HD-260311-03975,2026-03-11 13:00,34,,P2,Performance,High memory,Email,Internal,Service Desk L1,Rohan Mehta,Open,8,,No,None,1,No,,No,How-to,Hardware fault,EMEA
HD-260602-04039,2026-06-02 15:36,352,2026-06-03 06:05,P4,Account Provisioning,Offboarding,Phone,Mid-Market,Endpoint Ops,Neha Thomas,Closed,72,14.49,No,None,0,No,4,No,Performance issue,Capacity,North America
HD-260414-03626,2026-04-14 08:09,53,2026-04-14 16:01,P3,Network,Switch port,Chat,Internal,Service Desk L2,Arjun Bhat,Resolved,24,7.88,No,None,0,No,5,No,Incident,Network condition,EMEA
HD-260818-02092,2026-08-18 11:38,197,2026-08-19 22:51,P4,Performance,High CPU,Email,Enterprise,Business Apps,Karan Verma,Resolved,72,35.23,No,None,0,No,4,No,Performance issue,Hardware fault,EMEA
HD-260427-03404,2026-04-27 09:01,31,2026-04-27 17:28,P3,Software & Applications,Version issue,Email,SMB,Service Desk L2,Arjun Bhat,Closed,24,8.45,No,None,0,No,5,No,Service request,Software defect,EMEA
HD-260619-01543,2026-06-19 18:46,29,,P3,Performance,Slow device,Portal,Mid-Market,Service Desk L2,Meera Joseph,Pending,24,,No,None,0,No,,No,Performance issue,Hardware fault,North America
HD-260615-01859,2026-06-15 14:24,157,2026-06-16 08:12,P4,Access & Identity,Permission request,Phone,Mid-Market,Identity & Access,Zoya Hussain,Resolved,72,17.81,No,None,0,No,5,No,Incident,Access policy,APAC
HD-260618-01686,2026-06-18 09:59,55,2026-06-18 15:54,P2,Printing & Peripherals,Peripheral setup,Phone,Enterprise,Endpoint Ops,Karan Verma,Resolved,8,5.92,No,None,0,No,,No,Incident,Access policy,EMEA
HD-260514-04376,2026-05-14 11:16,26,2026-05-14 14:19,P2,Cloud & SaaS,Subscription,Chat,Enterprise,Business Apps,Karan Verma,Resolved,8,3.05,No,None,0,No,5,No,How-to,Unknown,EMEA
HD-260701-02368,2026-07-01 14:14,301,2026-07-03 13:05,P4,Performance,Disk space,Chat,Mid-Market,Service Desk L2,Sana Rahman,Closed,72,46.86,No,None,0,No,3,No,Service request,Hardware fault,North America
HD-260430-03673,2026-04-30 09:16,234,2026-05-02 00:17,P4,Email & Collaboration,Teams/Meetings,Chat,Enterprise,Endpoint Ops,Karan Verma,Resolved,72,39.03,No,None,0,No,,No,Service request,Network condition,APAC
HD-260415-03180,2026-04-15 09:43,21,2026-04-15 11:28,P1,VPN & Remote Access,Remote desktop,Chat,Internal,Network Ops,Arjun Bhat,Resolved,4,1.76,No,None,0,No,4,No,Service request,Access policy,APAC
HD-260513-04048,2026-05-13 11:27,167,2026-05-14 09:40,P3,Email & Collaboration,Mailbox,Chat,SMB,Endpoint Ops,Karan Verma,Resolved,24,22.22,No,None,1,No,4,No,Service request,Hardware fault,North America
HD-260817-03795,2026-08-17 16:16,138,2026-08-18 04:32,P3,Endpoint Security,Security policy,Email,Mid-Market,Identity & Access,Farah Latif,Closed,24,12.27,No,None,0,No,5,No,Incident,Capacity,EMEA
HD-260428-03470,2026-04-28 14:38,127,2026-04-28 20:09,P3,Hardware,Monitor,Portal,Enterprise,Service Desk L1,Imran Dar,Closed,24,5.52,No,None,1,No,4,No,Incident,Software defect,EMEA
HD-260810-01783,2026-08-10 14:53,22,2026-08-10 21:08,P1,Email & Collaboration,Mailbox,Chat,Mid-Market,Service Desk L1,Imran Dar,Closed,4,6.25,Yes,Escalation delay,1,No,3,No,Incident,User error,North America
HD-260313-03760,2026-03-13 09:23,135,2026-03-14 07:35,P4,Performance,Disk space,Email,Enterprise,Network Ops,Zoya Hussain,Resolved,72,22.21,No,None,0,No,4,No,Access request,Access policy,North America
HD-260604-02056,2026-06-04 10:54,78,2026-06-05 05:40,P3,Software & Applications,Version issue,Portal,Mid-Market,Business Apps,Karan Verma,Resolved,24,18.77,No,None,0,No,3,No,Incident,Software defect,APAC
HD-260512-01116,2026-05-12 17:43,59,2026-05-13 15:23,P3,Endpoint Security,Device compliance,Portal,Mid-Market,Service Desk L1,Rohan Mehta,Closed,24,21.67,No,None,1,No,4,No,Incident,Configuration,EMEA
HD-260608-01401,2026-06-08 14:27,173,2026-06-09 03:01,P3,Printing & Peripherals,Scanner,Email,Mid-Market,Network Ops,Zoya Hussain,Closed,24,12.57,No,None,0,No,4,No,Incident,Configuration,APAC
HD-260526-03097,2026-05-26 11:35,64,2026-05-26 19:41,P3,Endpoint Security,EDR alert,Email,SMB,Endpoint Ops,Vikram Patel,Resolved,24,8.11,No,None,0,No,4,No,Incident,Network condition,EMEA
HD-260628-03308,2026-06-28 19:49,76,2026-06-29 06:41,P3,Software & Applications,License,Portal,Enterprise,Business Apps,Sana Rahman,Resolved,24,10.88,No,None,0,No,4,No,How-to,Software defect,North America
HD-260421-03538,2026-04-21 14:16,38,2026-04-21 17:58,P2,Software & Applications,License,Chat,Mid-Market,Service Desk L2,Sana Rahman,Resolved,8,3.71,No,None,0,No,3,No,Access request,Access policy,APAC
HD-260530-01585,2026-05-30 14:59,178,2026-05-31 09:36,P4,Performance,High CPU,Email,Enterprise,Endpoint Ops,Neha Thomas,Closed,72,18.63,No,None,0,No,5,No,Access request,Network condition,EMEA
HD-260716-03270,2026-07-16 15:29,339,2026-07-17 06:00,P4,,Print queue,Phone,SMB,Endpoint Ops,Neha Thomas,Closed,72,14.52,No,None,1,No,4,No,Service request,Unknown,North America
HD-260403-02733,2026-04-03 10:36,177,2026-04-04 08:28,P3,Telephony,Headset,Phone,Enterprise,Network Ops,Arjun Bhat,Resolved,24,21.88,No,None,0,No,,No,Performance issue,Software defect,APAC
HD-260706-03220,2026-07-06 16:05,53,,P3,Printing & Peripherals,Printer offline,Phone,Mid-Market,Service Desk L1,Neha Thomas,Pending,24,,No,None,1,No,,No,Service request,Network condition,North America
HD-260304-04418,2026-03-04 10:56,68,2026-03-04 17:51,P3,Software & Applications,Installation,Email,Mid-Market,Business Apps,Sana Rahman,Closed,24,6.93,No,None,0,No,4,No,Performance issue,Access policy,EMEA
HD-260805-01790,2026-08-05 14:28,68,2026-08-06 08:10,P3,Account Provisioning,Access package,Phone,SMB,Identity & Access,Adil Mir,Resolved,24,17.7,No,None,0,No,4,No,Performance issue,Software defect,North America
HD-260317-03121,2026-03-17 15:44,86,2026-03-18 07:42,P3,Cloud & SaaS,Application outage,Portal,Mid-Market,Service Desk L2,Sana Rahman,Closed,24,15.98,No,None,2,No,3,No,Incident,User error,North America
HD-260728-01900,2026-07-28 15:05,42,2026-07-28 22:51,P3,Email & Collaboration,Teams/Meetings,Email,SMB,Network Ops,Farah Latif,Closed,24,7.78,No,None,0,No,5,No,Access request,Network condition,APAC
HD-260407-01685,2026-04-07 14:50,118,2026-04-08 08:18,P3,Telephony,Headset,Portal,Internal,Service Desk L2,Sana Rahman,Closed,24,17.48,No,None,0,No,3,No,Performance issue,User error,EMEA
HD-260811-03758,2026-08-11 13:25,229,2026-08-13 07:55,P4,Hardware,Docking station,Portal,Enterprise,Service Desk L2,Vikram Patel,Resolved,72,42.51,No,None,1,Yes,,No,Service request,User error,EMEA
HD-260710-04555,2026-07-10 14:00,214,2026-07-12 07:30,P4,Software & Applications,Application error,Portal,Mid-Market,Business Apps,Imran Dar,Closed,72,41.51,No,None,1,No,5,No,Performance issue,Vendor issue,EMEA
HD-260717-03384,2026-07-17 10:50,141,,P3,Printing & Peripherals,Print queue,Chat,Internal,Endpoint Ops,Karan Verma,Pending,24,,No,None,0,No,,No,Incident,Unknown,APAC
HD-260610-03190,2026-06-10 11:31,58,,P2,Network,LAN connectivity,Portal,Mid-Market,Network Ops,Deepak Nair,Pending,8,,No,None,0,No,,No,Incident,Network condition,EMEA
HD-260510-02945,2026-05-10 11:30,152,2026-05-10 19:23,P3,VPN & Remote Access,VPN login,Email,Enterprise,Network Ops,Farah Latif,Resolved,24,7.89,No,None,1,No,,No,Incident,User error,APAC
HD-260612-01645,2026-06-12 09:17,45,2026-06-12 15:05,P3,Performance,High memory,Portal,Enterprise,Service Desk L1,Rohan Mehta,Closed,24,5.81,No,None,0,No,4,No,Incident,Access policy,North America
HD-260519-03229,2026-05-19 10:33,87,2026-05-20 11:16,P3,Access & Identity,MFA issue,Phone,Internal,Identity & Access,Zoya Hussain,Closed,24,24.73,Yes,Complex investigation,0,No,4,No,Incident,Software defect,EMEA
HD-260328-04023,2026-03-28 21:41,25,2026-03-29 21:59,P3,Access & Identity,Password reset,Email,Enterprise,Identity & Access,Nadia Ali,Resolved,24,24.3,Yes,Escalation delay,1,No,4,No,How-to,Configuration,North America
HD-260617-01957,2026-06-17 10:47,22,2026-06-17 16:14,P2,VPN & Remote Access,Remote desktop,Email,SMB,Service Desk L2,Sana Rahman,Resolved,8,5.46,No,None,0,No,4,No,Service request,Capacity,EMEA
HD-260722-03578,2026-07-22 17:09,112,2026-07-23 10:57,P3,Access & Identity,Permission request,Portal,Mid-Market,Identity & Access,,Resolved,24,17.81,No,None,0,No,4,No,Incident,Network condition,North America
HD-260513-02738,2026-05-13 14:10,33,2026-05-14 02:37,P3,Access & Identity,MFA issue,Portal,Mid-Market,Identity & Access,Deepak Nair,Resolved,24,12.46,No,None,0,No,4,No,Incident,Software defect,North America
HD-260709-04513,2026-07-09 11:41,52,,P2,Printing & Peripherals,Peripheral setup,Portal,SMB,Service Desk L1,Neha Thomas,Pending,8,,No,None,0,No,,No,Incident,Configuration,North America
HD-260327-04491,2026-03-27 15:31,152,2026-03-27 21:08,P3,Email & Collaboration,Teams/Meetings,Portal,Enterprise,Service Desk L2,Arjun Bhat,Closed,24,5.63,No,None,3,No,4,No,Access request,Access policy,North America
HD-260331-03354,2026-03-31 13:38,14,2026-03-31 21:23,P2,Cloud & SaaS,Application outage,Email,Internal,Business Apps,Imran Dar,Resolved,8,7.75,No,None,0,No,4,No,Service request,Hardware fault,APAC
HD-260324-03843,2026-03-24 12:32,277,,P4,Hardware,Monitor,Portal,Internal,Service Desk L1,Neha Thomas,Open,72,,No,None,0,Yes,,No,Service request,Configuration,North America
HD-260327-03866,2026-03-27 09:11,94,2026-03-28 06:26,P3,Email & Collaboration,Mailbox,Portal,SMB,Service Desk L1,Imran Dar,Resolved,24,21.26,No,None,0,Yes,4,Yes,Incident,User error,EMEA
HD-260710-04587,2026-07-10 19:28,210,2026-07-12 04:36,P4,Hardware,Keyboard/Mouse,Portal,Enterprise,Service Desk L1,Rohan Mehta,Resolved,72,33.14,No,None,0,No,4,No,Incident,Access policy,EMEA
HD-260521-04358,2026-05-21 18:42,57,2026-05-22 02:13,P3,,SSO,Phone,SMB,Business Apps,Sana Rahman,Closed,24,7.52,No,None,1,No,5,No,Service request,Vendor issue,EMEA
HD-260316-03208,2026-03-16 13:33,104,2026-03-16 19:00,P3,Endpoint Security,Security policy,Phone,Enterprise,Endpoint Ops,Karan Verma,Closed,24,5.46,No,None,0,No,4,No,Incident,Configuration,North America
HD-260824-01566,2026-08-24 09:16,124,2026-08-26 13:29,P4,Hardware,Docking station,Phone,Internal,Service Desk L1,Priya Shah,Resolved,72,52.22,No,None,0,No,3,No,Service request,Vendor issue,APAC
HD-260502-01283,2026-05-02 11:13,148,2026-05-03 04:52,P4,Telephony,Call quality,Portal,SMB,Service Desk L2,Vikram Patel,Resolved,72,17.65,No,None,0,No,,No,Service request,Configuration,North America
HD-260421-02920,2026-04-21 13:56,24,,P3,Telephony,Call quality,Portal,Mid-Market,Network Ops,Farah Latif,Pending,24,,No,None,0,No,,No,Performance issue,Hardware fault,North America
HD-260812-01651,2026-08-12 12:51,114,2026-08-13 08:35,P4,Software & Applications,Application error,Email,SMB,Service Desk L2,Meera Joseph,Resolved,72,19.74,No,None,0,No,3,No,Incident,Hardware fault,North America
HD-260715-03862,2026-07-15 14:03,62,2026-07-15 19:45,P3,Network,LAN connectivity,Chat,Internal,Service Desk L2,Arjun Bhat,Closed,24,5.71,No,None,0,Yes,3,No,Incident,Access policy,North America
HD-260323-01242,2026-03-23 17:52,167,2026-03-24 14:19,P4,Network,LAN connectivity,Email,Mid-Market,Network Ops,Farah Latif,Resolved,72,20.45,No,None,0,No,4,No,Access request,User error,APAC
HD-260817-03461,2026-08-17 13:46,62,2026-08-18 13:20,P3,Account Provisioning,New starter,Portal,SMB,Service Desk L1,Karan Verma,Resolved,24,23.57,No,None,0,No,3,No,Incident,Unknown,North America
HD-260419-04492,2026-04-19 15:10,181,2026-04-21 15:28,P4,Printing & Peripherals,Print queue,Chat,Enterprise,Service Desk L1,Rohan Mehta,Resolved,72,48.31,No,None,1,No,3,No,Service request,Configuration,APAC
HD-260429-01942,2026-04-29 16:06,47,2026-04-29 19:51,P2,Network,LAN connectivity,Chat,Enterprise,Service Desk L2,Sana Rahman,Resolved,8,3.75,No,None,0,No,4,No,How-to,User error,APAC
HD-260614-03999,2026-06-14 10:10,101,2026-06-15 03:51,P4,VPN & Remote Access,Split tunnel,Chat,Enterprise,Network Ops,Arjun Bhat,Closed,72,17.69,No,None,2,No,4,No,Service request,Software defect,EMEA
HD-260716-03201,2026-07-16 11:06,340,2026-07-18 14:31,P4,Email & Collaboration,Teams/Meetings,Email,SMB,Service Desk L1,Neha Thomas,Resolved,72,51.42,No,None,2,No,3,No,Service request,Configuration,North America
HD-260306-01147,2026-03-06 12:02,147,2026-03-06 20:22,P3,Network,Switch port,Portal,Mid-Market,Network Ops,Zoya Hussain,Closed,24,8.34,No,None,1,Yes,5,No,Incident,Configuration,EMEA
HD-260410-04464,2026-04-10 16:44,51,,P2,Network,Wi-Fi,Email,Mid-Market,Network Ops,Farah Latif,Open,8,,No,None,0,No,,No,Incident,Access policy,APAC
HD-260309-02401,2026-03-09 15:44,150,,P4,Performance,High memory,Portal,Mid-Market,Service Desk L2,Vikram Patel,Pending,72,,No,None,1,No,,No,Incident,User error,North America
HD-260414-03804,2026-04-14 08:57,161,2026-04-14 16:17,P3,Telephony,Headset,Email,SMB,Network Ops,Arjun Bhat,Resolved,24,7.34,No,None,0,No,4,No,Incident,User error,EMEA
HD-260317-03609,2026-03-17 15:31,332,2026-03-19 05:19,P4,VPN & Remote Access,Split tunnel,Email,Mid-Market,Service Desk L2,Vikram Patel,Resolved,72,37.81,No,None,0,Yes,3,No,Incident,Access policy,APAC
HD-260407-03301,2026-04-07 08:19,115,2026-04-08 08:57,P3,Telephony,Headset,Phone,Mid-Market,Service Desk L2,Vikram Patel,Closed,24,24.64,Yes,Dependency delay,0,No,2,Yes,Incident,User error,EMEA
HD-260729-02834,2026-07-29 09:01,195,2026-07-31 04:12,P4,VPN & Remote Access,VPN disconnect,Portal,Mid-Market,Service Desk L2,Vikram Patel,Closed,72,43.19,No,None,0,No,3,No,Service request,User error,EMEA
HD-260528-04103,2026-05-28 11:09,38,2026-05-28 14:37,P2,Hardware,Monitor,Portal,Mid-Market,Service Desk L1,Priya Shah,Resolved,8,3.47,No,None,0,No,5,No,How-to,Vendor issue,EMEA
HD-260401-03987,2026-04-01 16:05,100,2026-04-02 11:09,P3,VPN & Remote Access,VPN disconnect,Phone,Mid-Market,Network Ops,Deepak Nair,Closed,24,19.07,No,None,2,No,3,Yes,Incident,Network condition,North America
HD-260515-02766,2026-05-15 10:04,118,2026-05-15 17:37,P3,Cloud & SaaS,Subscription,Chat,Mid-Market,Business Apps,Karan Verma,Resolved,24,7.55,No,None,0,No,5,No,Service request,Unknown,North America
HD-260713-01775,2026-07-13 14:08,212,2026-07-15 05:06,P4,Performance,Disk space,Portal,Mid-Market,Service Desk L2,Arjun Bhat,Resolved,72,38.98,No,None,1,No,4,No,Performance issue,Capacity,North America
HD-260513-04545,2026-05-13 09:29,76,2026-05-14 02:17,P3,,Peripheral setup,Portal,SMB,Service Desk L2,Vikram Patel,Resolved,24,16.81,No,None,0,No,4,No,Access request,Hardware fault,APAC
HD-260506-02806,2026-05-06 15:08,61,2026-05-06 17:26,P2,Hardware,Keyboard/Mouse,Portal,SMB,Network Ops,Deepak Nair,Closed,8,2.3,No,None,1,Yes,3,Yes,Incident,User error,EMEA
HD-260817-01278,2026-08-17 11:10,30,,P2,Telephony,Extension,Email,SMB,Service Desk L2,Sana Rahman,Pending,8,,No,None,0,No,,No,How-to,Unknown,EMEA
HD-260310-01456,2026-03-10 16:57,35,2026-03-10 23:34,P2,Performance,High memory,Email,SMB,Endpoint Ops,Sana Rahman,Resolved,8,6.63,No,None,0,Yes,2,No,Performance issue,User error,North America
HD-260402-02266,2026-04-02 14:01,4,2026-04-02 19:11,P1,Telephony,Softphone,Portal,Enterprise,Service Desk L2,Arjun Bhat,Closed,4,5.17,Yes,High queue volume,0,Yes,3,No,Incident,Hardware fault,North America
HD-260408-02387,2026-04-08 13:34,185,2026-04-09 04:02,P4,Software & Applications,Installation,Portal,Enterprise,Service Desk L2,Sana Rahman,Closed,72,14.48,No,None,0,No,3,No,Service request,User error,North America
HD-260306-03081,2026-03-06 16:41,124,,P3,Endpoint Security,EDR alert,Portal,Internal,Identity & Access,Deepak Nair,Pending,24,,No,None,0,No,,No,Performance issue,Network condition,North America
HD-260601-04230,2026-06-01 09:13,20,2026-06-01 12:33,P1,Network,DNS/DHCP,Portal,Mid-Market,Network Ops,Deepak Nair,Closed,4,3.34,No,None,1,No,3,Yes,Incident,User error,North America
HD-260820-02265,2026-08-20 14:20,159,2026-08-21 04:20,P3,VPN & Remote Access,VPN login,Chat,Mid-Market,Service Desk L2,Sana Rahman,Closed,24,14.01,No,None,0,No,3,No,Service request,Access policy,APAC
HD-260625-01807,2026-06-25 10:40,157,2026-06-25 16:02,P3,VPN & Remote Access,VPN disconnect,Chat,Enterprise,Service Desk L2,Sana Rahman,Resolved,24,5.37,No,None,0,No,4,No,Service request,Hardware fault,North America
HD-260612-02454,2026-06-12 13:05,56,2026-06-12 15:32,P2,VPN & Remote Access,Split tunnel,Email,Mid-Market,Network Ops,Arjun Bhat,Resolved,8,2.45,No,None,0,Yes,4,No,Incident,Network condition,EMEA
HD-260324-03916,2026-03-24 12:15,160,2026-03-24 23:20,P3,Cloud & SaaS,Integration,Phone,Enterprise,Service Desk L2,Sana Rahman,Resolved,24,11.09,No,None,0,No,4,No,Service request,Configuration,APAC
HD-260728-02181,2026-07-28 08:50,54,2026-07-29 06:03,P3,Hardware,Monitor,Phone,SMB,Service Desk L2,Arjun Bhat,Resolved,24,21.23,No,None,0,Yes,4,No,Incident,Access policy,North America
HD-260304-03993,2026-03-04 12:41,29,2026-03-04 17:26,P2,Access & Identity,Account locked,Chat,Mid-Market,Service Desk L1,Priya Shah,Closed,8,4.76,No,None,1,No,4,No,Incident,Vendor issue,North America
HD-260430-04188,2026-04-30 15:16,352,2026-05-01 13:57,P4,Performance,High CPU,Portal,Mid-Market,Service Desk L1,Priya Shah,Closed,72,22.69,No,None,0,No,5,No,Access request,Access policy,North America
HD-260519-04454,2026-05-19 15:43,127,2026-05-20 05:13,P3,Account Provisioning,Role change,Portal,Mid-Market,Identity & Access,Nadia Ali,Resolved,24,13.5,No,None,0,No,3,No,Access request,User error,APAC
HD-260627-02773,2026-06-27 15:21,9,2026-06-27 20:15,P2,Hardware,Docking station,Portal,SMB,Service Desk L1,Priya Shah,Closed,8,4.9,No,None,0,Yes,3,Yes,Access request,Configuration,EMEA
HD-260604-01576,2026-06-04 15:30,90,2026-06-05 07:28,P4,Email & Collaboration,Mailbox,Phone,Internal,Service Desk L1,Priya Shah,Resolved,72,15.97,No,None,0,No,4,No,Access request,Unknown,APAC
HD-260303-03603,2026-03-03 13:36,62,,P3,Printing & Peripherals,Scanner,Email,Enterprise,Business Apps,Imran Dar,Open,24,,No,None,1,Yes,,No,How-to,Software defect,APAC
HD-260331-02139,2026-03-31 11:47,65,2026-03-31 19:15,P3,VPN & Remote Access,VPN disconnect,Chat,Mid-Market,Service Desk L2,Vikram Patel,Resolved,24,7.47,No,None,0,Yes,4,No,Incident,Software defect,APAC
HD-260529-04352,2026-05-29 17:24,176,,P4,VPN & Remote Access,Split tunnel,Chat,SMB,Network Ops,Zoya Hussain,Pending,72,,No,None,1,No,,No,Incident,Network condition,EMEA
HD-260808-04224,2026-08-08 10:28,10,2026-08-08 14:46,P1,Software & Applications,Version issue,Portal,Internal,Business Apps,Neha Thomas,Resolved,4,4.3,Yes,High queue volume,0,No,,No,How-to,Software defect,EMEA
HD-260715-04254,2026-07-15 11:40,46,2026-07-16 02:04,P4,Telephony,Extension,Portal,Enterprise,Service Desk L2,Arjun Bhat,Resolved,72,14.4,No,None,0,No,4,No,Incident,Network condition,North America
HD-260629-02996,2026-06-29 14:28,74,2026-06-30 04:46,P3,Hardware,Monitor,Email,SMB,Service Desk L2,Vikram Patel,Resolved,24,14.3,No,None,0,Yes,2,No,Incident,User error,APAC
HD-260615-01614,2026-06-15 14:20,31,2026-06-15 20:47,P3,VPN & Remote Access,VPN disconnect,Email,SMB,Service Desk L2,Sana Rahman,Resolved,24,6.45,No,None,0,Yes,5,No,Incident,Unknown,North America
HD-260729-01053,2026-07-29 11:33,86,2026-07-29 22:28,P3,Cloud & SaaS,SSO,Phone,Mid-Market,Business Apps,Sana Rahman,Closed,24,10.92,No,None,0,No,,No,How-to,Vendor issue,EMEA
HD-260324-02428,2026-03-24 12:01,49,2026-03-24 19:36,P3,Cloud & SaaS,Integration,Phone,Enterprise,Business Apps,Sana Rahman,Resolved,24,7.59,No,None,0,No,3,No,Service request,Access policy,North America
HD-260408-03300,2026-04-08 14:07,225,2026-04-09 17:01,P4,Hardware,Monitor,Chat,Enterprise,Identity & Access,Adil Mir,Closed,72,26.9,No,None,0,Yes,4,No,Service request,Software defect,North America
HD-260604-03994,2026-06-04 17:29,52,2026-06-05 14:33,P3,Email & Collaboration,Distribution list,Email,Internal,Endpoint Ops,Vikram Patel,Resolved,24,21.08,No,None,1,No,4,No,Performance issue,Configuration,APAC
HD-260828-03163,2026-08-28 08:50,349,2026-08-29 17:37,P4,Software & Applications,Version issue,Email,Internal,Service Desk L1,Priya Shah,Resolved,72,32.79,No,None,0,Yes,3,Yes,Incident,User error,North America
HD-260514-04143,2026-05-14 12:06,67,2026-05-15 02:24,P3,Endpoint Security,Device compliance,Portal,Mid-Market,Identity & Access,Nadia Ali,Closed,24,14.31,No,None,0,No,3,No,Incident,Capacity,APAC
HD-260619-03243,2026-06-19 08:17,97,2026-06-19 13:35,P3,Cloud & SaaS,Integration,Email,Enterprise,Service Desk L1,Neha Thomas,Closed,24,5.3,No,None,0,No,3,No,Performance issue,Network condition,North America
HD-260402-03969,2026-04-02 11:57,21,2026-04-04 04:57,P4,Performance,High CPU,Portal,SMB,Endpoint Ops,Neha Thomas,Resolved,72,41.01,No,None,0,No,5,Yes,Service request,User error,APAC
HD-260623-01255,2026-06-23 17:06,191,2026-06-24 11:49,P4,Performance,Disk space,Email,SMB,Endpoint Ops,Vikram Patel,Closed,72,18.73,No,None,0,No,4,No,Service request,Access policy,APAC
HD-260518-03854,2026-05-18 11:39,52,,P3,Printing & Peripherals,Print queue,Email,SMB,Service Desk L1,Priya Shah,Pending,24,,No,None,0,No,,Yes,Access request,Network condition,EMEA
HD-260327-01277,2026-03-27 10:44,17,2026-03-28 03:28,P3,VPN & Remote Access,VPN disconnect,Phone,Internal,Service Desk L2,Vikram Patel,Resolved,24,16.74,No,None,0,Yes,,No,Service request,Unknown,EMEA
HD-260616-02523,2026-06-16 14:28,6,2026-06-16 19:31,P1,Hardware,Docking station,Email,Mid-Market,Service Desk L2,Arjun Bhat,Closed,4,5.06,Yes,High queue volume,0,No,2,No,Incident,Software defect,EMEA
HD-260325-01864,2026-03-25 15:20,61,2026-03-25 20:35,P2,Network,Wi-Fi,Chat,Enterprise,Network Ops,Arjun Bhat,Resolved,8,5.25,No,None,0,Yes,4,No,Incident,Hardware fault,APAC
HD-260415-03967,2026-04-15 12:49,32,2026-04-16 08:24,P4,Endpoint Security,Security policy,Email,SMB,Identity & Access,Nadia Ali,Closed,72,19.59,No,None,3,No,5,No,Access request,Configuration,APAC
HD-260716-02607,2026-07-16 15:06,28,2026-07-16 19:39,P2,Software & Applications,License,Chat,SMB,Business Apps,Imran Dar,Closed,8,4.55,No,None,1,No,4,No,Incident,Software defect,EMEA
HD-260411-01324,2026-04-11 11:15,164,2026-04-12 07:22,P3,Email & Collaboration,Calendar,Portal,SMB,Endpoint Ops,Sana Rahman,Resolved,24,20.13,No,None,0,Yes,3,No,How-to,Network condition,North America
HD-260406-04137,2026-04-06 12:12,124,2026-04-08 03:04,P4,VPN & Remote Access,VPN disconnect,Chat,Enterprise,Service Desk L2,Arjun Bhat,Resolved,72,38.87,No,None,2,No,5,No,Incident,Configuration,EMEA
HD-260805-02100,2026-08-05 15:18,24,2026-08-05 23:55,P3,VPN & Remote Access,VPN disconnect,Portal,Enterprise,Network Ops,Farah Latif,Closed,24,8.62,No,None,0,No,5,No,Incident,Software defect,APAC
HD-260513-02036,2026-05-13 08:05,358,2026-05-14 21:45,P4,Network,DNS/DHCP,Chat,Mid-Market,Network Ops,Zoya Hussain,Resolved,72,37.68,No,None,0,No,5,No,Service request,Hardware fault,EMEA
HD-260806-02226,2026-08-06 09:28,170,2026-08-07 04:45,P4,Access & Identity,Password reset,Email,Internal,Endpoint Ops,Vikram Patel,Closed,72,19.29,No,None,0,No,4,No,Incident,Unknown,North America
HD-260316-01448,2026-03-16 14:08,243,2026-03-17 09:25,P4,Hardware,Keyboard/Mouse,Phone,Internal,Service Desk L1,Aisha Khan,Resolved,72,19.29,No,None,0,No,4,No,Service request,Software defect,APAC
HD-260618-01616,2026-06-18 20:26,277,2026-06-20 02:09,P4,Access & Identity,Permission request,Chat,Enterprise,Identity & Access,Deepak Nair,Closed,72,29.72,No,None,0,No,5,No,Incident,Hardware fault,EMEA
HD-260508-03399,2026-05-08 17:22,33,2026-05-08 20:07,P2,Access & Identity,Password reset,Portal,Enterprise,Endpoint Ops,Sana Rahman,Resolved,8,2.76,No,None,0,No,4,No,Incident,Software defect,APAC
HD-260324-04573,2026-03-24 08:06,31,2026-03-24 16:19,P3,Printing & Peripherals,Scanner,Email,SMB,Service Desk L2,Meera Joseph,Resolved,24,8.22,No,None,0,No,5,Yes,Access request,Configuration,North America
HD-260417-01033,2026-04-17 14:53,16,2026-04-17 21:28,P2,VPN & Remote Access,Split tunnel,Chat,SMB,Network Ops,Arjun Bhat,Closed,8,6.59,No,None,0,Yes,4,No,How-to,Capacity,EMEA
HD-260424-02159,2026-04-24 17:24,5,2026-04-24 19:55,P1,Account Provisioning,New starter,Phone,Enterprise,Service Desk L1,Imran Dar,Closed,4,2.53,No,None,0,No,4,No,Incident,Unknown,APAC
HD-260803-01940,2026-08-03 15:30,284,2026-08-04 18:29,P4,Telephony,Headset,Email,Mid-Market,Service Desk L2,Vikram Patel,Closed,72,26.99,No,None,0,No,3,No,Incident,Access policy,EMEA
HD-260601-02787,2026-06-01 13:08,68,2026-06-01 19:38,P3,Cloud & SaaS,Integration,Email,Mid-Market,Business Apps,Imran Dar,Resolved,24,6.5,No,None,1,No,4,No,Performance issue,Configuration,North America
HD-260511-01982,2026-05-11 10:59,68,2026-05-12 03:45,P3,Performance,High memory,Chat,SMB,Service Desk L1,Priya Shah,Closed,24,16.77,No,None,1,No,3,No,Incident,User error,North America
HD-260401-01316,2026-04-01 14:21,12,2026-04-01 22:50,P2,Hardware,Laptop,Chat,Mid-Market,Endpoint Ops,Neha Thomas,Resolved,8,8.49,Yes,High queue volume,0,Yes,4,Yes,Service request,Software defect,North America
HD-260726-01504,2026-07-26 11:05,46,2026-07-26 17:01,P3,Hardware,Keyboard/Mouse,Phone,Mid-Market,Service Desk L1,Aisha Khan,Closed,24,5.94,No,None,0,No,,No,Incident,Hardware fault,EMEA
HD-260528-01804,2026-05-28 17:00,177,2026-05-29 00:22,P3,Software & Applications,License,Portal,Mid-Market,Business Apps,Imran Dar,Closed,24,7.37,No,None,0,No,3,No,Access request,Configuration,APAC
HD-260429-01123,2026-04-29 15:21,144,2026-04-29 21:15,P3,Telephony,Headset,Chat,SMB,Service Desk L2,Sana Rahman,Resolved,24,5.9,No,None,0,No,4,No,Performance issue,Unknown,North America
HD-260617-02563,2026-06-17 12:05,51,2026-06-17 17:54,P3,Account Provisioning,New starter,Email,Mid-Market,Identity & Access,Adil Mir,Resolved,24,5.83,No,None,1,No,3,Yes,Performance issue,Configuration,APAC
HD-260710-03949,2026-07-10 14:12,317,2026-07-11 06:10,P4,Network,LAN connectivity,Portal,Enterprise,Network Ops,Deepak Nair,Resolved,72,15.97,No,None,0,Yes,5,No,Incident,User error,APAC
HD-260603-04065,2026-06-03 15:54,30,2026-06-03 23:24,P3,Access & Identity,MFA issue,Chat,Enterprise,Identity & Access,Farah Latif,Resolved,24,7.51,No,None,1,No,5,No,Service request,Network condition,APAC
HD-260519-01402,2026-05-19 08:47,22,2026-05-19 22:06,P3,Software & Applications,License,Chat,SMB,Business Apps,Karan Verma,Resolved,24,13.33,No,None,0,Yes,5,No,Access request,Hardware fault,APAC
HD-260327-03507,2026-03-27 11:23,331,2026-03-28 03:54,P4,Account Provisioning,Role change,Phone,Enterprise,Identity & Access,Zoya Hussain,Closed,72,16.52,No,None,1,No,3,No,Performance issue,Hardware fault,APAC
HD-260812-04382,2026-08-12 19:36,19,2026-08-13 02:30,P3,VPN & Remote Access,VPN disconnect,Portal,Mid-Market,Service Desk L2,Meera Joseph,Closed,24,6.91,No,None,0,No,,No,Incident,User error,APAC
HD-260727-01939,2026-07-27 15:46,126,2026-07-27 21:04,P3,Telephony,Softphone,Email,Enterprise,Service Desk L2,Sana Rahman,Closed,24,5.31,No,None,0,No,,No,Incident,Capacity,North America
HD-260814-03282,2026-08-14 13:54,121,2026-08-14 19:52,P3,Email & Collaboration,Calendar,Phone,Internal,Service Desk L2,Sana Rahman,Resolved,24,5.98,No,None,0,No,,No,How-to,User error,APAC
HD-260709-01037,2026-07-09 11:55,44,2026-07-09 17:14,P3,Telephony,Call quality,Email,Internal,Network Ops,Arjun Bhat,Resolved,24,5.32,No,None,2,No,4,No,Access request,Configuration,APAC
HD-260811-02961,2026-08-11 12:46,23,2026-08-11 18:52,P3,Printing & Peripherals,Printer offline,Chat,Enterprise,Network Ops,Zoya Hussain,Resolved,24,6.1,No,None,1,No,4,No,Access request,Hardware fault,EMEA
HD-260512-01327,2026-05-12 10:27,55,2026-05-13 03:24,P3,VPN & Remote Access,VPN login,Phone,Enterprise,Network Ops,Deepak Nair,Closed,24,16.95,No,None,0,No,3,No,Incident,Capacity,APAC
HD-260714-02322,2026-07-14 15:16,35,2026-07-14 18:01,P2,Account Provisioning,New starter,Email,Internal,Identity & Access,Adil Mir,Resolved,8,2.75,No,None,0,No,4,No,Service request,Hardware fault,North America
HD-260729-03263,2026-07-29 11:16,28,2026-07-29 17:43,P2,Account Provisioning,Role change,Email,Mid-Market,Endpoint Ops,Sana Rahman,Resolved,8,6.46,No,None,0,Yes,,No,How-to,Unknown,North America
HD-260320-03798,2026-03-20 13:42,54,2026-03-21 01:25,P3,Hardware,Docking station,Chat,Enterprise,Service Desk L1,Priya Shah,Closed,24,11.72,No,None,0,No,5,No,Service request,Configuration,EMEA
HD-260611-02365,2026-06-11 15:09,180,2026-06-11 21:09,P3,Endpoint Security,Security policy,Email,Enterprise,Identity & Access,Farah Latif,Resolved,24,6.01,No,None,2,No,4,No,Service request,User error,APAC
HD-260709-01630,2026-07-09 16:23,110,2026-07-10 14:53,P3,Account Provisioning,Offboarding,Chat,Mid-Market,Identity & Access,Nadia Ali,Resolved,24,22.51,No,None,1,No,4,No,Incident,Unknown,APAC
HD-260828-01846,2026-08-28 21:46,35,2026-08-29 19:22,P3,Account Provisioning,Access package,Portal,SMB,Identity & Access,Adil Mir,Closed,24,21.6,No,None,0,Yes,3,No,How-to,Access policy,APAC
HD-260507-01592,2026-05-07 12:43,146,2026-05-07 21:58,P3,Email & Collaboration,Mailbox,Email,Mid-Market,Service Desk L1,Imran Dar,Resolved,24,9.25,No,None,0,No,5,No,Access request,Network condition,North America
HD-260323-01391,2026-03-23 13:15,46,2026-03-23 17:58,P2,VPN & Remote Access,Split tunnel,Email,Mid-Market,Network Ops,Arjun Bhat,Closed,8,4.73,No,None,1,No,4,No,Incident,User error,North America
HD-260309-02186,2026-03-09 12:02,112,2026-03-10 10:08,P3,Software & Applications,Application error,Phone,Mid-Market,Business Apps,Neha Thomas,Resolved,24,22.1,No,None,2,No,3,No,Performance issue,Unknown,North America
HD-260505-04403,2026-05-05 14:09,134,2026-05-05 20:20,P3,Account Provisioning,New starter,Chat,Mid-Market,Identity & Access,Zoya Hussain,Resolved,24,6.19,No,None,0,No,5,No,Incident,Hardware fault,APAC
HD-260426-03694,2026-04-26 10:17,41,,P4,Software & Applications,Version issue,Phone,SMB,Business Apps,Imran Dar,Pending,72,,No,None,0,No,,No,Incident,User error,North America
HD-260828-04177,2026-08-28 09:55,41,2026-08-28 16:02,P2,Cloud & SaaS,Application outage,Portal,Enterprise,Service Desk L2,Vikram Patel,Resolved,8,6.13,No,None,0,No,4,No,Performance issue,Configuration,APAC
HD-260627-01218,2026-06-27 12:05,46,2026-06-27 22:36,P2,Endpoint Security,Device compliance,Portal,SMB,Service Desk L1,Imran Dar,Closed,8,10.52,Yes,Complex investigation,1,No,3,Yes,Incident,Capacity,North America
HD-260528-03483,2026-05-28 18:21,21,2026-05-29 16:16,P3,Software & Applications,License,Portal,Internal,Business Apps,Priya Shah,Resolved,24,21.92,No,None,1,No,4,No,How-to,Access policy,EMEA
HD-260824-03835,2026-08-24 08:57,42,2026-08-24 18:33,P3,Email & Collaboration,Distribution list,Portal,Mid-Market,Service Desk L1,Karan Verma,Resolved,24,9.61,No,None,0,No,4,Yes,Incident,Capacity,APAC
HD-260515-03610,2026-05-15 11:46,57,2026-05-15 22:04,P2,Network,LAN connectivity,Chat,Enterprise,Network Ops,Farah Latif,Resolved,8,10.31,Yes,Escalation delay,1,No,2,No,Performance issue,Configuration,APAC
HD-260519-03897,2026-05-19 16:13,98,2026-05-20 15:29,P4,Software & Applications,Application error,Portal,Internal,Business Apps,Sana Rahman,Resolved,72,23.27,No,None,0,No,5,No,Incident,Network condition,APAC
HD-260409-02086,2026-04-09 11:48,38,2026-04-10 04:00,P3,Email & Collaboration,Mailbox,Email,Mid-Market,Service Desk L2,Sana Rahman,Closed,24,16.2,No,None,0,No,2,No,Access request,Configuration,North America
HD-260727-04562,2026-07-27 15:37,103,2026-07-28 05:26,P3,Endpoint Security,EDR alert,Portal,Mid-Market,Service Desk L1,Neha Thomas,Closed,24,13.83,No,None,0,No,4,No,Service request,Configuration,EMEA
HD-260514-01203,2026-05-14 13:33,29,2026-05-14 19:08,P2,Account Provisioning,Role change,Chat,Mid-Market,Endpoint Ops,Vikram Patel,Resolved,8,5.59,No,None,1,No,2,No,Service request,User error,North America
HD-260630-01953,2026-06-30 13:47,21,2026-07-02 15:16,P4,Access & Identity,Password reset,Portal,Enterprise,Identity & Access,Adil Mir,Closed,72,49.49,No,None,0,No,,No,Service request,Software defect,EMEA
HD-260729-02305,2026-07-29 09:17,28,2026-07-30 14:09,P4,Telephony,Headset,Chat,Mid-Market,Service Desk L2,Meera Joseph,Resolved,72,28.88,No,None,1,No,3,No,Incident,Network condition,EMEA
HD-260615-01412,2026-06-15 14:06,67,2026-06-16 15:27,P3,Hardware,Keyboard/Mouse,Portal,Enterprise,Endpoint Ops,Neha Thomas,Resolved,24,25.36,Yes,Escalation delay,0,No,2,No,Incident,Configuration,EMEA
HD-260515-02860,2026-05-15 11:43,319,2026-05-16 05:47,P4,VPN & Remote Access,Split tunnel,Email,Internal,Network Ops,Farah Latif,Resolved,72,18.07,No,None,0,No,4,No,How-to,Capacity,APAC
HD-260818-02554,2026-08-18 17:48,176,,P3,Access & Identity,MFA issue,Email,Enterprise,Identity & Access,Farah Latif,Pending,24,,No,None,1,No,,Yes,Access request,Configuration,North America
HD-260619-04222,2026-06-19 10:52,278,2026-06-21 14:50,P4,Hardware,Laptop,Portal,Mid-Market,Service Desk L1,Karan Verma,Resolved,72,51.97,No,None,1,No,3,No,Incident,Hardware fault,EMEA
HD-260522-03887,2026-05-22 16:44,166,2026-05-23 16:34,P3,Performance,High CPU,Email,Internal,Service Desk L1,Neha Thomas,Resolved,24,23.84,No,None,1,No,4,No,Service request,Software defect,APAC
HD-260729-02123,2026-07-29 12:07,104,2026-07-30 07:10,P3,Account Provisioning,Offboarding,Phone,Mid-Market,Service Desk L1,Imran Dar,Closed,24,19.06,No,None,0,No,,Yes,How-to,Vendor issue,APAC
HD-260316-04593,2026-03-16 17:05,31,2026-03-16 21:57,P2,Printing & Peripherals,Scanner,Phone,SMB,Service Desk L1,Neha Thomas,Resolved,8,4.88,No,None,1,No,4,No,Incident,Access policy,APAC
HD-260703-04508,2026-07-03 11:08,150,2026-07-03 21:41,P3,Printing & Peripherals,Print queue,Chat,Enterprise,Service Desk L1,Neha Thomas,Resolved,24,10.56,No,None,0,No,,No,Service request,Unknown,APAC
HD-260416-03253,2026-04-16 10:57,97,2026-04-16 16:57,P3,Account Provisioning,Offboarding,Phone,Mid-Market,Service Desk L1,Rohan Mehta,Closed,24,6,No,None,0,No,3,No,Access request,Access policy,APAC
HD-260415-01517,2026-04-15 13:51,80,2026-04-16 01:19,P3,Telephony,Call quality,Portal,Internal,Network Ops,Arjun Bhat,Resolved,24,11.48,No,None,0,No,5,No,Performance issue,Configuration,EMEA
HD-260504-02328,2026-05-04 10:34,164,2026-05-05 07:22,P3,Endpoint Security,EDR alert,Portal,Enterprise,Identity & Access,Farah Latif,Resolved,24,20.8,No,None,0,No,4,No,Access request,Hardware fault,APAC
HD-260623-01834,2026-06-23 12:37,69,2026-06-23 21:08,P3,Printing & Peripherals,Print queue,Chat,SMB,Business Apps,,Resolved,24,8.53,No,None,1,No,5,No,Access request,Configuration,North America
HD-260820-01618,2026-08-20 13:08,99,,P3,Telephony,Extension,Chat,Internal,Service Desk L2,Sana Rahman,Pending,24,,No,None,0,No,,No,Performance issue,Access policy,APAC
HD-260812-01467,2026-08-12 10:24,240,2026-08-14 12:22,P4,Cloud & SaaS,Subscription,Chat,Internal,Service Desk L1,Aisha Khan,Resolved,72,49.97,No,None,0,No,3,No,How-to,Access policy,North America
HD-260429-04204,2026-04-29 08:38,47,2026-04-29 13:57,P3,Cloud & SaaS,Subscription,Portal,SMB,Service Desk L2,Arjun Bhat,Resolved,24,5.32,No,None,0,No,,No,Service request,Capacity,APAC
HD-260327-03624,2026-03-27 15:42,15,2026-03-28 12:59,P3,Telephony,Headset,Chat,Enterprise,Network Ops,Zoya Hussain,Resolved,24,21.29,No,None,2,No,4,No,Performance issue,Access policy,APAC
HD-260712-04501,2026-07-12 11:43,180,2026-07-12 18:07,P3,Email & Collaboration,Distribution list,Portal,SMB,Endpoint Ops,Sana Rahman,Closed,24,6.4,No,None,0,No,5,Yes,Incident,Software defect,EMEA
HD-260417-03724,2026-04-17 17:54,177,2026-04-18 03:31,P3,VPN & Remote Access,VPN login,Portal,SMB,Network Ops,Zoya Hussain,Resolved,24,9.62,No,None,0,No,,No,How-to,Vendor issue,APAC
HD-260319-02807,2026-03-19 15:39,168,,P4,Printing & Peripherals,Scanner,Phone,Enterprise,Service Desk L1,Imran Dar,Pending,72,,No,None,1,Yes,,No,How-to,User error,APAC
HD-260423-04288,2026-04-23 10:39,191,2026-04-24 01:36,P4,Access & Identity,Password reset,Chat,Mid-Market,Identity & Access,Deepak Nair,Resolved,72,14.95,No,None,0,No,4,No,Incident,Software defect,North America
HD-260417-03219,2026-04-17 11:33,67,2026-04-17 18:06,P3,Account Provisioning,New starter,Email,Enterprise,Identity & Access,Farah Latif,Resolved,24,6.55,No,None,1,No,4,No,Service request,Vendor issue,EMEA
HD-260611-04140,2026-06-11 14:35,65,2026-06-12 14:59,P4,Software & Applications,Application error,Chat,SMB,Service Desk L1,Aisha Khan,Closed,72,24.41,No,None,0,No,,No,Service request,Hardware fault,EMEA
HD-260407-03069,2026-04-07 14:35,157,2026-04-07 23:29,P3,Access & Identity,Password reset,Portal,Mid-Market,Service Desk L1,Karan Verma,Resolved,24,8.91,No,None,0,No,4,No,Incident,Configuration,EMEA
HD-260730-02704,2026-07-30 14:29,118,2026-07-31 14:27,P3,Email & Collaboration,Calendar,Chat,Mid-Market,Service Desk L1,Aisha Khan,Resolved,24,23.98,No,None,3,No,4,No,Service request,Unknown,North America
HD-260408-01895,2026-04-08 11:04,11,2026-04-08 14:55,P1,Software & Applications,Version issue,Portal,Internal,Service Desk L2,Meera Joseph,Resolved,4,3.86,No,None,0,No,3,No,Access request,Hardware fault,EMEA
HD-260724-02967,2026-07-24 14:29,300,,P4,Access & Identity,Password reset,Email,SMB,Service Desk L1,Rohan Mehta,Pending,72,,No,None,1,No,,No,Service request,Hardware fault,EMEA
HD-260609-03697,2026-06-09 09:20,45,,P3,Account Provisioning,Role change,Email,Mid-Market,Identity & Access,Zoya Hussain,Pending,24,,No,None,1,No,,No,Incident,User error,North America
HD-260415-03272,2026-04-15 09:34,22,2026-04-15 13:56,P1,Telephony,Headset,Email,Mid-Market,Service Desk L2,Arjun Bhat,Resolved,4,4.37,Yes,High queue volume,0,No,3,No,Access request,Vendor issue,EMEA
HD-260617-03177,2026-06-17 19:42,359,2026-06-20 01:20,P4,Access & Identity,Account locked,Phone,Mid-Market,Identity & Access,Deepak Nair,Closed,72,53.64,No,None,0,Yes,,No,Incident,Access policy,EMEA
HD-260410-01709,2026-04-10 18:21,105,,P4,Access & Identity,Account locked,Portal,SMB,Identity & Access,Zoya Hussain,Open,72,,No,None,1,No,,No,Incident,Hardware fault,North America
HD-260521-03385,2026-05-21 10:09,31,2026-05-21 15:34,P3,VPN & Remote Access,VPN disconnect,Chat,SMB,Network Ops,Deepak Nair,Resolved,24,5.43,No,None,0,No,4,No,How-to,Access policy,APAC
HD-260526-02060,2026-05-26 13:40,145,2026-05-26 21:37,P3,Access & Identity,MFA issue,Portal,Internal,Identity & Access,,Resolved,24,7.96,No,None,0,No,4,No,Incident,Software defect,North America
HD-260605-03669,2026-06-05 15:29,16,,P2,Software & Applications,Application error,Portal,SMB,Business Apps,Neha Thomas,Pending,8,,No,None,0,No,,No,Incident,Unknown,North America
HD-260317-04542,2026-03-17 11:41,50,2026-03-17 17:42,P3,Account Provisioning,Offboarding,Portal,Internal,Service Desk L1,Karan Verma,Resolved,24,6.02,No,None,0,No,4,No,Service request,Configuration,North America
HD-260615-04015,2026-06-15 20:36,173,2026-06-16 08:40,P3,Cloud & SaaS,SSO,Email,Mid-Market,Business Apps,Priya Shah,Resolved,24,12.08,No,None,0,No,3,No,Service request,Network condition,APAC
HD-260423-01579,2026-04-23 17:12,52,2026-04-23 23:03,P2,VPN & Remote Access,VPN disconnect,Chat,Enterprise,Network Ops,Farah Latif,Resolved,8,5.86,No,None,1,No,3,No,Incident,Software defect,APAC
HD-260311-02948,2026-03-11 10:30,81,2026-03-13 17:02,P4,Cloud & SaaS,Subscription,Portal,SMB,Service Desk L2,Arjun Bhat,Closed,72,54.54,No,None,0,No,3,No,Performance issue,Access policy,APAC
HD-260601-02888,2026-06-01 10:27,125,2026-06-02 00:35,P3,Email & Collaboration,Teams/Meetings,Email,SMB,Endpoint Ops,Karan Verma,Resolved,24,14.14,No,None,0,No,4,No,Incident,Network condition,North America
HD-260521-04318,2026-05-21 15:58,107,2026-05-21 21:26,P3,VPN & Remote Access,Remote desktop,Email,Mid-Market,Network Ops,Zoya Hussain,Resolved,24,5.48,No,None,0,No,4,No,Performance issue,User error,APAC
HD-260731-04493,2026-07-31 16:38,173,2026-07-31 21:56,P3,Telephony,Extension,Email,SMB,Network Ops,Farah Latif,Resolved,24,5.3,No,None,0,No,,No,Access request,Unknown,APAC
HD-260812-01802,2026-08-12 11:25,26,,P2,Telephony,Softphone,Chat,Internal,Network Ops,Zoya Hussain,Pending,8,,No,None,0,Yes,,No,Incident,Network condition,North America
HD-260423-01647,2026-04-23 15:15,17,2026-04-23 17:04,P1,Performance,Slow device,Portal,SMB,Service Desk L1,Rohan Mehta,Closed,4,1.83,No,None,0,No,3,No,How-to,Network condition,North America
HD-260529-04179,2026-05-29 15:58,180,2026-05-30 05:39,P3,Printing & Peripherals,Print queue,Portal,Mid-Market,Service Desk L1,Priya Shah,Closed,24,13.69,No,None,0,No,,No,Service request,User error,North America
HD-260504-03117,2026-05-04 11:23,260,2026-05-05 17:08,P4,Printing & Peripherals,Scanner,Phone,Mid-Market,Service Desk L1,Neha Thomas,Resolved,72,29.76,No,None,3,No,4,No,Access request,Network condition,North America
HD-260302-02490,2026-03-02 08:41,104,2026-03-03 11:55,P4,Printing & Peripherals,Scanner,Phone,Mid-Market,Identity & Access,Adil Mir,Closed,72,27.24,No,None,0,No,4,No,Service request,Access policy,EMEA
HD-260325-02210,2026-03-25 11:05,27,2026-03-28 06:14,P4,VPN & Remote Access,Split tunnel,Phone,SMB,Network Ops,Zoya Hussain,Closed,72,67.15,No,None,0,No,,No,Incident,Network condition,EMEA
HD-260811-01465,2026-08-11 13:15,163,2026-08-12 05:58,P3,Cloud & SaaS,Subscription,Email,SMB,Business Apps,Imran Dar,Closed,24,16.72,No,None,0,No,3,No,Service request,Capacity,APAC
HD-260612-03745,2026-06-12 16:36,177,2026-06-12 21:54,P3,Cloud & SaaS,SSO,Portal,Mid-Market,Business Apps,Imran Dar,Resolved,24,5.3,No,None,0,No,4,No,How-to,Software defect,APAC
HD-260506-02576,2026-05-06 20:07,33,2026-05-07 03:35,P2,Endpoint Security,Device compliance,Portal,Internal,Endpoint Ops,Karan Verma,Resolved,8,7.48,No,None,0,No,4,No,Service request,Network condition,APAC
HD-260803-03491,2026-08-03 11:18,8,2026-08-03 14:18,P1,Software & Applications,Version issue,Email,SMB,Service Desk L1,Neha Thomas,Resolved,4,3,No,None,0,No,4,No,Incident,Software defect,EMEA
HD-260707-02687,2026-07-07 08:59,77,2026-07-08 03:53,P3,Telephony,Softphone,Chat,Internal,Service Desk L2,Arjun Bhat,Resolved,24,18.91,No,None,0,No,2,No,Incident,User error,APAC
HD-260703-02788,2026-07-03 11:26,64,2026-07-04 03:14,P4,Account Provisioning,Offboarding,Email,Internal,Identity & Access,Nadia Ali,Resolved,72,15.8,No,None,2,No,5,No,Incident,Network condition,APAC
HD-260419-01437,2026-04-19 09:09,67,2026-04-19 16:38,P3,Network,Wi-Fi,Email,Enterprise,Network Ops,Zoya Hussain,Closed,24,7.49,No,None,0,No,4,No,Incident,User error,North America
HD-260312-03638,2026-03-12 15:12,63,,P3,Telephony,Softphone,Email,Internal,Network Ops,Deepak Nair,Pending,24,,No,None,0,No,,No,Performance issue,Configuration,APAC
HD-260821-01052,2026-08-21 11:34,137,2026-08-23 22:41,P4,VPN & Remote Access,Split tunnel,Email,SMB,Service Desk L2,Arjun Bhat,Resolved,72,59.13,No,None,0,No,,No,Access request,Software defect,EMEA
HD-260428-02247,2026-04-28 08:14,25,2026-04-28 12:49,P2,Software & Applications,Installation,Email,Mid-Market,Service Desk L2,Sana Rahman,Resolved,8,4.59,No,None,1,No,3,No,Incident,Hardware fault,North America
HD-260720-02049,2026-07-20 14:44,354,2026-07-21 11:36,P4,Endpoint Security,Malware check,Chat,SMB,Identity & Access,Nadia Ali,Resolved,72,20.87,No,None,0,No,4,No,Incident,Software defect,North America
HD-260406-01929,2026-04-06 15:26,14,2026-04-07 14:19,P3,Hardware,Laptop,Portal,Enterprise,Service Desk L1,Imran Dar,Resolved,24,22.89,No,None,2,No,4,No,Incident,Configuration,APAC
HD-260416-02496,2026-04-16 12:54,149,2026-04-17 04:51,P3,Performance,Slow device,Portal,Mid-Market,Business Apps,Priya Shah,Resolved,24,15.95,No,None,0,No,,No,How-to,Hardware fault,EMEA
HD-260615-03683,2026-06-15 14:42,156,2026-06-16 09:16,P3,Printing & Peripherals,Printer offline,Email,SMB,Business Apps,Sana Rahman,Closed,24,18.58,No,None,0,No,3,Yes,Access request,Software defect,EMEA
HD-260708-01532,2026-07-08 19:40,120,2026-07-09 15:19,P3,Endpoint Security,EDR alert,Portal,SMB,Service Desk L1,Priya Shah,Resolved,24,19.66,No,None,0,No,4,No,Access request,Hardware fault,North America
HD-260519-03292,2026-05-19 12:10,44,2026-05-20 05:21,P4,Access & Identity,Account locked,Chat,Mid-Market,Identity & Access,Adil Mir,Resolved,72,17.19,No,None,0,No,3,No,Incident,Unknown,North America
HD-260525-02488,2026-05-25 14:00,29,2026-05-26 10:26,P3,Hardware,Monitor,Portal,Enterprise,Service Desk L1,Neha Thomas,Resolved,24,20.44,No,None,0,No,3,No,How-to,Software defect,EMEA
HD-260604-01186,2026-06-04 18:16,290,2026-06-05 14:09,P4,Printing & Peripherals,Scanner,Portal,Mid-Market,Service Desk L1,Rohan Mehta,Resolved,72,19.89,No,None,0,No,5,No,Service request,Hardware fault,EMEA
HD-260517-03295,2026-05-17 12:33,114,2026-05-17 17:51,P3,Performance,Disk space,Portal,Mid-Market,Endpoint Ops,Neha Thomas,Resolved,24,5.31,No,None,0,No,4,No,Service request,Configuration,EMEA
HD-260302-01972,2026-03-02 09:52,28,2026-03-02 13:39,P2,Email & Collaboration,Distribution list,Portal,Internal,Business Apps,Imran Dar,Resolved,8,3.79,No,None,0,No,4,No,Incident,Software defect,EMEA
HD-260521-01796,2026-05-21 16:01,138,2026-05-24 10:32,P4,Account Provisioning,New starter,Phone,Enterprise,Endpoint Ops,Sana Rahman,Resolved,72,66.52,No,None,0,No,,No,Service request,Vendor issue,North America
HD-260327-01206,2026-03-27 18:06,351,2026-03-28 10:01,P4,Performance,Slow device,Portal,Internal,Service Desk L2,Sana Rahman,Closed,72,15.92,No,None,0,No,4,No,Incident,User error,North America
HD-260325-03856,2026-03-25 15:31,28,2026-03-25 17:44,P2,Software & Applications,Installation,Portal,SMB,Business Apps,Imran Dar,Closed,8,2.23,No,None,0,No,3,No,Service request,Hardware fault,APAC
HD-260401-01621,2026-04-01 13:36,85,2026-04-02 13:39,P3,Account Provisioning,Offboarding,Chat,Mid-Market,Identity & Access,Zoya Hussain,Resolved,24,24.06,Yes,High queue volume,3,No,2,No,Incident,Configuration,APAC
HD-260611-01417,2026-06-11 09:21,152,,P4,Email & Collaboration,Mailbox,Portal,SMB,Service Desk L2,Meera Joseph,Open,72,,No,None,0,Yes,,No,Service request,Software defect,EMEA
HD-260526-02804,2026-05-26 15:30,65,2026-05-27 10:55,P3,Printing & Peripherals,Printer offline,Phone,SMB,Service Desk L1,Aisha Khan,Closed,24,19.43,No,None,0,No,4,No,Service request,Network condition,EMEA
HD-260811-01524,2026-08-11 09:25,17,2026-08-11 11:37,P2,Software & Applications,License,Portal,Enterprise,Service Desk L2,Meera Joseph,Closed,8,2.2,No,None,0,No,,No,Performance issue,Hardware fault,North America
HD-260529-03212,2026-05-29 16:49,328,2026-05-30 21:58,P4,Email & Collaboration,Mailbox,Portal,SMB,Service Desk L1,Imran Dar,Resolved,72,29.16,No,None,0,No,3,No,Performance issue,Configuration,EMEA
HD-260609-02567,2026-06-09 19:41,102,2026-06-10 18:06,P3,Performance,High CPU,Email,Mid-Market,Endpoint Ops,Vikram Patel,Closed,24,22.43,No,None,1,No,4,No,How-to,Capacity,North America
HD-260724-02443,2026-07-24 16:12,139,,P4,Email & Collaboration,Teams/Meetings,Email,Enterprise,Service Desk L1,Karan Verma,Open,72,,No,None,0,Yes,,No,Access request,Software defect,EMEA
HD-260629-01271,2026-06-29 10:22,58,2026-06-30 06:39,P3,Account Provisioning,Role change,Portal,Mid-Market,Identity & Access,Nadia Ali,Resolved,24,20.29,No,None,0,Yes,,No,Incident,Software defect,APAC
HD-260416-03606,2026-04-16 16:41,27,,P2,Telephony,Extension,Portal,Internal,Service Desk L2,Arjun Bhat,Pending,8,,No,None,1,No,,No,How-to,Configuration,APAC
HD-260304-02633,2026-03-04 14:18,289,2026-03-06 07:09,P4,Hardware,Monitor,Portal,Internal,Service Desk L1,Aisha Khan,Resolved,72,40.86,No,None,0,No,5,No,Incident,User error,North America
HD-260316-03670,2026-03-16 16:45,165,,P3,Software & Applications,License,Chat,SMB,Business Apps,Karan Verma,Open,24,,No,None,0,No,,No,Service request,User error,EMEA
HD-260331-04496,2026-03-31 10:53,97,2026-04-01 02:24,P3,Endpoint Security,Device compliance,Email,Enterprise,Service Desk L1,Imran Dar,Resolved,24,15.53,No,None,0,No,3,No,Incident,Vendor issue,North America
HD-260310-01958,2026-03-10 09:56,17,,P2,Performance,Slow device,Email,Enterprise,Service Desk L2,Meera Joseph,Pending,8,,No,None,0,No,,No,Service request,Hardware fault,North America
HD-260501-03900,2026-05-01 13:41,119,2026-05-04 08:15,P4,Performance,Disk space,Email,Enterprise,Business Apps,Sana Rahman,Resolved,72,66.57,No,None,0,No,,No,Service request,Hardware fault,APAC
HD-260414-02511,2026-04-14 15:33,142,,P3,Cloud & SaaS,Integration,Portal,Mid-Market,Business Apps,Sana Rahman,Pending,24,,No,None,1,No,,No,Performance issue,Vendor issue,APAC
HD-260410-01323,2026-04-10 14:16,35,,P3,Endpoint Security,Malware check,Portal,SMB,Identity & Access,Farah Latif,Pending,24,,No,None,0,No,,No,Performance issue,Hardware fault,EMEA
HD-260525-02488,2026-05-25 14:00,29,2026-05-26 10:26,P3,Hardware,Monitor,Portal,Enterprise,Service Desk L1,Neha Thomas,Resolved,24,20.44,No,None,0,No,3,No,How-to,Software defect,EMEA
HD-260825-01426,2026-08-25 11:31,326,2026-08-27 07:56,P4,Software & Applications,Installation,Phone,Mid-Market,Service Desk L1,Aisha Khan,Resolved,72,44.42,No,None,1,No,4,No,Access request,Configuration,North America
HD-260728-02137,2026-07-28 09:39,195,,P4,VPN & Remote Access,Remote desktop,Portal,Mid-Market,Network Ops,Arjun Bhat,Open,72,,No,None,1,No,,No,Incident,Configuration,EMEA
HD-260612-03601,2026-06-12 19:27,33,2026-06-13 04:21,P2,Network,LAN connectivity,Chat,Mid-Market,Network Ops,Farah Latif,Resolved,8,8.91,Yes,High queue volume,0,Yes,4,No,Incident,Software defect,North America
HD-260315-01101,2026-03-15 12:43,168,2026-03-15 22:15,P3,Software & Applications,Application error,Chat,SMB,Business Apps,Sana Rahman,Resolved,24,9.54,No,None,0,No,3,No,Access request,Unknown,APAC
HD-260312-02055,2026-03-12 11:47,251,2026-03-13 03:07,P4,Email & Collaboration,Teams/Meetings,Phone,SMB,Network Ops,Deepak Nair,Resolved,72,15.34,No,None,0,No,4,No,Incident,Capacity,North America
HD-260621-04162,2026-06-21 15:31,315,2026-06-22 19:52,P4,Telephony,Headset,Email,Mid-Market,Service Desk L2,Sana Rahman,Closed,72,28.36,No,None,0,No,,No,Incident,Software defect,EMEA
HD-260728-02694,2026-07-28 11:33,24,2026-07-28 16:53,P3,VPN & Remote Access,VPN disconnect,Chat,Mid-Market,Network Ops,Farah Latif,Resolved,24,5.34,No,None,0,Yes,3,No,Service request,Network condition,APAC
HD-260713-03430,2026-07-13 14:07,157,2026-07-14 07:38,P3,Cloud & SaaS,Integration,Chat,Enterprise,Business Apps,Neha Thomas,Resolved,24,17.52,No,None,0,No,3,No,Incident,User error,North America
HD-260716-04413,2026-07-16 18:29,356,2026-07-17 08:46,P4,VPN & Remote Access,VPN disconnect,Portal,Mid-Market,Network Ops,Deepak Nair,Closed,72,14.29,No,None,0,No,4,No,Service request,Access policy,EMEA
HD-260401-03961,2026-04-01 12:33,161,2026-04-02 06:29,P3,Cloud & SaaS,SSO,Phone,Enterprise,Service Desk L2,Sana Rahman,Closed,24,17.94,No,None,0,No,4,No,Access request,Software defect,EMEA
HD-260714-01350,2026-07-14 12:14,88,2026-07-14 23:08,P3,Network,DNS/DHCP,Email,Internal,Network Ops,Deepak Nair,Resolved,24,10.9,No,None,1,No,5,No,Performance issue,Access policy,APAC
HD-260415-01683,2026-04-15 17:05,36,,P3,Email & Collaboration,Distribution list,Portal,Enterprise,Service Desk L1,Priya Shah,Open,24,,No,None,1,No,,No,Incident,Capacity,EMEA
HD-260401-03466,2026-04-01 15:36,42,2026-04-01 21:58,P3,Cloud & SaaS,Integration,Chat,SMB,Business Apps,Karan Verma,Resolved,24,6.37,No,None,0,No,5,No,Incident,Configuration,North America
HD-260311-03954,2026-03-11 15:32,141,2026-03-11 22:35,P3,,Wi-Fi,Email,Enterprise,Service Desk L2,Arjun Bhat,Resolved,24,7.05,No,None,0,Yes,4,No,Performance issue,Access policy,APAC
HD-260512-01540,2026-05-12 10:18,19,2026-05-12 14:42,P1,Account Provisioning,Access package,Portal,SMB,Identity & Access,Farah Latif,Closed,4,4.4,Yes,Vendor response,0,No,3,Yes,How-to,Capacity,APAC
HD-260813-03267,2026-08-13 10:53,171,2026-08-14 10:58,P3,Access & Identity,Permission request,Portal,SMB,Identity & Access,Adil Mir,Resolved,24,24.09,Yes,Complex investigation,1,No,,No,Service request,Access policy,APAC
HD-260722-03791,2026-07-22 16:56,155,2026-07-23 02:48,P3,Account Provisioning,Offboarding,Email,Enterprise,Identity & Access,Zoya Hussain,Resolved,24,9.88,No,None,0,No,3,No,Access request,Hardware fault,North America
HD-260715-01483,2026-07-15 15:22,27,2026-07-15 20:39,P3,Telephony,Call quality,Portal,Internal,Service Desk L2,Meera Joseph,Closed,24,5.29,No,None,0,No,5,No,Incident,Configuration,EMEA
HD-260317-01933,2026-03-17 09:02,56,2026-03-17 18:03,P3,Telephony,Extension,Chat,Mid-Market,Service Desk L2,Vikram Patel,Resolved,24,9.02,No,None,1,No,,No,Incident,Configuration,APAC
HD-260302-03274,2026-03-02 16:15,50,2026-03-03 09:46,P3,Endpoint Security,Security policy,Portal,SMB,Service Desk L1,Aisha Khan,Closed,24,17.53,No,None,0,No,3,No,Incident,User error,EMEA
HD-260812-01506,2026-08-12 19:18,58,2026-08-12 22:58,P2,Software & Applications,Version issue,Portal,Mid-Market,Service Desk L2,Sana Rahman,Resolved,8,3.67,No,None,0,No,3,No,Performance issue,Hardware fault,APAC
HD-260427-01115,2026-04-27 11:36,65,2026-04-27 15:03,P2,Telephony,Softphone,Portal,Mid-Market,Network Ops,Deepak Nair,Closed,8,3.45,No,None,1,No,3,No,Service request,Configuration,North America
HD-260310-01606,2026-03-10 16:49,13,2026-03-11 11:38,P3,,Print queue,Portal,Enterprise,Service Desk L1,Rohan Mehta,Resolved,24,18.83,No,None,1,No,4,No,Incident,Access policy,North America
HD-260519-03757,2026-05-19 09:36,323,2026-05-22 00:01,P4,Printing & Peripherals,Peripheral setup,Portal,Mid-Market,Service Desk L1,Imran Dar,Resolved,72,62.43,No,None,0,No,4,No,Service request,Vendor issue,EMEA
HD-260323-03135,2026-03-23 13:06,143,2026-03-23 18:59,P3,VPN & Remote Access,Remote desktop,Portal,Mid-Market,Service Desk L2,Meera Joseph,Resolved,24,5.89,No,None,0,No,,No,Incident,Software defect,EMEA
HD-260424-04473,2026-04-24 12:18,63,2026-04-25 06:13,P4,Network,Switch port,Phone,Enterprise,Network Ops,Farah Latif,Closed,72,17.93,No,None,0,No,4,No,Incident,Network condition,APAC
HD-260724-03148,2026-07-24 16:55,17,2026-07-24 22:41,P1,Printing & Peripherals,Peripheral setup,Email,Enterprise,Service Desk L2,Arjun Bhat,Closed,4,5.77,Yes,Complex investigation,3,No,3,No,Service request,User error,North America
HD-260604-02500,2026-06-04 13:41,16,2026-06-04 16:17,P1,,Disk space,Portal,Internal,Business Apps,Priya Shah,Resolved,4,2.61,No,None,0,Yes,2,No,Incident,Configuration,APAC
HD-260323-01361,2026-03-23 10:59,32,2026-03-24 01:20,P4,Telephony,Extension,Portal,Mid-Market,Service Desk L2,Meera Joseph,Closed,72,14.35,No,None,1,No,5,Yes,Service request,Vendor issue,APAC
HD-260527-02221,2026-05-27 18:13,328,2026-05-30 03:16,P4,Hardware,Laptop,Portal,SMB,Service Desk L1,Rohan Mehta,Resolved,72,57.06,No,None,0,No,3,No,Service request,Capacity,North America
HD-260731-02218,2026-07-31 10:11,22,2026-07-31 22:12,P3,Network,Wi-Fi,Email,SMB,Network Ops,Farah Latif,Resolved,24,12.02,No,None,1,No,,No,Service request,Hardware fault,North America
HD-260831-03005,2026-08-31 14:47,8,,P1,Network,Wi-Fi,Chat,SMB,Network Ops,Farah Latif,Open,4,,No,None,0,No,,No,How-to,Configuration,EMEA
HD-260515-02284,2026-05-15 19:55,30,2026-05-16 05:28,P2,Endpoint Security,Malware check,Email,Enterprise,Identity & Access,Zoya Hussain,Resolved,8,9.56,Yes,High queue volume,0,No,2,No,Incident,User error,EMEA
HD-260406-03512,2026-04-06 09:32,256,2026-04-07 10:13,P4,Cloud & SaaS,Integration,Portal,Mid-Market,Business Apps,Imran Dar,Resolved,72,24.69,No,None,0,No,5,No,Performance issue,Configuration,APAC
HD-260618-01916,2026-06-18 09:22,95,2026-06-20 23:03,P4,Performance,High CPU,Email,Enterprise,Service Desk L2,Arjun Bhat,Resolved,72,61.69,No,None,0,No,4,No,How-to,Network condition,EMEA
HD-260409-03042,2026-04-09 20:59,28,2026-04-10 02:41,P2,Account Provisioning,Role change,Chat,SMB,Identity & Access,Adil Mir,Closed,8,5.7,No,None,0,No,4,Yes,Incident,Unknown,North America
HD-260624-04340,2026-06-24 10:32,129,2026-06-24 17:29,P3,Endpoint Security,Security policy,Portal,Internal,Endpoint Ops,Neha Thomas,Closed,24,6.96,No,None,0,No,4,Yes,Access request,Software defect,APAC
HD-260814-03938,2026-08-14 14:48,60,,P3,Access & Identity,Permission request,Phone,Enterprise,Endpoint Ops,Karan Verma,Pending,24,,No,None,0,No,,No,Service request,Network condition,North America
HD-260722-03895,2026-07-22 13:23,212,,P4,VPN & Remote Access,VPN login,Portal,Enterprise,Network Ops,Arjun Bhat,Pending,72,,No,None,1,No,,No,How-to,Vendor issue,APAC
HD-260810-03364,2026-08-10 10:50,16,2026-08-10 13:12,P1,Endpoint Security,Security policy,Phone,Enterprise,Identity & Access,Zoya Hussain,Resolved,4,2.37,No,None,0,No,4,No,Service request,Configuration,North America
HD-260623-03029,2026-06-23 10:17,46,2026-06-24 04:02,P3,Account Provisioning,New starter,Portal,Mid-Market,Identity & Access,Zoya Hussain,Resolved,24,17.76,No,None,0,No,3,No,Service request,Network condition,APAC
HD-260421-01027,2026-04-21 09:17,172,2026-04-21 16:35,P3,Hardware,Monitor,Portal,Internal,Business Apps,Sana Rahman,Resolved,24,7.31,No,None,0,No,3,No,Incident,Capacity,North America
HD-260331-02532,2026-03-31 10:40,145,,P3,VPN & Remote Access,VPN disconnect,Portal,Internal,Network Ops,Zoya Hussain,Open,24,,No,None,0,No,,Yes,Service request,User error,North America
HD-260617-03968,2026-06-17 14:45,273,2026-06-19 16:17,P4,Cloud & SaaS,Integration,Chat,SMB,Service Desk L2,Vikram Patel,Resolved,72,49.54,No,None,1,No,4,No,Performance issue,Configuration,North America
HD-260407-02799,2026-04-07 11:47,255,2026-04-08 10:30,P4,Account Provisioning,Access package,Phone,Internal,Identity & Access,Farah Latif,Closed,72,22.72,No,None,0,No,5,No,How-to,Capacity,APAC
HD-260302-01971,2026-03-02 14:49,110,2026-03-03 06:16,P3,Endpoint Security,Security policy,Chat,SMB,Endpoint Ops,Sana Rahman,Closed,24,15.45,No,None,0,No,,No,Access request,User error,APAC
HD-260615-02330,2026-06-15 15:27,339,2026-06-16 06:58,P4,Hardware,Laptop,Chat,Enterprise,Endpoint Ops,Sana Rahman,Closed,72,15.53,No,None,0,Yes,4,No,How-to,User error,North America
HD-260717-02445,2026-07-17 18:31,88,2026-07-17 23:53,P3,Cloud & SaaS,SSO,Chat,SMB,Service Desk L2,Sana Rahman,Resolved,24,5.38,No,None,0,No,5,No,Incident,Vendor issue,North America
HD-260423-03108,2026-04-23 12:53,12,2026-04-23 14:15,P1,Network,LAN connectivity,Chat,SMB,Service Desk L2,Sana Rahman,Resolved,4,1.37,No,None,0,No,5,Yes,Incident,Configuration,APAC
HD-260319-04395,2026-03-19 18:55,20,2026-03-20 02:35,P2,Network,LAN connectivity,Chat,Mid-Market,Network Ops,Arjun Bhat,Resolved,8,7.67,No,None,0,Yes,,No,Incident,Configuration,APAC
HD-260813-04368,2026-08-13 11:42,37,2026-08-13 14:54,P2,Printing & Peripherals,Print queue,Chat,Mid-Market,Business Apps,Imran Dar,Resolved,8,3.2,No,None,0,Yes,5,No,Service request,Configuration,North America
HD-260817-02998,2026-08-17 15:20,7,2026-08-17 18:02,P1,Printing & Peripherals,Printer offline,Portal,Enterprise,Endpoint Ops,Neha Thomas,Resolved,4,2.71,No,None,1,No,3,No,Service request,User error,APAC
HD-260312-02422,2026-03-12 15:45,75,2026-03-13 05:13,P3,Printing & Peripherals,Print queue,Chat,Mid-Market,Business Apps,Neha Thomas,Resolved,24,13.47,No,None,0,No,4,No,Incident,Capacity,APAC
HD-260430-02051,2026-04-30 16:45,55,2026-05-01 13:02,P3,Telephony,Headset,Chat,Internal,Service Desk L2,Arjun Bhat,Closed,24,20.29,No,None,0,No,3,No,Service request,Software defect,APAC
HD-260325-02279,2026-03-25 12:23,79,2026-03-26 04:12,P4,Email & Collaboration,Teams/Meetings,Portal,SMB,Service Desk L2,Vikram Patel,Closed,72,15.82,No,None,0,No,5,No,How-to,Hardware fault,North America
HD-260326-01679,2026-03-26 16:49,23,2026-03-26 20:25,P2,Telephony,Headset,Portal,Mid-Market,Service Desk L2,Arjun Bhat,Resolved,8,3.6,No,None,1,No,4,Yes,Incident,Vendor issue,EMEA
HD-260812-01792,2026-08-12 12:27,42,2026-08-12 20:10,P2,,Split tunnel,Portal,Enterprise,Network Ops,Zoya Hussain,Resolved,8,7.73,No,None,0,Yes,3,No,Incident,Capacity,EMEA
HD-260430-03713,2026-04-30 16:13,173,2026-05-02 11:29,P4,Account Provisioning,Role change,Phone,Enterprise,Identity & Access,Nadia Ali,Resolved,72,43.27,No,None,0,No,,No,Access request,Network condition,EMEA
HD-260324-02373,2026-03-24 13:22,304,2026-03-25 17:41,P4,Telephony,Extension,Phone,Mid-Market,Service Desk L2,Arjun Bhat,Resolved,72,28.33,No,None,0,No,4,No,Incident,Hardware fault,EMEA
HD-260519-04246,2026-05-19 16:46,120,,P3,VPN & Remote Access,VPN disconnect,Email,Mid-Market,Network Ops,Zoya Hussain,Open,24,,No,None,0,Yes,,No,Access request,User error,North America
HD-260720-01249,2026-07-20 19:35,90,2026-07-21 11:05,P3,Account Provisioning,Role change,Portal,Mid-Market,Identity & Access,Zoya Hussain,Closed,24,15.5,No,None,0,No,,No,Incident,Software defect,North America
HD-260721-03608,2026-07-21 18:42,145,2026-07-22 03:22,P3,Printing & Peripherals,Printer offline,Phone,Mid-Market,Identity & Access,Farah Latif,Resolved,24,8.68,No,None,1,No,3,No,Incident,Configuration,EMEA
HD-260401-03985,2026-04-01 11:34,103,2026-04-03 15:05,P4,VPN & Remote Access,VPN disconnect,Email,SMB,Network Ops,Deepak Nair,Resolved,72,51.52,No,None,0,No,3,No,Access request,Software defect,EMEA
HD-260410-04096,2026-04-10 11:25,16,2026-04-11 02:13,P3,Email & Collaboration,Teams/Meetings,Email,Mid-Market,Service Desk L1,Karan Verma,Closed,24,14.81,No,None,0,Yes,,No,Incident,Software defect,North America
HD-260319-04367,2026-03-19 11:06,14,2026-03-19 18:59,P3,Performance,Slow device,Chat,Enterprise,Service Desk L1,Imran Dar,Resolved,24,7.89,No,None,0,No,5,No,Access request,Network condition,EMEA
HD-260715-02705,2026-07-15 13:53,116,2026-07-15 20:02,P3,Software & Applications,Installation,Portal,SMB,Service Desk L2,Meera Joseph,Resolved,24,6.16,No,None,0,No,4,No,Incident,Network condition,APAC
HD-260310-04231,2026-03-10 14:50,59,2026-03-13 02:05,P4,Printing & Peripherals,Print queue,Phone,Mid-Market,Identity & Access,Farah Latif,Closed,72,59.26,No,None,0,No,3,No,Performance issue,User error,North America
HD-260407-01636,2026-04-07 15:21,50,2026-04-07 21:01,P3,Telephony,Extension,Portal,Internal,Service Desk L2,Meera Joseph,Closed,24,5.67,No,None,0,No,4,Yes,Service request,Network condition,EMEA
HD-260723-03035,2026-07-23 13:31,231,2026-07-25 09:19,P4,Printing & Peripherals,Peripheral setup,Chat,Mid-Market,Service Desk L1,Neha Thomas,Closed,72,43.8,No,None,0,Yes,4,No,Performance issue,User error,North America
HD-260310-02811,2026-03-10 16:36,233,2026-03-12 10:15,P4,Software & Applications,Installation,Email,Mid-Market,Business Apps,Sana Rahman,Resolved,72,41.66,No,None,0,No,5,Yes,Incident,Network condition,North America
HD-260518-02611,2026-05-18 12:33,76,2026-05-19 13:26,P3,Cloud & SaaS,Application outage,Portal,Mid-Market,Business Apps,Karan Verma,Resolved,24,24.89,Yes,Complex investigation,0,No,4,No,Performance issue,Access policy,North America
HD-260703-03924,2026-07-03 10:00,266,2026-07-04 03:31,P4,Cloud & SaaS,SSO,Chat,SMB,Service Desk L2,Vikram Patel,Resolved,72,17.52,No,None,0,No,3,No,Service request,Configuration,APAC
HD-260726-03231,2026-07-26 16:06,51,,P2,Account Provisioning,Role change,Chat,Enterprise,Service Desk L1,Aisha Khan,Pending,8,,No,None,1,No,,No,Access request,Capacity,EMEA
HD-260805-02104,2026-08-05 15:35,36,2026-08-05 18:59,P2,Access & Identity,Password reset,Phone,Mid-Market,Identity & Access,Deepak Nair,Closed,8,3.4,No,None,0,Yes,3,Yes,Incident,Software defect,North America
HD-260415-04503,2026-04-15 15:56,96,2026-04-15 23:21,P3,Email & Collaboration,Teams/Meetings,Email,Enterprise,Network Ops,Farah Latif,Resolved,24,7.43,No,None,2,Yes,4,Yes,Incident,User error,EMEA
HD-260703-03331,2026-07-03 15:26,188,2026-07-05 01:06,P4,Cloud & SaaS,SSO,Portal,Enterprise,Service Desk L1,Aisha Khan,Resolved,72,33.67,No,None,0,Yes,5,No,Incident,Capacity,North America
HD-260423-02101,2026-04-23 12:28,204,,P4,Email & Collaboration,Calendar,Chat,Enterprise,Endpoint Ops,Sana Rahman,Pending,72,,No,None,1,No,,No,Incident,User error,North America
HD-260309-01572,2026-03-09 20:32,62,2026-03-09 23:57,P2,Account Provisioning,Access package,Portal,Enterprise,Identity & Access,Deepak Nair,Resolved,8,3.42,No,None,0,No,4,No,Incident,User error,EMEA
HD-260812-01791,2026-08-12 16:20,208,2026-08-13 16:17,P4,Performance,High memory,Portal,Mid-Market,Endpoint Ops,Sana Rahman,Resolved,72,23.95,No,None,0,No,3,No,Service request,Software defect,EMEA
HD-260618-04524,2026-06-18 10:48,41,2026-06-19 01:32,P3,Software & Applications,Installation,Chat,SMB,Business Apps,Priya Shah,Closed,24,14.74,No,None,0,No,,No,How-to,Hardware fault,North America
HD-260527-01931,2026-05-27 17:13,132,2026-05-27 22:31,P3,Telephony,Extension,Chat,SMB,Service Desk L2,Arjun Bhat,Resolved,24,5.3,No,None,0,No,4,No,Performance issue,Configuration,APAC
HD-260828-04443,2026-08-28 09:35,163,2026-08-29 01:26,P3,Account Provisioning,New starter,Email,Mid-Market,Service Desk L1,Aisha Khan,Resolved,24,15.85,No,None,0,No,3,Yes,Access request,Hardware fault,APAC
HD-260518-02968,2026-05-18 19:07,52,2026-05-19 07:05,P3,Performance,Slow device,Email,SMB,Identity & Access,Adil Mir,Resolved,24,11.97,No,None,0,No,3,No,Incident,Network condition,APAC
HD-260608-02185,2026-06-08 11:00,81,2026-06-09 09:28,P3,Telephony,Call quality,Portal,Enterprise,Service Desk L2,Vikram Patel,Closed,24,22.47,No,None,0,No,4,No,Incident,Vendor issue,EMEA
HD-260731-01301,2026-07-31 14:27,19,2026-07-31 20:37,P2,Account Provisioning,Offboarding,Portal,SMB,Identity & Access,Zoya Hussain,Resolved,8,6.17,No,None,0,No,,No,Incident,User error,EMEA
HD-260327-02205,2026-03-27 13:59,84,2026-03-28 02:11,P3,Performance,High memory,Chat,Enterprise,Endpoint Ops,Vikram Patel,Resolved,24,12.21,No,None,0,No,4,Yes,Incident,Access policy,APAC
HD-260806-02122,2026-08-06 15:55,95,2026-08-07 03:21,P3,Software & Applications,Version issue,Email,Enterprise,Service Desk L2,Sana Rahman,Resolved,24,11.44,No,None,0,Yes,,No,Service request,Configuration,North America
HD-260323-03946,2026-03-23 12:25,44,2026-03-24 06:32,P4,Access & Identity,Permission request,Phone,Enterprise,Service Desk L1,Rohan Mehta,Resolved,72,18.12,No,None,0,No,4,No,Incident,Network condition,North America
HD-260707-01471,2026-07-07 16:46,47,2026-07-09 03:45,P4,Hardware,Monitor,Phone,Enterprise,Service Desk L2,Meera Joseph,Closed,72,34.99,No,None,0,Yes,3,No,Incident,Access policy,EMEA
HD-260413-01744,2026-04-13 13:15,145,2026-04-14 13:36,P3,Cloud & SaaS,Subscription,Portal,Enterprise,Service Desk L1,Karan Verma,Resolved,24,24.36,Yes,Escalation delay,3,No,4,No,Service request,User error,North America
HD-260527-04164,2026-05-27 13:42,75,2026-05-27 20:06,P3,Cloud & SaaS,SSO,Portal,SMB,Service Desk L2,Meera Joseph,Resolved,24,6.41,No,None,0,No,,No,Incident,Configuration,APAC
HD-260319-02481,2026-03-19 10:34,99,2026-03-20 09:08,P3,Access & Identity,Permission request,Portal,SMB,Identity & Access,Farah Latif,Resolved,24,22.58,No,None,0,No,2,No,Service request,Vendor issue,APAC
HD-260701-03401,2026-07-01 08:38,32,2026-07-01 14:51,P2,Performance,High memory,Email,SMB,Service Desk L2,Arjun Bhat,Closed,8,6.22,No,None,0,No,4,No,Performance issue,User error,EMEA
HD-260513-02399,2026-05-13 12:53,63,,P3,Performance,High CPU,Portal,SMB,Endpoint Ops,Neha Thomas,Pending,24,,No,None,1,No,,No,Incident,Access policy,EMEA
HD-260514-02943,2026-05-14 15:28,62,2026-05-14 21:35,P3,Telephony,Headset,Email,Enterprise,Network Ops,Deepak Nair,Resolved,24,6.13,No,None,0,Yes,4,No,Access request,Configuration,APAC
HD-260409-03523,2026-04-09 15:14,93,2026-04-10 05:12,P3,Telephony,Softphone,Chat,Mid-Market,Network Ops,Zoya Hussain,Closed,24,13.97,No,None,0,No,3,No,Access request,Software defect,North America
HD-260514-02254,2026-05-14 09:05,160,2026-05-15 02:09,P3,Account Provisioning,Offboarding,Chat,SMB,Service Desk L1,Aisha Khan,Resolved,24,17.08,No,None,0,No,2,No,Access request,Hardware fault,EMEA
HD-260424-03485,2026-04-24 12:56,305,,P4,Account Provisioning,New starter,Phone,Mid-Market,Service Desk L1,Aisha Khan,Pending,72,,No,None,0,No,,No,Incident,User error,North America
HD-260625-02469,2026-06-25 13:04,44,,P2,Hardware,Docking station,Portal,Enterprise,Service Desk L1,Karan Verma,Pending,8,,No,None,0,Yes,,No,Incident,Vendor issue,EMEA
HD-260305-01995,2026-03-05 16:45,137,2026-03-06 10:53,P3,Cloud & SaaS,Integration,Chat,Enterprise,Service Desk L2,Vikram Patel,Resolved,24,18.14,No,None,1,No,2,No,Incident,User error,APAC
HD-260705-04445,2026-07-05 12:29,49,2026-07-05 23:53,P3,Telephony,Softphone,Portal,Mid-Market,Network Ops,Farah Latif,Resolved,24,11.41,No,None,0,No,3,No,Service request,Network condition,North America
HD-260824-02017,2026-08-24 19:49,177,2026-08-25 02:28,P3,VPN & Remote Access,VPN disconnect,Phone,Mid-Market,Network Ops,Deepak Nair,Resolved,24,6.65,No,None,0,No,5,No,Service request,Capacity,North America
HD-260415-03497,2026-04-15 17:22,114,2026-04-16 02:56,P3,Hardware,Keyboard/Mouse,Portal,Mid-Market,Business Apps,Imran Dar,Resolved,24,9.58,No,None,1,No,5,No,Service request,User error,APAC
HD-260630-04176,2026-06-30 11:44,89,2026-07-01 03:42,P3,Account Provisioning,New starter,Portal,Enterprise,Identity & Access,Farah Latif,Closed,24,15.97,No,None,1,No,4,No,Performance issue,Access policy,APAC
HD-260306-01930,2026-03-06 09:32,76,2026-03-08 04:36,P4,Printing & Peripherals,Printer offline,Phone,Enterprise,Service Desk L2,Sana Rahman,Resolved,72,43.08,No,None,0,No,3,No,Service request,Hardware fault,EMEA
HD-260728-01690,2026-07-28 17:48,102,2026-07-29 06:21,P3,Access & Identity,MFA issue,Chat,Mid-Market,Identity & Access,Adil Mir,Closed,24,12.56,No,None,0,No,3,No,Incident,Hardware fault,APAC
HD-260504-03167,2026-05-04 14:21,201,2026-05-06 19:32,P4,VPN & Remote Access,Split tunnel,Email,Mid-Market,Network Ops,Farah Latif,Resolved,72,53.19,No,None,1,No,4,No,Service request,User error,EMEA
HD-260625-04163,2026-06-25 19:07,55,2026-06-26 05:23,P2,Account Provisioning,Access package,Email,Internal,Identity & Access,Zoya Hussain,Resolved,8,10.28,Yes,Dependency delay,0,No,,No,Incident,Capacity,APAC
HD-260416-03877,2026-04-16 13:46,88,2026-04-16 22:59,P3,Cloud & SaaS,Integration,Portal,Enterprise,Service Desk L2,Arjun Bhat,Closed,24,9.22,No,None,0,No,4,No,Service request,Vendor issue,APAC
HD-260525-02345,2026-05-25 21:32,37,,P3,VPN & Remote Access,Remote desktop,Email,Mid-Market,Service Desk L2,Meera Joseph,Pending,24,,No,None,1,No,,No,Incident,Configuration,North America
HD-260625-01392,2026-06-25 18:23,143,2026-06-25 23:41,P3,Printing & Peripherals,Scanner,Chat,SMB,Service Desk L1,Neha Thomas,Resolved,24,5.31,No,None,1,No,4,No,Incident,Access policy,APAC
HD-260605-03717,2026-06-05 16:15,207,2026-06-08 04:14,P4,,Split tunnel,Email,Enterprise,Service Desk L2,Arjun Bhat,Resolved,72,59.99,No,None,0,No,4,No,Access request,Capacity,EMEA
HD-260428-01872,2026-04-28 11:21,53,,P3,Printing & Peripherals,Print queue,Email,Mid-Market,Service Desk L2,Sana Rahman,Open,24,,No,None,1,No,,No,How-to,Access policy,APAC
HD-260713-02643,2026-07-13 12:29,43,2026-07-13 18:57,P3,Account Provisioning,Role change,Portal,Mid-Market,Endpoint Ops,Sana Rahman,Resolved,24,6.47,No,None,2,No,,No,Service request,User error,North America
HD-260625-03475,2026-06-25 17:04,84,2026-06-25 22:31,P3,Access & Identity,Account locked,Phone,SMB,Endpoint Ops,Vikram Patel,Closed,24,5.45,No,None,0,Yes,4,No,Service request,Hardware fault,APAC
HD-260603-04020,2026-06-03 16:27,15,2026-06-03 21:41,P1,Telephony,Extension,Phone,Enterprise,Network Ops,Zoya Hussain,Resolved,4,5.24,Yes,Dependency delay,1,No,3,No,Performance issue,Hardware fault,EMEA
HD-260629-03327,2026-06-29 10:54,47,2026-06-29 20:40,P2,Performance,High CPU,Portal,SMB,Endpoint Ops,Vikram Patel,Closed,8,9.78,Yes,High queue volume,0,No,,No,Service request,Software defect,EMEA
HD-260409-01983,2026-04-09 16:23,90,,P4,Performance,Slow device,Email,SMB,Endpoint Ops,Neha Thomas,Pending,72,,No,None,1,No,,No,Incident,Access policy,APAC
HD-260506-03649,2026-05-06 08:54,46,2026-05-07 03:15,P3,Cloud & SaaS,SSO,Chat,Mid-Market,Business Apps,Karan Verma,Closed,24,18.36,No,None,0,No,2,Yes,Incident,Capacity,APAC
HD-260630-02651,2026-06-30 16:18,98,2026-07-01 01:58,P3,Hardware,Docking station,Chat,Mid-Market,Business Apps,Neha Thomas,Resolved,24,9.67,No,None,0,No,3,Yes,Incident,Network condition,North America
HD-260326-01267,2026-03-26 17:05,110,2026-03-26 23:04,P3,Network,Switch port,Email,Mid-Market,Network Ops,Deepak Nair,Resolved,24,5.99,No,None,2,No,3,No,Incident,Vendor issue,APAC
HD-260427-03966,2026-04-27 20:43,92,2026-04-28 12:46,P3,Network,Wi-Fi,Email,Internal,Service Desk L2,Meera Joseph,Closed,24,16.05,No,None,0,Yes,3,No,Incident,Software defect,North America
HD-260716-01753,2026-07-16 08:22,83,,P4,Endpoint Security,Security policy,Portal,Enterprise,Identity & Access,Nadia Ali,Pending,72,,No,None,0,No,,No,Service request,Network condition,North America
HD-260420-01480,2026-04-20 12:54,25,2026-04-20 21:08,P3,Telephony,Softphone,Portal,Mid-Market,Service Desk L2,Arjun Bhat,Closed,24,8.24,No,None,0,No,4,No,Incident,Configuration,APAC
HD-260422-03836,2026-04-22 09:13,227,,P4,VPN & Remote Access,VPN login,Email,Internal,Network Ops,Zoya Hussain,Open,72,,No,None,0,No,,No,Service request,Hardware fault,APAC
HD-260609-04453,2026-06-09 11:49,263,2026-06-11 07:17,P4,Printing & Peripherals,Print queue,Portal,Enterprise,Service Desk L1,Aisha Khan,Closed,72,43.48,No,None,0,No,2,No,Service request,Software defect,EMEA
HD-260810-01095,2026-08-10 08:47,65,2026-08-11 00:48,P3,Telephony,Extension,Email,Mid-Market,Service Desk L2,Sana Rahman,Resolved,24,16.02,No,None,2,No,,No,How-to,Unknown,EMEA
HD-260827-01311,2026-08-27 15:47,105,2026-08-27 21:26,P3,VPN & Remote Access,Split tunnel,Phone,SMB,Service Desk L2,Meera Joseph,Closed,24,5.65,No,None,0,No,3,No,Service request,Hardware fault,EMEA
HD-260525-02106,2026-05-25 11:23,64,,P2,Printing & Peripherals,Scanner,Email,Mid-Market,Business Apps,Karan Verma,Pending,8,,No,None,1,No,,No,Incident,Network condition,North America
HD-260518-04348,2026-05-18 18:00,299,2026-05-20 15:39,P4,Telephony,Softphone,Email,SMB,Service Desk L2,Sana Rahman,Resolved,72,45.66,No,None,2,No,2,No,How-to,Access policy,APAC
HD-260417-03359,2026-04-17 12:51,53,2026-04-18 07:06,P3,Performance,Slow device,Phone,SMB,Service Desk L2,Arjun Bhat,Resolved,24,18.26,No,None,0,No,4,No,Incident,Network condition,EMEA
HD-260817-04521,2026-08-17 14:00,114,2026-08-19 15:50,P4,Telephony,Call quality,Chat,Mid-Market,Service Desk L2,Meera Joseph,Closed,72,49.84,No,None,1,Yes,4,No,Service request,Software defect,EMEA
HD-260708-02144,2026-07-08 10:33,18,2026-07-08 14:25,P2,Email & Collaboration,Distribution list,Chat,Mid-Market,Endpoint Ops,Neha Thomas,Resolved,8,3.88,No,None,0,No,5,No,Service request,Network condition,EMEA
HD-260421-04529,2026-04-21 11:33,60,2026-04-21 18:55,P2,Account Provisioning,Offboarding,Email,Mid-Market,Identity & Access,Zoya Hussain,Closed,8,7.37,No,None,0,No,2,No,Incident,Hardware fault,APAC
HD-260302-02680,2026-03-02 14:56,65,2026-03-02 20:18,P3,Email & Collaboration,Distribution list,Portal,Enterprise,Business Apps,Karan Verma,Closed,24,5.37,No,None,0,Yes,4,No,Incident,Software defect,EMEA
HD-260804-01231,2026-08-04 14:01,26,2026-08-04 19:45,P2,Endpoint Security,EDR alert,Phone,SMB,Identity & Access,Adil Mir,Closed,8,5.74,No,None,0,Yes,3,No,Incident,Access policy,North America
HD-260301-01113,2026-03-01 15:36,126,2026-03-02 03:04,P3,Account Provisioning,Role change,Chat,Mid-Market,Identity & Access,Farah Latif,Resolved,24,11.48,No,None,1,No,4,No,Performance issue,Hardware fault,North America
HD-260602-01999,2026-06-02 16:55,56,2026-06-03 18:03,P3,Printing & Peripherals,Print queue,Email,Mid-Market,Service Desk L2,Meera Joseph,Closed,24,25.14,Yes,Vendor response,0,No,3,No,Incident,Network condition,North America
HD-260306-03809,2026-03-06 14:54,14,2026-03-06 20:51,P2,Email & Collaboration,Calendar,Email,SMB,Endpoint Ops,Neha Thomas,Resolved,8,5.96,No,None,0,Yes,3,No,Performance issue,Configuration,North America
HD-260803-01993,2026-08-03 12:04,259,2026-08-05 18:09,P4,Hardware,Monitor,Email,Mid-Market,Identity & Access,Nadia Ali,Resolved,72,54.09,No,None,0,No,3,No,Incident,Network condition,EMEA
HD-260821-02690,2026-08-21 10:56,176,2026-08-21 19:39,P3,Endpoint Security,Malware check,Phone,Enterprise,Identity & Access,Farah Latif,Closed,24,8.73,No,None,0,No,5,No,Access request,Software defect,APAC
HD-260312-03853,2026-03-12 16:02,340,,P4,Account Provisioning,New starter,Email,SMB,Service Desk L1,Imran Dar,Pending,72,,No,None,1,No,,No,Incident,Capacity,North America
HD-260729-04012,2026-07-29 10:51,65,2026-07-29 14:43,P2,Network,DNS/DHCP,Email,Enterprise,Network Ops,Farah Latif,Resolved,8,3.88,No,None,1,No,3,No,Access request,Software defect,North America
HD-260623-01692,2026-06-23 19:12,14,2026-06-23 23:24,P2,Endpoint Security,EDR alert,Email,Mid-Market,Identity & Access,Farah Latif,Resolved,8,4.2,No,None,0,Yes,4,No,Access request,Unknown,North America
HD-260421-02974,2026-04-21 14:38,17,2026-04-21 22:39,P2,Performance,Disk space,Chat,Mid-Market,Endpoint Ops,Vikram Patel,Resolved,8,8.03,Yes,Complex investigation,0,No,3,No,Performance issue,Software defect,North America
HD-260618-01890,2026-06-18 13:03,27,2026-06-19 08:46,P3,Access & Identity,Account locked,Phone,Enterprise,Endpoint Ops,Vikram Patel,Resolved,24,19.73,No,None,0,No,4,No,Service request,Configuration,APAC
HD-260525-03261,2026-05-25 08:48,42,2026-05-25 16:47,P2,Printing & Peripherals,Peripheral setup,Portal,Enterprise,Business Apps,Karan Verma,Resolved,8,7.99,No,None,0,No,4,No,Incident,Network condition,APAC
HD-260812-04421,2026-08-12 10:40,214,2026-08-13 00:57,P4,Endpoint Security,Malware check,Email,SMB,Endpoint Ops,Karan Verma,Resolved,72,14.29,No,None,0,No,4,No,Service request,Vendor issue,North America
HD-260406-01558,2026-04-06 11:22,43,2026-04-06 16:40,P3,Performance,Slow device,Chat,SMB,Service Desk L1,Aisha Khan,Resolved,24,5.3,No,None,0,No,5,No,Access request,Vendor issue,North America
HD-260512-04419,2026-05-12 10:23,127,2026-05-12 20:30,P3,Software & Applications,License,Email,Mid-Market,Service Desk L1,Rohan Mehta,Resolved,24,10.12,No,None,1,No,5,No,Incident,Network condition,North America
HD-260831-02966,2026-08-31 17:01,144,2026-09-01 17:47,P3,Network,Wi-Fi,Email,Mid-Market,Network Ops,Arjun Bhat,Resolved,24,24.78,Yes,Dependency delay,0,Yes,3,No,Incident,Software defect,APAC
HD-260519-03344,2026-05-19 09:36,36,2026-05-19 16:05,P3,VPN & Remote Access,Split tunnel,Portal,Internal,Network Ops,Zoya Hussain,Resolved,24,6.49,No,None,0,No,3,No,Service request,Capacity,North America
HD-260427-02954,2026-04-27 15:39,37,2026-04-27 17:52,P2,Endpoint Security,EDR alert,Email,Internal,Service Desk L1,Rohan Mehta,Resolved,8,2.22,No,None,1,Yes,4,No,Incident,User error,APAC
HD-260511-01445,2026-05-11 18:02,160,,P3,Printing & Peripherals,Printer offline,Chat,Mid-Market,Service Desk L1,Rohan Mehta,Pending,24,,No,None,0,No,,No,Service request,Vendor issue,APAC
HD-260519-02329,2026-05-19 13:41,35,2026-05-20 11:52,P4,,Remote desktop,Portal,Enterprise,Network Ops,Arjun Bhat,Resolved,72,22.19,No,None,0,No,4,No,Performance issue,Hardware fault,EMEA
HD-260829-01353,2026-08-29 09:40,57,2026-08-29 19:44,P2,Access & Identity,Password reset,Portal,Mid-Market,Service Desk L1,Priya Shah,Closed,8,10.07,Yes,Complex investigation,1,No,3,No,Incident,Capacity,EMEA
HD-260813-01724,2026-08-13 15:29,132,2026-08-14 00:39,P3,Endpoint Security,Malware check,Phone,Internal,Identity & Access,Zoya Hussain,Resolved,24,9.17,No,None,0,No,,No,Incident,Configuration,APAC
HD-260803-04325,2026-08-03 17:39,120,2026-08-05 15:12,P4,Account Provisioning,Offboarding,Portal,Internal,Service Desk L1,Rohan Mehta,Resolved,72,45.55,No,None,1,No,3,No,Performance issue,Configuration,EMEA
HD-260820-03684,2026-08-20 08:37,84,2026-08-21 07:41,P4,Access & Identity,MFA issue,Chat,SMB,Identity & Access,Farah Latif,Resolved,72,23.07,No,None,0,No,4,No,Service request,Network condition,EMEA
HD-260311-02160,2026-03-11 12:17,159,2026-03-12 00:14,P3,Email & Collaboration,Mailbox,Chat,SMB,Network Ops,Farah Latif,Resolved,24,11.96,No,None,0,No,4,Yes,Service request,User error,EMEA
HD-260617-01898,2026-06-17 12:01,322,2026-06-18 02:22,P4,VPN & Remote Access,Remote desktop,Portal,Enterprise,Network Ops,Arjun Bhat,Resolved,72,14.36,No,None,1,No,5,No,Incident,Capacity,EMEA
HD-260730-03279,2026-07-30 18:52,139,2026-08-01 00:11,P4,Endpoint Security,Security policy,Chat,Internal,Service Desk L1,Karan Verma,Resolved,72,29.32,No,None,0,No,5,No,Service request,Hardware fault,APAC
HD-260420-02569,2026-04-20 12:52,43,2026-04-20 19:41,P3,Software & Applications,Version issue,Email,Mid-Market,Business Apps,Imran Dar,Closed,24,6.83,No,None,0,No,5,No,Access request,Network condition,North America
HD-260421-02855,2026-04-21 10:42,303,2026-04-24 01:59,P4,Email & Collaboration,Teams/Meetings,Email,Mid-Market,Endpoint Ops,Neha Thomas,Resolved,72,63.29,No,None,0,No,,No,Access request,Software defect,APAC
HD-260709-01211,2026-07-09 09:42,96,,P4,,Device compliance,Phone,SMB,Identity & Access,Adil Mir,Open,72,,No,None,0,No,,No,How-to,User error,North America
HD-260604-01022,2026-06-04 13:07,124,2026-06-05 11:40,P3,Performance,High memory,Portal,SMB,Endpoint Ops,Neha Thomas,Resolved,24,22.56,No,None,0,No,,No,Incident,Network condition,APAC
HD-260723-01142,2026-07-23 17:42,41,2026-07-23 21:54,P2,Telephony,Extension,Portal,Mid-Market,Network Ops,Arjun Bhat,Resolved,8,4.21,No,None,0,No,4,No,Incident,Network condition,APAC
HD-260819-01375,2026-08-19 14:51,62,2026-08-20 14:57,P3,Cloud & SaaS,SSO,Portal,Enterprise,Service Desk L2,Arjun Bhat,Closed,24,24.1,Yes,Vendor response,2,No,,No,Service request,Software defect,North America
HD-260319-02950,2026-03-19 15:51,5,2026-03-19 17:16,P1,Performance,Slow device,Email,Enterprise,Service Desk L1,Aisha Khan,Closed,4,1.42,No,None,0,No,4,No,Incident,Configuration,APAC
HD-260416-03653,2026-04-16 16:53,123,2026-04-18 02:09,P4,VPN & Remote Access,VPN disconnect,Email,Internal,Network Ops,Arjun Bhat,Closed,72,33.28,No,None,1,No,4,No,Incident,Configuration,EMEA
HD-260419-01215,2026-04-19 12:53,11,2026-04-19 15:09,P1,Hardware,Keyboard/Mouse,Portal,Enterprise,Service Desk L1,Rohan Mehta,Closed,4,2.27,No,None,0,No,,No,How-to,User error,APAC
HD-260506-03844,2026-05-06 10:10,107,2026-05-06 21:27,P3,Cloud & SaaS,SSO,Portal,Enterprise,Business Apps,Neha Thomas,Resolved,24,11.29,No,None,1,No,4,No,Service request,Access policy,EMEA
HD-260710-02217,2026-07-10 16:57,51,2026-07-11 11:49,P4,Telephony,Softphone,Portal,Mid-Market,Service Desk L2,Sana Rahman,Closed,72,18.88,No,None,0,No,,No,Access request,Configuration,EMEA
HD-260505-01365,2026-05-05 17:49,120,2026-05-06 18:13,P3,Network,DNS/DHCP,Portal,Mid-Market,Service Desk L2,Vikram Patel,Resolved,24,24.41,Yes,Dependency delay,1,No,3,No,Service request,Hardware fault,North America
HD-260303-02899,2026-03-03 09:09,108,2026-03-04 02:25,P3,Email & Collaboration,Calendar,Portal,Mid-Market,Service Desk L2,Meera Joseph,Closed,24,17.27,No,None,0,No,3,No,Incident,User error,APAC
HD-260324-02801,2026-03-24 18:23,296,2026-03-25 14:47,P4,Email & Collaboration,Distribution list,Portal,Internal,Network Ops,Farah Latif,Resolved,72,20.41,No,None,0,No,5,No,Service request,User error,North America
HD-260527-03262,2026-05-27 14:46,151,2026-05-27 20:17,P3,Telephony,Call quality,Chat,Mid-Market,Service Desk L2,Vikram Patel,Resolved,24,5.53,No,None,0,No,5,No,How-to,Software defect,APAC
HD-260410-01591,2026-04-10 13:03,38,2026-04-10 18:28,P3,Telephony,Extension,Chat,Internal,Network Ops,Zoya Hussain,Resolved,24,5.42,No,None,0,No,5,No,Incident,Configuration,EMEA
HD-260523-01044,2026-05-23 11:30,122,2026-05-23 18:35,P3,VPN & Remote Access,Remote desktop,Portal,Internal,Network Ops,Farah Latif,Resolved,24,7.09,No,None,0,No,5,No,Incident,User error,APAC
HD-260622-03244,2026-06-22 19:33,11,2026-06-23 01:51,P1,Software & Applications,Installation,Email,SMB,Business Apps,Priya Shah,Resolved,4,6.3,Yes,Complex investigation,0,No,4,No,Incident,Capacity,North America
HD-260716-03981,2026-07-16 12:55,49,2026-07-19 07:53,P4,Network,Wi-Fi,Portal,Enterprise,Service Desk L2,Meera Joseph,Resolved,72,66.98,No,None,1,No,3,No,Performance issue,Hardware fault,EMEA
HD-260420-01544,2026-04-20 09:34,38,2026-04-22 08:55,P4,Telephony,Extension,Email,Mid-Market,Network Ops,Zoya Hussain,Resolved,72,47.36,No,None,0,No,3,Yes,Service request,User error,North America
HD-260707-01815,2026-07-07 10:16,47,2026-07-07 17:17,P3,Hardware,Docking station,Email,Enterprise,Network Ops,,Resolved,24,7.02,No,None,0,No,,No,Incident,Software defect,North America
HD-260325-03225,2026-03-25 12:59,38,2026-03-25 23:39,P3,Endpoint Security,Malware check,Phone,Enterprise,Service Desk L1,Neha Thomas,Resolved,24,10.67,No,None,2,No,4,No,Access request,Hardware fault,EMEA
HD-260610-03984,2026-06-10 11:37,33,,P3,Account Provisioning,Offboarding,Portal,SMB,Service Desk L1,Priya Shah,Open,24,,No,None,0,No,,No,Performance issue,Configuration,North America
HD-260610-02132,2026-06-10 14:31,25,2026-06-11 05:15,P4,Performance,Disk space,Portal,Mid-Market,Business Apps,Karan Verma,Resolved,72,14.74,No,None,2,No,4,No,Access request,Network condition,North America
HD-260424-04249,2026-04-24 11:59,90,2026-04-24 19:45,P3,Hardware,Laptop,Chat,SMB,Identity & Access,Zoya Hussain,Closed,24,7.77,No,None,0,No,4,No,Incident,Hardware fault,APAC
HD-260618-04564,2026-06-18 16:54,68,2026-06-19 10:23,P4,Endpoint Security,EDR alert,Chat,SMB,Identity & Access,Zoya Hussain,Closed,72,17.49,No,None,1,No,3,No,How-to,Network condition,North America
HD-260528-02978,2026-05-28 11:01,87,2026-05-29 04:20,P4,Access & Identity,Account locked,Email,Mid-Market,Identity & Access,Zoya Hussain,Resolved,72,17.33,No,None,0,No,4,No,Incident,Software defect,EMEA
HD-260619-02975,2026-06-19 12:40,72,,P3,Email & Collaboration,Teams/Meetings,Portal,Enterprise,Service Desk L2,Vikram Patel,Open,24,,No,None,0,Yes,,No,Access request,User error,North America
HD-260325-02698,2026-03-25 12:46,124,,P3,Software & Applications,Version issue,Phone,SMB,Service Desk L2,Sana Rahman,Open,24,,No,None,0,No,,No,Incident,Capacity,APAC
HD-260826-01887,2026-08-26 14:07,191,2026-08-27 05:08,P4,Endpoint Security,EDR alert,Email,SMB,Identity & Access,Farah Latif,Resolved,72,15.03,No,None,0,No,4,No,Service request,Unknown,EMEA
HD-260429-01161,2026-04-29 13:02,36,2026-05-01 05:35,P4,Software & Applications,Installation,Portal,Enterprise,Service Desk L2,Meera Joseph,Resolved,72,40.55,No,None,1,No,4,No,Incident,User error,North America
HD-260612-02149,2026-06-12 11:47,137,2026-06-13 02:09,P4,Access & Identity,Password reset,Portal,Enterprise,Identity & Access,Nadia Ali,Resolved,72,14.37,No,None,0,Yes,4,No,Performance issue,Configuration,APAC
HD-260413-01103,2026-04-13 15:59,241,2026-04-14 22:39,P4,VPN & Remote Access,Remote desktop,Chat,Enterprise,Network Ops,Zoya Hussain,Closed,72,30.68,No,None,0,No,4,No,Incident,User error,North America
HD-260501-04291,2026-05-01 09:28,43,2026-05-02 02:27,P3,Endpoint Security,EDR alert,Portal,Enterprise,Identity & Access,Zoya Hussain,Resolved,24,16.99,No,None,0,No,3,No,Service request,User error,North America
HD-260819-03019,2026-08-19 17:09,156,2026-08-20 11:42,P3,Cloud & SaaS,Application outage,Portal,Mid-Market,Service Desk L2,Meera Joseph,Resolved,24,18.55,No,None,1,No,4,No,Performance issue,Configuration,APAC
HD-260812-01209,2026-08-12 13:25,260,2026-08-13 23:41,P4,Printing & Peripherals,Peripheral setup,Portal,Mid-Market,Service Desk L2,Meera Joseph,Resolved,72,34.28,No,None,0,No,,No,Incident,User error,APAC
HD-260508-01104,2026-05-08 14:33,320,,P4,Printing & Peripherals,Peripheral setup,Portal,Internal,Endpoint Ops,Neha Thomas,Pending,72,,No,None,0,No,,No,Incident,Vendor issue,EMEA
HD-260707-01370,2026-07-07 20:31,59,2026-07-07 22:43,P2,Hardware,Monitor,Portal,Mid-Market,Service Desk L2,Meera Joseph,Resolved,8,2.2,No,None,1,No,4,No,Incident,Access policy,APAC
HD-260713-01831,2026-07-13 17:10,317,,P4,Account Provisioning,Access package,Portal,Mid-Market,Identity & Access,Deepak Nair,Pending,72,,No,None,1,No,,No,How-to,User error,EMEA
HD-260505-01094,2026-05-05 10:13,53,2026-05-06 01:17,P3,Cloud & SaaS,Application outage,Email,SMB,Business Apps,Neha Thomas,Closed,24,15.07,No,None,0,No,2,No,How-to,User error,EMEA
HD-260728-02928,2026-07-28 08:51,144,2026-07-29 01:24,P3,Cloud & SaaS,Subscription,Portal,Enterprise,Service Desk L2,Meera Joseph,Resolved,24,16.55,No,None,0,No,3,No,Incident,Configuration,North America
HD-260303-01525,2026-03-03 09:59,42,,P3,Telephony,Call quality,Chat,SMB,Service Desk L2,Meera Joseph,Open,24,,No,None,1,No,,No,Incident,User error,EMEA
HD-260814-01779,2026-08-14 10:34,15,2026-08-14 12:54,P1,Email & Collaboration,Teams/Meetings,Portal,Enterprise,Network Ops,Deepak Nair,Closed,4,2.34,No,None,2,No,4,No,Access request,Vendor issue,EMEA
HD-260721-04252,2026-07-21 08:40,9,2026-07-21 10:26,P1,Email & Collaboration,Distribution list,Portal,SMB,Service Desk L1,Priya Shah,Resolved,4,1.77,No,None,0,No,4,No,Access request,Software defect,APAC
HD-260408-03627,2026-04-08 10:17,301,2026-04-09 05:31,P4,Cloud & SaaS,Subscription,Email,Mid-Market,Service Desk L2,Arjun Bhat,Resolved,72,19.24,No,None,0,No,3,No,Incident,Configuration,APAC
HD-260327-01726,2026-03-27 12:18,5,2026-03-27 16:51,P1,Software & Applications,Application error,Portal,Enterprise,Service Desk L2,Sana Rahman,Resolved,4,4.56,Yes,After-hours coverage,0,Yes,4,No,Access request,Unknown,APAC
HD-260429-01656,2026-04-29 17:37,158,2026-04-30 04:06,P3,Access & Identity,MFA issue,Chat,Mid-Market,Identity & Access,Farah Latif,Resolved,24,10.49,No,None,0,No,3,No,Incident,User error,EMEA
HD-260505-02477,2026-05-05 21:52,17,2026-05-06 04:01,P1,Access & Identity,Permission request,Chat,SMB,Service Desk L1,,Resolved,4,6.15,Yes,Escalation delay,0,No,3,No,Incident,Capacity,APAC
HD-260324-02146,2026-03-24 10:59,156,2026-03-26 11:22,P4,Performance,Slow device,Chat,Internal,Service Desk L1,Neha Thomas,Resolved,72,48.39,No,None,0,No,2,No,Access request,Software defect,North America
HD-260407-03171,2026-04-07 08:22,109,2026-04-07 16:34,P3,Printing & Peripherals,Printer offline,Email,SMB,Service Desk L1,Karan Verma,Resolved,24,8.2,No,None,0,No,4,No,How-to,Access policy,North America
HD-260831-01086,2026-08-31 15:16,139,2026-09-01 03:40,P3,VPN & Remote Access,Split tunnel,Chat,Internal,Network Ops,Zoya Hussain,Closed,24,12.41,No,None,0,No,,No,Service request,Network condition,APAC
HD-260430-01521,2026-04-30 09:27,63,2026-05-02 11:49,P4,Cloud & SaaS,Application outage,Chat,Mid-Market,Business Apps,Sana Rahman,Resolved,72,50.38,No,None,0,No,,No,Performance issue,Capacity,North America
HD-260608-04343,2026-06-08 18:39,34,2026-06-08 21:34,P2,Email & Collaboration,Mailbox,Portal,SMB,Business Apps,Sana Rahman,Resolved,8,2.93,No,None,0,Yes,3,No,Incident,Vendor issue,North America
HD-260528-03959,2026-05-28 14:52,330,2026-05-31 11:06,P4,Endpoint Security,Security policy,Email,Mid-Market,Identity & Access,Farah Latif,Resolved,72,68.24,No,None,0,No,4,No,Service request,Hardware fault,EMEA
HD-260727-03170,2026-07-27 14:24,22,2026-07-27 17:16,P1,Endpoint Security,Device compliance,Phone,Mid-Market,Identity & Access,Adil Mir,Closed,4,2.87,No,None,0,No,3,Yes,Service request,Network condition,North America
HD-260730-02849,2026-07-30 11:15,145,2026-07-30 16:34,P3,Printing & Peripherals,Scanner,Portal,SMB,Identity & Access,Deepak Nair,Resolved,24,5.32,No,None,1,No,,No,How-to,Software defect,EMEA
HD-260512-03914,2026-05-12 13:17,75,2026-05-12 21:34,P3,Performance,High CPU,Email,SMB,Service Desk L1,Neha Thomas,Resolved,24,8.29,No,None,0,No,4,No,Service request,Configuration,North America
HD-260827-04533,2026-08-27 08:17,34,2026-08-28 07:29,P3,Email & Collaboration,Teams/Meetings,Email,Internal,Service Desk L1,Priya Shah,Closed,24,23.21,No,None,0,No,4,No,Service request,Software defect,North America
HD-260803-02251,2026-08-03 10:00,172,2026-08-03 22:37,P3,Email & Collaboration,Teams/Meetings,Portal,SMB,Identity & Access,Adil Mir,Closed,24,12.62,No,None,0,No,5,No,Service request,Hardware fault,EMEA
HD-260310-03061,2026-03-10 15:52,262,2026-03-13 02:46,P4,Hardware,Docking station,Phone,SMB,Identity & Access,Farah Latif,Closed,72,58.9,No,None,0,No,3,No,Service request,User error,North America
HD-260413-01682,2026-04-13 14:21,57,,P4,Email & Collaboration,Mailbox,Phone,Internal,Endpoint Ops,Sana Rahman,Open,72,,No,None,0,No,,No,Service request,Access policy,North America
HD-260820-01134,2026-08-20 14:14,35,2026-08-21 00:31,P2,Hardware,Docking station,Portal,Mid-Market,Service Desk L1,Imran Dar,Resolved,8,10.29,Yes,Dependency delay,1,Yes,4,Yes,Access request,Capacity,North America
HD-260506-04010,2026-05-06 15:24,251,,P4,Software & Applications,Installation,Chat,SMB,Business Apps,Imran Dar,Pending,72,,No,None,0,No,,No,Access request,Configuration,North America
HD-260331-02565,2026-03-31 16:45,10,2026-04-01 01:24,P2,Access & Identity,Account locked,Email,SMB,Identity & Access,Deepak Nair,Resolved,8,8.66,Yes,High queue volume,3,No,3,Yes,Access request,Unknown,North America
HD-260428-01254,2026-04-28 12:09,23,2026-04-28 18:28,P3,Performance,High CPU,Portal,Mid-Market,Service Desk L1,Aisha Khan,Resolved,24,6.33,No,None,1,No,5,Yes,Performance issue,Access policy,APAC
HD-260621-04181,2026-06-21 11:35,111,2026-06-22 01:30,P3,Printing & Peripherals,Print queue,Email,Enterprise,Business Apps,Priya Shah,Closed,24,13.92,No,None,1,No,5,No,Incident,Configuration,EMEA
HD-260513-02902,2026-05-13 08:12,310,2026-05-15 13:21,P4,Cloud & SaaS,Subscription,Chat,Mid-Market,Business Apps,Priya Shah,Resolved,72,53.15,No,None,0,No,3,Yes,Incident,Capacity,APAC
HD-260611-03602,2026-06-11 14:53,102,2026-06-12 08:53,P4,Cloud & SaaS,Integration,Phone,Enterprise,Service Desk L1,Karan Verma,Resolved,72,18,No,None,0,No,4,Yes,Access request,Configuration,APAC
HD-260601-02208,2026-06-01 10:01,61,2026-06-01 12:47,P2,Cloud & SaaS,Integration,Portal,SMB,Service Desk L2,Meera Joseph,Closed,8,2.78,No,None,3,No,4,No,How-to,Network condition,North America
HD-260414-01021,2026-04-14 19:15,357,2026-04-16 20:33,P4,Hardware,Monitor,Email,Enterprise,Service Desk L2,Vikram Patel,Resolved,72,49.3,No,None,0,No,3,No,Service request,Configuration,North America
HD-260528-01648,2026-05-28 18:46,29,2026-05-29 09:03,P4,Account Provisioning,Role change,Phone,Enterprise,Identity & Access,Nadia Ali,Resolved,72,14.29,No,None,1,No,5,No,Service request,Hardware fault,EMEA
HD-260409-01414,2026-04-09 13:35,54,2026-04-11 22:41,P4,Endpoint Security,Device compliance,Email,SMB,Identity & Access,Farah Latif,Closed,72,57.1,No,None,0,No,3,No,Access request,User error,North America
HD-260826-02107,2026-08-26 13:12,51,2026-08-28 05:18,P4,Network,Wi-Fi,Chat,Mid-Market,Network Ops,Zoya Hussain,Resolved,72,40.11,No,None,1,Yes,4,No,Incident,Configuration,North America
HD-260508-01776,2026-05-08 13:24,79,2026-05-09 00:26,P3,Access & Identity,MFA issue,Portal,Internal,Service Desk L1,Priya Shah,Closed,24,11.04,No,None,1,No,5,No,Incident,User error,EMEA
HD-260302-03855,2026-03-02 12:43,39,2026-03-03 01:25,P3,Account Provisioning,Offboarding,Portal,Mid-Market,Identity & Access,Adil Mir,Closed,24,12.7,No,None,1,No,5,No,How-to,Network condition,APAC
HD-260617-03753,2026-06-17 10:41,260,2026-06-18 14:35,P4,Endpoint Security,Malware check,Email,Enterprise,Identity & Access,Zoya Hussain,Resolved,72,27.9,No,None,0,No,4,No,Service request,Network condition,APAC
HD-260615-01530,2026-06-15 13:39,93,2026-06-16 12:15,P3,VPN & Remote Access,VPN disconnect,Portal,Mid-Market,Service Desk L2,Sana Rahman,Closed,24,22.61,No,None,0,No,3,Yes,Incident,Unknown,EMEA
HD-260320-04172,2026-03-20 10:10,121,2026-03-21 07:56,P3,,Extension,Portal,Internal,Service Desk L2,Meera Joseph,Closed,24,21.77,No,None,2,No,4,No,Performance issue,User error,APAC
HD-260623-02581,2026-06-23 10:09,90,,P3,Network,LAN connectivity,Email,SMB,Service Desk L2,Sana Rahman,Open,24,,No,None,1,No,,Yes,Incident,Access policy,APAC
HD-260423-03921,2026-04-23 15:30,170,2026-04-25 05:09,P4,Cloud & SaaS,Integration,Portal,SMB,Service Desk L2,Meera Joseph,Closed,72,37.66,No,None,0,No,4,No,Incident,Configuration,APAC
HD-260427-01563,2026-04-27 18:47,24,2026-04-27 22:18,P2,Access & Identity,Account locked,Email,Enterprise,Identity & Access,Farah Latif,Resolved,8,3.53,No,None,2,No,4,No,Service request,User error,North America
HD-260525-03522,2026-05-25 15:38,63,2026-05-26 02:09,P2,Cloud & SaaS,SSO,Email,Enterprise,Service Desk L2,Vikram Patel,Closed,8,10.52,Yes,Vendor response,0,No,2,No,Access request,Access policy,North America
HD-260608-04213,2026-06-08 12:11,179,2026-06-09 08:35,P3,Access & Identity,MFA issue,Chat,Enterprise,Identity & Access,Zoya Hussain,Resolved,24,20.4,No,None,0,Yes,3,No,Access request,Software defect,APAC
HD-260618-01303,2026-06-18 19:18,102,2026-06-19 13:42,P3,Printing & Peripherals,Scanner,Portal,Enterprise,Identity & Access,Adil Mir,Closed,24,18.4,No,None,0,No,3,No,Incident,Network condition,North America
HD-260511-03774,2026-05-11 09:16,127,2026-05-12 10:19,P3,VPN & Remote Access,VPN disconnect,Email,Internal,Network Ops,Arjun Bhat,Resolved,24,25.05,Yes,Escalation delay,0,No,3,No,Access request,Access policy,APAC
HD-260706-04257,2026-07-06 09:47,41,,P3,Software & Applications,Version issue,Chat,SMB,Service Desk L2,Meera Joseph,Pending,24,,No,None,0,Yes,,No,Service request,Unknown,EMEA
HD-260818-02080,2026-08-18 15:44,161,2026-08-19 09:12,P3,Endpoint Security,Malware check,Chat,Enterprise,Endpoint Ops,Neha Thomas,Resolved,24,17.48,No,None,1,No,3,Yes,Incident,User error,North America
HD-260508-01776,2026-05-08 13:24,79,2026-05-09 00:26,P3,Access & Identity,MFA issue,Portal,Internal,Service Desk L1,Priya Shah,Closed,24,11.04,No,None,1,No,5,No,Incident,User error,EMEA
HD-260331-03644,2026-03-31 14:37,65,,P3,Account Provisioning,Offboarding,Portal,Enterprise,Identity & Access,Nadia Ali,Pending,24,,No,None,0,No,,No,Service request,Software defect,North America
HD-260317-03328,2026-03-17 14:10,156,2026-03-18 12:37,P3,VPN & Remote Access,Split tunnel,Email,SMB,Network Ops,Arjun Bhat,Resolved,24,22.45,No,None,0,No,3,No,Incident,Unknown,North America
HD-260613-02052,2026-06-13 11:36,17,2026-06-13 14:54,P2,Email & Collaboration,Distribution list,Portal,Mid-Market,Service Desk L1,Karan Verma,Resolved,8,3.31,No,None,0,Yes,5,No,How-to,User error,APAC
HD-260527-02606,2026-05-27 15:22,217,,P4,Network,DNS/DHCP,Portal,Internal,Service Desk L2,Meera Joseph,Open,72,,No,None,1,No,,No,Incident,User error,APAC
HD-260629-03124,2026-06-29 14:57,37,2026-06-29 18:39,P2,Email & Collaboration,Mailbox,Phone,SMB,Endpoint Ops,Neha Thomas,Closed,8,3.71,No,None,0,No,3,No,Incident,Hardware fault,APAC
HD-260523-03321,2026-05-23 11:39,50,2026-05-24 13:37,P4,Endpoint Security,Security policy,Portal,SMB,Identity & Access,Deepak Nair,Resolved,72,25.98,No,None,0,No,4,No,Incident,User error,North America
HD-260331-01562,2026-03-31 15:33,172,2026-04-01 04:30,P3,Account Provisioning,Role change,Chat,Internal,Service Desk L1,,Resolved,24,12.96,No,None,0,No,4,No,Service request,Access policy,North America
HD-260411-02718,2026-04-11 11:55,25,2026-04-11 15:31,P2,Hardware,Keyboard/Mouse,Chat,Enterprise,Identity & Access,Adil Mir,Resolved,8,3.61,No,None,0,No,5,No,Service request,Access policy,EMEA
HD-260508-03630,2026-05-08 11:57,99,2026-05-09 00:47,P3,Account Provisioning,Offboarding,Phone,Enterprise,Service Desk L1,Neha Thomas,Resolved,24,12.84,No,None,0,No,5,No,Incident,Vendor issue,North America
HD-260601-01564,2026-06-01 10:35,136,2026-06-01 16:51,P3,Telephony,Call quality,Phone,Internal,Service Desk L2,Meera Joseph,Resolved,24,6.28,No,None,0,No,3,No,Access request,Capacity,EMEA
HD-260318-03200,2026-03-18 17:51,90,2026-03-19 12:48,P3,Network,DNS/DHCP,Portal,SMB,Service Desk L2,Arjun Bhat,Resolved,24,18.95,No,None,0,No,3,No,Incident,Capacity,EMEA
HD-260406-02525,2026-04-06 09:19,154,2026-04-07 00:17,P3,Software & Applications,Version issue,Portal,Enterprise,Service Desk L2,Sana Rahman,Resolved,24,14.97,No,None,0,No,3,No,Incident,Configuration,North America
HD-260324-04375,2026-03-24 10:34,55,2026-03-26 23:32,P4,Network,DNS/DHCP,Chat,SMB,Network Ops,Deepak Nair,Resolved,72,60.98,No,None,0,No,3,No,Access request,Hardware fault,APAC
HD-260424-01269,2026-04-24 15:32,92,2026-04-25 17:08,P4,Telephony,Call quality,Portal,Mid-Market,Service Desk L2,Vikram Patel,Resolved,72,25.6,No,None,0,No,5,Yes,Service request,Software defect,North America
HD-260617-03725,2026-06-17 10:06,52,2026-06-17 20:09,P2,Endpoint Security,Security policy,Portal,Enterprise,Identity & Access,Farah Latif,Closed,8,10.05,Yes,High queue volume,3,No,,No,Service request,Hardware fault,North America
HD-260518-03553,2026-05-18 14:39,146,2026-05-18 20:32,P3,Software & Applications,License,Portal,Enterprise,Service Desk L1,Rohan Mehta,Closed,24,5.89,No,None,0,No,,No,How-to,User error,EMEA
HD-260828-02710,2026-08-28 15:42,23,2026-08-28 17:56,P2,Performance,Disk space,Phone,Mid-Market,Service Desk L2,Vikram Patel,Resolved,8,2.24,No,None,0,No,4,No,Access request,Network condition,North America
HD-260324-03705,2026-03-24 14:30,51,2026-03-24 23:25,P3,Software & Applications,License,Portal,Mid-Market,Business Apps,Karan Verma,Closed,24,8.93,No,None,1,No,4,No,Performance issue,Hardware fault,North America
HD-260424-02791,2026-04-24 15:14,100,2026-04-25 08:36,P4,Account Provisioning,Access package,Portal,SMB,Service Desk L1,Karan Verma,Closed,72,17.38,No,None,0,No,4,No,Service request,Software defect,APAC
HD-260716-02991,2026-07-16 12:55,22,2026-07-16 19:34,P3,VPN & Remote Access,Split tunnel,Portal,SMB,Service Desk L2,Meera Joseph,Resolved,24,6.65,No,None,0,No,4,No,Incident,Configuration,North America
HD-260819-03147,2026-08-19 16:17,27,2026-08-19 22:27,P3,Network,Switch port,Chat,Mid-Market,Network Ops,Farah Latif,Resolved,24,6.17,No,None,0,No,5,No,Service request,Hardware fault,North America
HD-260617-02239,2026-06-17 14:44,200,2026-06-19 17:17,P4,Endpoint Security,Security policy,Phone,Enterprise,Identity & Access,Deepak Nair,Resolved,72,50.56,No,None,0,No,3,No,Service request,Unknown,EMEA
HD-260601-02674,2026-06-01 10:12,32,2026-06-01 13:02,P2,Access & Identity,Password reset,Email,Enterprise,Identity & Access,,Resolved,8,2.84,No,None,0,No,3,Yes,How-to,User error,EMEA
HD-260812-03405,2026-08-12 15:10,111,,P3,Access & Identity,Permission request,Chat,Enterprise,Service Desk L1,Aisha Khan,Pending,24,,No,None,0,No,,No,How-to,Network condition,APAC
HD-260609-04525,2026-06-09 19:26,317,2026-06-12 16:01,P4,Network,LAN connectivity,Portal,Mid-Market,Network Ops,Deepak Nair,Resolved,72,68.59,No,None,0,Yes,3,No,Incident,User error,North America
HD-260406-02400,2026-04-06 13:41,220,,P4,Access & Identity,Password reset,Portal,Mid-Market,Service Desk L1,Karan Verma,Pending,72,,No,None,1,No,,No,Access request,Software defect,EMEA
HD-260415-03685,2026-04-15 09:27,73,2026-04-15 14:47,P3,Software & Applications,Installation,Portal,Enterprise,Service Desk L2,Vikram Patel,Resolved,24,5.34,No,None,0,No,4,No,Service request,Software defect,EMEA
HD-260326-03315,2026-03-26 17:48,40,2026-03-26 23:49,P3,Email & Collaboration,Mailbox,Email,Internal,Service Desk L2,Sana Rahman,Closed,24,6.03,No,None,1,No,5,No,Incident,User error,EMEA
HD-260501-01962,2026-05-01 12:37,152,2026-05-01 18:14,P3,Printing & Peripherals,Print queue,Email,Internal,Service Desk L1,Imran Dar,Closed,24,5.63,No,None,0,No,5,No,Incident,Software defect,North America
HD-260408-02268,2026-04-08 16:30,104,2026-04-09 01:34,P3,Printing & Peripherals,Peripheral setup,Portal,Internal,Endpoint Ops,Karan Verma,Resolved,24,9.07,No,None,3,No,4,No,Performance issue,Software defect,North America
HD-260515-01520,2026-05-15 17:33,157,2026-05-16 05:22,P3,Endpoint Security,Malware check,Chat,Enterprise,Endpoint Ops,Vikram Patel,Resolved,24,11.82,No,None,0,No,5,Yes,Incident,Hardware fault,EMEA
HD-260427-03499,2026-04-27 16:52,68,2026-04-27 23:55,P3,Performance,Disk space,Portal,Internal,Identity & Access,Deepak Nair,Closed,24,7.05,No,None,0,No,5,No,Service request,User error,North America
HD-260426-03549,2026-04-26 17:56,286,2026-04-28 09:41,P4,Telephony,Headset,Portal,Internal,Service Desk L2,Sana Rahman,Resolved,72,39.76,No,None,0,No,4,No,Access request,Software defect,North America
HD-260705-03750,2026-07-05 16:00,32,2026-07-05 19:22,P2,Access & Identity,Account locked,Email,Internal,Identity & Access,Adil Mir,Closed,8,3.38,No,None,0,Yes,4,No,Incident,Access policy,EMEA
HD-260427-04450,2026-04-27 12:34,253,2026-04-29 08:49,P4,Access & Identity,Permission request,Chat,Mid-Market,Service Desk L1,Rohan Mehta,Resolved,72,44.25,No,None,0,No,,No,Incident,Configuration,North America
HD-260417-02794,2026-04-17 11:28,41,,P2,Software & Applications,Application error,Phone,Mid-Market,Service Desk L1,Aisha Khan,Pending,8,,No,None,1,No,,No,Incident,Configuration,North America
HD-260608-01190,2026-06-08 16:32,260,2026-06-09 14:57,P4,Software & Applications,Application error,Portal,Enterprise,Service Desk L1,Neha Thomas,Closed,72,22.42,No,None,0,No,4,No,Incident,Network condition,EMEA
HD-260616-01427,2026-06-16 16:52,50,2026-06-19 05:20,P4,Hardware,Docking station,Portal,Internal,Service Desk L2,Vikram Patel,Resolved,72,60.48,No,None,0,No,4,No,Access request,Access policy,North America
HD-260713-03882,2026-07-13 08:59,169,,P3,Account Provisioning,New starter,Phone,SMB,Identity & Access,Nadia Ali,Open,24,,No,None,0,No,,No,Access request,Hardware fault,North America
HD-260402-03552,2026-04-02 17:48,219,2026-04-04 05:25,P4,Telephony,Extension,Phone,Internal,Service Desk L2,Sana Rahman,Resolved,72,35.63,No,None,0,No,4,No,Service request,Access policy,EMEA
HD-260710-04321,2026-07-10 13:06,74,2026-07-11 23:37,P4,Email & Collaboration,Mailbox,Phone,Internal,Service Desk L1,Rohan Mehta,Resolved,72,34.53,No,None,0,No,,No,Service request,Configuration,EMEA
HD-260420-02864,2026-04-20 20:01,16,,P2,Account Provisioning,New starter,Portal,SMB,Identity & Access,Farah Latif,Pending,8,,No,None,0,No,,No,How-to,Network condition,North America
HD-260324-02154,2026-03-24 12:05,101,2026-03-27 08:18,P4,Software & Applications,License,Portal,Mid-Market,Business Apps,Neha Thomas,Resolved,72,68.22,No,None,0,No,3,No,Access request,User error,EMEA
HD-260416-01604,2026-04-16 21:57,104,2026-04-17 21:06,P4,Account Provisioning,Role change,Chat,Enterprise,Identity & Access,Deepak Nair,Resolved,72,23.15,No,None,0,No,,No,Incident,Capacity,North America
HD-260710-03141,2026-07-10 14:26,28,2026-07-11 08:30,P3,Printing & Peripherals,Peripheral setup,Chat,Enterprise,Service Desk L2,Vikram Patel,Closed,24,18.07,No,None,0,No,3,No,Service request,Configuration,APAC
HD-260813-04391,2026-08-13 15:29,139,2026-08-14 12:27,P3,Cloud & SaaS,SSO,Chat,Enterprise,Service Desk L1,Imran Dar,Resolved,24,20.98,No,None,0,No,3,No,Access request,Software defect,APAC
HD-260729-01770,2026-07-29 11:20,86,2026-07-30 11:51,P3,VPN & Remote Access,Remote desktop,Portal,Enterprise,Network Ops,Deepak Nair,Resolved,24,24.52,Yes,Vendor response,0,No,4,No,Incident,Capacity,North America
HD-260305-02478,2026-03-05 14:57,149,2026-03-06 00:52,P3,Hardware,Keyboard/Mouse,Chat,SMB,Service Desk L1,Aisha Khan,Closed,24,9.93,No,None,0,No,,Yes,Performance issue,User error,APAC
HD-260522-03706,2026-05-22 15:25,179,2026-05-23 10:13,P3,Printing & Peripherals,Print queue,Chat,Internal,Service Desk L1,Neha Thomas,Resolved,24,18.8,No,None,0,No,,No,Access request,Configuration,APAC
HD-260728-04187,2026-07-28 16:11,50,2026-07-28 23:45,P3,VPN & Remote Access,VPN login,Email,Internal,Network Ops,Zoya Hussain,Resolved,24,7.57,No,None,0,No,4,No,Access request,Access policy,North America
HD-260610-01825,2026-06-10 14:36,20,2026-06-10 18:24,P1,Performance,High CPU,Portal,Mid-Market,Service Desk L2,Sana Rahman,Resolved,4,3.8,No,None,0,Yes,4,No,Incident,Hardware fault,EMEA
HD-260526-04471,2026-05-26 14:59,142,2026-05-26 21:26,P3,Hardware,Monitor,Portal,SMB,Business Apps,Karan Verma,Resolved,24,6.45,No,None,0,Yes,4,No,Service request,Access policy,North America
HD-260511-03929,2026-05-11 14:57,22,2026-05-11 21:04,P1,Network,LAN connectivity,Portal,Mid-Market,Network Ops,Farah Latif,Closed,4,6.12,Yes,Escalation delay,0,Yes,3,No,Incident,Network condition,North America
HD-260304-02878,2026-03-04 14:27,60,2026-03-04 19:14,P2,Endpoint Security,Security policy,Email,SMB,Identity & Access,Deepak Nair,Closed,8,4.79,No,None,0,No,4,No,Service request,Software defect,North America
HD-260805-02342,2026-08-05 12:59,31,2026-08-06 08:26,P3,Access & Identity,Permission request,Portal,SMB,Identity & Access,Adil Mir,Closed,24,19.46,No,None,0,No,4,No,Service request,User error,EMEA
HD-260727-03837,2026-07-27 13:46,97,2026-07-28 00:29,P3,Access & Identity,Password reset,Phone,Mid-Market,Service Desk L1,Aisha Khan,Closed,24,10.72,No,None,2,Yes,5,No,Access request,Network condition,EMEA
HD-260323-02843,2026-03-23 13:53,26,2026-03-23 19:22,P2,Telephony,Extension,Portal,Mid-Market,Service Desk L2,Arjun Bhat,Closed,8,5.49,No,None,2,No,3,No,Access request,Capacity,North America
HD-260325-02555,2026-03-25 15:07,88,2026-03-25 23:53,P3,Performance,High CPU,Email,Internal,Identity & Access,Adil Mir,Resolved,24,8.78,No,None,0,No,4,No,Service request,User error,North America
HD-260626-02664,2026-06-26 14:18,133,2026-06-27 10:52,P4,VPN & Remote Access,VPN disconnect,Portal,Internal,Network Ops,Arjun Bhat,Closed,72,20.57,No,None,0,No,5,No,Access request,Access policy,EMEA
HD-260401-01668,2026-04-01 09:25,175,,P4,Hardware,Keyboard/Mouse,Portal,Mid-Market,Network Ops,Zoya Hussain,Open,72,,No,None,0,No,,No,Access request,Unknown,APAC
HD-260612-03452,2026-06-12 13:39,62,2026-06-12 20:48,P2,Cloud & SaaS,Application outage,Email,Mid-Market,Service Desk L2,Arjun Bhat,Closed,8,7.15,No,None,0,No,,No,Incident,Network condition,APAC
HD-260310-02231,2026-03-10 09:54,171,2026-03-10 20:21,P3,Performance,High memory,Portal,SMB,Identity & Access,Farah Latif,Closed,24,10.46,No,None,2,No,4,Yes,Access request,Hardware fault,APAC
HD-260721-01708,2026-07-21 14:30,83,2026-07-21 19:59,P3,VPN & Remote Access,VPN login,Chat,Mid-Market,Service Desk L2,Arjun Bhat,Resolved,24,5.49,No,None,0,No,5,Yes,Incident,User error,North America
HD-260325-02340,2026-03-25 08:04,152,2026-03-25 23:54,P3,Telephony,Call quality,Portal,SMB,Service Desk L2,Sana Rahman,Closed,24,15.84,No,None,2,No,4,No,Incident,Access policy,APAC
HD-260303-02730,2026-03-03 11:24,351,2026-03-04 20:00,P4,Cloud & SaaS,Integration,Email,Internal,Business Apps,Karan Verma,Resolved,72,32.6,No,None,0,No,4,Yes,Service request,Configuration,APAC
HD-260501-04276,2026-05-01 08:05,16,2026-05-01 21:24,P3,Cloud & SaaS,Application outage,Portal,Internal,Service Desk L2,Sana Rahman,Closed,24,13.32,No,None,0,No,5,No,Service request,Vendor issue,APAC
HD-260319-04395,2026-03-19 18:55,20,2026-03-20 02:35,P2,Network,LAN connectivity,Chat,Mid-Market,Network Ops,Arjun Bhat,Resolved,8,7.67,No,None,0,Yes,,No,Incident,Configuration,APAC
HD-260529-02969,2026-05-29 13:24,83,2026-06-01 03:58,P4,Network,LAN connectivity,Portal,SMB,Network Ops,Deepak Nair,Closed,72,62.58,No,None,2,No,2,Yes,Incident,Hardware fault,EMEA
HD-260601-02182,2026-06-01 16:09,21,,P2,Hardware,Docking station,Portal,Mid-Market,Service Desk L1,Rohan Mehta,Open,8,,No,None,0,No,,No,How-to,Vendor issue,EMEA
HD-260304-02124,2026-03-04 11:03,60,,P3,Performance,High memory,Chat,Mid-Market,Business Apps,Sana Rahman,Open,24,,No,None,1,No,,Yes,Incident,Network condition,North America
HD-260416-03995,2026-04-16 11:20,96,2026-04-17 09:24,P3,Hardware,Keyboard/Mouse,Phone,Enterprise,Endpoint Ops,Vikram Patel,Resolved,24,22.07,No,None,1,No,,No,Service request,Unknown,APAC
HD-260703-02386,2026-07-03 15:28,86,,P3,VPN & Remote Access,Remote desktop,Phone,Internal,Network Ops,Deepak Nair,Pending,24,,No,None,0,No,,No,Service request,Capacity,North America
HD-260702-02845,2026-07-02 09:01,16,2026-07-02 14:49,P2,Printing & Peripherals,Print queue,Portal,Enterprise,Service Desk L1,Rohan Mehta,Resolved,8,5.8,No,None,0,Yes,,No,Access request,Network condition,EMEA
HD-260722-01740,2026-07-22 13:29,80,2026-07-23 08:19,P3,Telephony,Extension,Portal,Mid-Market,Service Desk L2,Arjun Bhat,Resolved,24,18.84,No,None,0,No,4,No,Incident,Software defect,North America
HD-260825-02339,2026-08-25 16:27,44,,P2,Telephony,Call quality,Email,Enterprise,Service Desk L2,Arjun Bhat,Pending,8,,No,None,1,No,,Yes,Service request,Vendor issue,North America
HD-260710-03127,2026-07-10 15:47,32,2026-07-11 14:11,P3,Performance,High CPU,Email,SMB,Business Apps,Karan Verma,Resolved,24,22.41,No,None,0,No,,No,Service request,Unknown,North America
HD-260316-01340,2026-03-16 14:25,52,2026-03-17 01:46,P3,Printing & Peripherals,Printer offline,Portal,Enterprise,Endpoint Ops,Karan Verma,Resolved,24,11.36,No,None,0,No,4,No,Service request,User error,APAC
HD-260814-03409,2026-08-14 12:34,15,,P2,VPN & Remote Access,Remote desktop,Chat,Mid-Market,Service Desk L2,Arjun Bhat,Pending,8,,No,None,0,No,,No,Incident,Software defect,North America
HD-260531-03264,2026-05-31 11:22,49,2026-05-31 21:28,P2,,Headset,Chat,Enterprise,Service Desk L2,Sana Rahman,Resolved,8,10.11,Yes,Dependency delay,0,No,,No,Incident,Network condition,North America
HD-260515-03616,2026-05-15 18:20,13,2026-05-15 20:46,P2,Hardware,Laptop,Email,Enterprise,Service Desk L2,Sana Rahman,Resolved,8,2.44,No,None,0,No,5,No,Incident,Access policy,APAC
HD-260423-01485,2026-04-23 17:57,47,2026-04-24 06:48,P3,Software & Applications,Version issue,Chat,Internal,Business Apps,Priya Shah,Resolved,24,12.85,No,None,0,No,5,No,Performance issue,User error,North America
HD-260319-04458,2026-03-19 10:42,127,2026-03-20 08:15,P4,Software & Applications,Installation,Chat,Internal,Service Desk L2,Sana Rahman,Resolved,72,21.55,No,None,0,No,4,No,Access request,Configuration,EMEA
HD-260311-04553,2026-03-11 12:33,144,2026-03-12 03:17,P3,Telephony,Call quality,Portal,SMB,Service Desk L2,Vikram Patel,Closed,24,14.74,No,None,1,No,3,No,Incident,Software defect,APAC
HD-260609-01155,2026-06-09 11:48,161,2026-06-09 20:02,P3,Email & Collaboration,Teams/Meetings,Chat,Enterprise,Service Desk L1,Imran Dar,Closed,24,8.24,No,None,1,No,4,No,How-to,Unknown,North America
HD-260525-02524,2026-05-25 12:39,136,2026-05-26 12:58,P4,Performance,High CPU,Chat,Internal,Endpoint Ops,Vikram Patel,Closed,72,24.33,No,None,0,No,5,No,Access request,Configuration,APAC
HD-260420-01180,2026-04-20 10:46,17,2026-04-20 21:19,P2,Printing & Peripherals,Printer offline,Email,Enterprise,Identity & Access,Farah Latif,Closed,8,10.56,Yes,After-hours coverage,0,No,3,No,Incident,Configuration,North America
HD-260515-02907,2026-05-15 11:55,222,2026-05-18 05:08,P4,Telephony,Extension,Portal,Mid-Market,Service Desk L2,Meera Joseph,Resolved,72,65.23,No,None,0,No,3,No,Incident,Capacity,EMEA
HD-260724-03392,2026-07-24 08:22,29,,P3,Software & Applications,Version issue,Portal,SMB,Service Desk L2,Vikram Patel,Pending,24,,No,None,0,No,,No,How-to,Unknown,North America
HD-260519-04379,2026-05-19 12:15,175,2026-05-19 22:46,P3,Telephony,Call quality,Chat,Mid-Market,Service Desk L2,Arjun Bhat,Resolved,24,10.52,No,None,1,No,4,Yes,Access request,User error,EMEA
HD-260506-01005,2026-05-06 09:10,60,2026-05-08 05:38,P4,Telephony,Headset,Portal,Mid-Market,Service Desk L2,Vikram Patel,Closed,72,44.47,No,None,0,No,3,No,Performance issue,Network condition,APAC
HD-260826-03456,2026-08-26 10:20,134,2026-08-26 15:44,P3,Telephony,Extension,Portal,Mid-Market,Network Ops,Deepak Nair,Closed,24,5.41,No,None,2,No,5,No,Incident,Network condition,North America
HD-260601-02434,2026-06-01 08:37,43,2026-06-01 15:28,P2,Software & Applications,Installation,Portal,SMB,Business Apps,Imran Dar,Resolved,8,6.86,No,None,0,Yes,4,No,Incident,Vendor issue,APAC
HD-260521-02841,2026-05-21 16:48,89,2026-05-24 12:46,P4,,Laptop,Chat,SMB,Service Desk L1,Imran Dar,Resolved,72,67.98,No,None,0,No,2,No,Incident,Hardware fault,North America
HD-260805-01244,2026-08-05 12:30,97,,P3,Software & Applications,Installation,Phone,Internal,Service Desk L2,Vikram Patel,Pending,24,,No,None,0,No,,No,Service request,Network condition,North America
HD-260325-02277,2026-03-25 15:48,71,,P3,Hardware,Docking station,Portal,SMB,Business Apps,Imran Dar,Pending,24,,No,None,0,No,,Yes,Service request,Configuration,North America
HD-260827-01172,2026-08-27 10:09,26,2026-08-28 09:08,P4,Access & Identity,MFA issue,Portal,Enterprise,Identity & Access,Farah Latif,Resolved,72,22.99,No,None,0,No,5,No,How-to,Hardware fault,APAC
HD-260813-02936,2026-08-13 11:39,70,2026-08-14 09:16,P3,Account Provisioning,Access package,Email,Enterprise,Endpoint Ops,Vikram Patel,Resolved,24,21.62,No,None,0,No,3,Yes,Service request,Access policy,EMEA
HD-260623-02336,2026-06-23 15:54,15,,P1,Account Provisioning,Offboarding,Chat,Mid-Market,Service Desk L1,Rohan Mehta,Pending,4,,No,None,0,Yes,,No,Incident,Network condition,EMEA
HD-260326-01236,2026-03-26 11:17,139,2026-03-27 07:16,P3,Hardware,Laptop,Chat,Internal,Service Desk L1,Imran Dar,Resolved,24,19.99,No,None,0,No,3,No,Incident,Capacity,EMEA
HD-260624-02758,2026-06-24 14:23,9,2026-06-24 19:48,P1,,Account locked,Chat,Internal,Identity & Access,Adil Mir,Resolved,4,5.43,Yes,Complex investigation,2,No,,No,Access request,Software defect,EMEA
HD-260521-03613,2026-05-21 13:41,163,2026-05-21 21:33,P3,Email & Collaboration,Mailbox,Chat,SMB,Service Desk L1,Aisha Khan,Resolved,24,7.87,No,None,0,No,4,No,Incident,User error,APAC
HD-260318-03692,2026-03-18 16:41,223,2026-03-19 19:30,P4,Cloud & SaaS,Integration,Phone,Internal,Business Apps,Imran Dar,Resolved,72,26.82,No,None,1,No,5,No,Incident,Configuration,North America
HD-260427-03942,2026-04-27 15:49,143,2026-04-30 10:28,P4,Email & Collaboration,Calendar,Email,SMB,Business Apps,Sana Rahman,Closed,72,66.65,No,None,0,No,3,No,Service request,Network condition,EMEA
HD-260416-02880,2026-04-16 12:13,77,2026-04-16 17:34,P3,Account Provisioning,Role change,Email,Mid-Market,Identity & Access,Zoya Hussain,Resolved,24,5.35,No,None,0,No,5,No,Access request,User error,EMEA
HD-260423-04131,2026-04-23 11:51,50,2026-04-24 02:31,P4,Performance,Disk space,Portal,Enterprise,Business Apps,Sana Rahman,Resolved,72,14.67,No,None,0,Yes,4,No,Incident,Hardware fault,EMEA
HD-260604-01226,2026-06-04 18:10,99,,P3,Account Provisioning,Role change,Portal,Internal,Service Desk L1,Karan Verma,Open,24,,No,None,1,No,,No,How-to,Unknown,APAC
HD-260308-02257,2026-03-08 12:41,159,2026-03-09 17:29,P4,Access & Identity,Permission request,Portal,Mid-Market,Identity & Access,Zoya Hussain,Resolved,72,28.81,No,None,0,No,,No,Incident,Configuration,EMEA
HD-260831-03958,2026-08-31 08:30,174,2026-08-31 20:14,P3,Access & Identity,MFA issue,Portal,Mid-Market,Service Desk L1,Imran Dar,Closed,24,11.74,No,None,0,No,4,No,Incident,Configuration,EMEA
HD-260304-01181,2026-03-04 15:15,139,2026-03-05 05:31,P3,Hardware,Laptop,Chat,Mid-Market,Service Desk L2,Vikram Patel,Closed,24,14.27,No,None,2,No,2,No,Incident,Configuration,EMEA
HD-260312-01435,2026-03-12 15:51,75,2026-03-15 04:53,P4,Telephony,Call quality,Portal,Internal,Network Ops,Deepak Nair,Resolved,72,61.04,No,None,0,No,4,No,Incident,Configuration,EMEA
HD-260713-04344,2026-07-13 14:37,345,2026-07-14 05:29,P4,Account Provisioning,Offboarding,Portal,Internal,Service Desk L1,Karan Verma,Closed,72,14.88,No,None,0,No,4,No,Incident,Network condition,North America
HD-260421-01326,2026-04-21 12:11,29,2026-04-21 14:30,P2,Network,Wi-Fi,Portal,Mid-Market,Network Ops,,Closed,8,2.33,No,None,0,No,5,No,Incident,Access policy,EMEA
HD-260721-01385,2026-07-21 21:04,146,2026-07-23 05:17,P4,Telephony,Headset,Phone,Internal,Service Desk L2,Sana Rahman,Closed,72,32.23,No,None,1,No,4,No,Incident,Hardware fault,APAC
HD-260403-01178,2026-04-03 21:11,64,2026-04-04 05:00,P3,Network,Wi-Fi,Portal,Internal,Network Ops,Farah Latif,Resolved,24,7.82,No,None,1,No,4,No,Performance issue,Network condition,EMEA
HD-260724-02661,2026-07-24 15:58,54,2026-07-25 01:47,P3,,Application error,Portal,Enterprise,Business Apps,,Resolved,24,9.83,No,None,1,No,4,No,Incident,User error,APAC
HD-260708-03396,2026-07-08 08:16,25,,P3,Network,DNS/DHCP,Email,Enterprise,Network Ops,Zoya Hussain,Open,24,,No,None,1,No,,No,Access request,Software defect,EMEA
HD-260611-04191,2026-06-11 09:59,81,2026-06-11 19:52,P3,Telephony,Extension,Chat,Internal,Network Ops,Farah Latif,Resolved,24,9.89,No,None,0,Yes,4,No,Service request,User error,EMEA
HD-260324-04461,2026-03-24 15:12,27,2026-03-24 17:36,P2,Performance,High memory,Portal,SMB,Service Desk L1,Rohan Mehta,Resolved,8,2.41,No,None,0,Yes,4,No,Incident,Capacity,EMEA
HD-260505-02437,2026-05-05 19:55,171,2026-05-06 09:08,P3,Endpoint Security,EDR alert,Portal,Enterprise,Identity & Access,Farah Latif,Resolved,24,13.23,No,None,0,No,4,No,Service request,User error,EMEA
HD-260511-01201,2026-05-11 14:39,24,2026-05-11 17:32,P2,Cloud & SaaS,SSO,Portal,Internal,Business Apps,Imran Dar,Resolved,8,2.89,No,None,0,No,5,Yes,Access request,User error,EMEA
HD-260326-03588,2026-03-26 13:46,73,2026-03-27 02:39,P3,Access & Identity,MFA issue,Phone,Mid-Market,Identity & Access,Adil Mir,Closed,24,12.89,No,None,2,No,4,No,Service request,User error,EMEA
HD-260521-03227,2026-05-21 16:33,39,2026-05-22 02:25,P2,,EDR alert,Email,Enterprise,Service Desk L1,Aisha Khan,Resolved,8,9.88,Yes,High queue volume,0,No,,No,Incident,Network condition,EMEA
HD-260724-04027,2026-07-24 09:51,216,2026-07-26 03:55,P4,Network,LAN connectivity,Email,Enterprise,Network Ops,Zoya Hussain,Resolved,72,42.08,No,None,1,No,3,No,Incident,Access policy,North America
HD-260708-04294,2026-07-08 13:03,76,2026-07-09 05:16,P3,Account Provisioning,Access package,Email,Mid-Market,Endpoint Ops,Neha Thomas,Closed,24,16.22,No,None,0,No,2,No,Incident,Access policy,APAC
HD-260525-04051,2026-05-25 14:49,44,2026-05-26 04:42,P3,Email & Collaboration,Teams/Meetings,Email,Mid-Market,Network Ops,Arjun Bhat,Closed,24,13.89,No,None,0,No,5,No,How-to,Configuration,North America
HD-260406-01584,2026-04-06 21:32,200,,P4,Performance,Slow device,Chat,Internal,Service Desk L2,Arjun Bhat,Open,72,,No,None,0,No,,No,How-to,User error,North America
HD-260705-02585,2026-07-05 12:10,57,2026-07-06 09:16,P3,Email & Collaboration,Teams/Meetings,Email,Mid-Market,Service Desk L1,Neha Thomas,Resolved,24,21.11,No,None,0,No,4,No,Incident,Configuration,EMEA
HD-260511-01670,2026-05-11 21:39,16,,P1,Access & Identity,Permission request,Phone,Enterprise,Identity & Access,Adil Mir,Open,4,,No,None,1,Yes,,No,How-to,Access policy,APAC
HD-260422-02138,2026-04-22 09:31,208,2026-04-23 00:24,P4,Telephony,Extension,Email,SMB,Service Desk L2,Meera Joseph,Resolved,72,14.89,No,None,0,No,5,No,Incident,User error,EMEA
HD-260413-03688,2026-04-13 15:11,118,2026-04-14 10:10,P3,Email & Collaboration,Teams/Meetings,Phone,Enterprise,Service Desk L2,Meera Joseph,Resolved,24,18.99,No,None,0,No,4,No,Service request,Capacity,North America
HD-260811-02153,2026-08-11 16:00,78,,P4,Printing & Peripherals,Printer offline,Portal,SMB,Service Desk L1,Rohan Mehta,Open,72,,No,None,0,Yes,,No,Incident,Capacity,North America
HD-260513-01725,2026-05-13 10:45,29,2026-05-13 20:18,P3,Telephony,Extension,Email,Internal,Network Ops,Deepak Nair,Resolved,24,9.55,No,None,0,No,,No,Service request,Hardware fault,North America
HD-260811-02376,2026-08-11 17:52,75,2026-08-12 14:35,P3,Email & Collaboration,Distribution list,Chat,SMB,Service Desk L1,Priya Shah,Resolved,24,20.72,No,None,0,No,4,Yes,Service request,Access policy,APAC
HD-260313-03006,2026-03-13 15:35,183,2026-03-14 13:55,P4,Hardware,Monitor,Portal,Enterprise,Endpoint Ops,Sana Rahman,Resolved,72,22.34,No,None,0,No,5,No,Incident,Capacity,APAC
HD-260320-03723,2026-03-20 19:08,120,2026-03-21 05:07,P3,Email & Collaboration,Distribution list,Chat,Mid-Market,Service Desk L1,Aisha Khan,Resolved,24,9.99,No,None,2,No,4,No,Incident,Vendor issue,EMEA
HD-260429-03290,2026-04-29 15:58,37,2026-04-29 19:17,P2,Network,Wi-Fi,Email,Mid-Market,Network Ops,Deepak Nair,Resolved,8,3.32,No,None,0,No,4,No,Incident,User error,EMEA
HD-260819-01605,2026-08-19 13:51,55,2026-08-19 19:16,P3,Network,DNS/DHCP,Chat,Mid-Market,Network Ops,Arjun Bhat,Resolved,24,5.43,No,None,1,No,5,No,Incident,Capacity,APAC
HD-260331-03672,2026-03-31 12:05,19,2026-03-31 19:24,P3,Software & Applications,License,Portal,Mid-Market,Service Desk L2,Vikram Patel,Resolved,24,7.33,No,None,1,No,3,No,Service request,User error,APAC
HD-260619-02797,2026-06-19 19:01,137,2026-06-21 07:10,P4,Printing & Peripherals,Peripheral setup,Email,Internal,Service Desk L1,Karan Verma,Resolved,72,36.16,No,None,0,No,4,No,Incident,Hardware fault,North America
HD-260323-04132,2026-03-23 14:22,326,2026-03-24 20:33,P4,Cloud & SaaS,Application outage,Email,Internal,Business Apps,Imran Dar,Resolved,72,30.19,No,None,0,No,4,No,Performance issue,Hardware fault,North America
HD-260602-01986,2026-06-02 17:15,136,2026-06-03 04:46,P3,Software & Applications,License,Chat,Internal,Service Desk L2,Meera Joseph,Resolved,24,11.53,No,None,0,No,4,Yes,How-to,Configuration,North America
HD-260820-03785,2026-08-20 14:47,124,2026-08-20 21:09,P3,Access & Identity,Password reset,Email,Mid-Market,Service Desk L1,Aisha Khan,Resolved,24,6.38,No,None,0,No,,No,Service request,Software defect,EMEA
HD-260418-02985,2026-04-18 08:14,88,2026-04-19 03:04,P3,Software & Applications,Application error,Email,Internal,Business Apps,Imran Dar,Resolved,24,18.84,No,None,1,No,4,Yes,Access request,User error,North America
HD-260601-02752,2026-06-01 13:53,66,,P3,Software & Applications,Application error,Phone,SMB,Business Apps,Sana Rahman,Open,24,,No,None,1,No,,No,Incident,Configuration,APAC
HD-260706-01002,2026-07-06 18:59,102,2026-07-07 14:11,P4,Performance,High CPU,Email,Internal,Service Desk L1,Priya Shah,Resolved,72,19.21,No,None,0,No,,No,Service request,Configuration,EMEA
HD-260811-02697,2026-08-11 13:40,61,2026-08-12 00:01,P2,Account Provisioning,New starter,Email,SMB,Identity & Access,Zoya Hussain,Resolved,8,10.36,Yes,Vendor response,0,No,3,No,Service request,Capacity,EMEA
HD-260604-03848,2026-06-04 16:18,30,2026-06-04 21:50,P2,Access & Identity,Permission request,Chat,SMB,Identity & Access,Zoya Hussain,Resolved,8,5.54,No,None,2,No,3,No,Performance issue,Configuration,EMEA
HD-260703-03983,2026-07-03 15:42,143,2026-07-03 21:45,P3,Email & Collaboration,Distribution list,Portal,SMB,Service Desk L2,Vikram Patel,Resolved,24,6.06,No,None,0,No,5,No,Access request,User error,North America
HD-260709-01658,2026-07-09 12:07,152,2026-07-10 04:25,P3,Account Provisioning,New starter,Email,Internal,Identity & Access,Nadia Ali,Resolved,24,16.3,No,None,1,No,2,No,Access request,Software defect,EMEA
HD-260313-04479,2026-03-13 10:19,151,2026-03-13 19:53,P3,Cloud & SaaS,SSO,Email,Enterprise,Service Desk L2,Meera Joseph,Resolved,24,9.58,No,None,0,No,4,Yes,Incident,Unknown,North America
HD-260715-03678,2026-07-15 13:37,29,2026-07-17 09:19,P4,Endpoint Security,EDR alert,Phone,Mid-Market,Identity & Access,Adil Mir,Closed,72,43.71,No,None,0,No,3,No,Service request,Hardware fault,APAC
HD-260605-01546,2026-06-05 15:48,49,2026-06-08 04:47,P4,Endpoint Security,Security policy,Portal,Mid-Market,Identity & Access,,Resolved,72,60.99,No,None,0,No,3,No,Incident,Network condition,North America
HD-260420-02242,2026-04-20 11:03,53,2026-04-20 15:14,P2,Network,LAN connectivity,Phone,Mid-Market,Service Desk L2,Vikram Patel,Resolved,8,4.19,No,None,0,No,5,No,Incident,Access policy,EMEA
HD-260710-02115,2026-07-10 12:26,127,2026-07-10 19:48,P3,Access & Identity,Password reset,Portal,SMB,Service Desk L1,Rohan Mehta,Closed,24,7.37,No,None,0,No,4,No,Performance issue,Hardware fault,APAC
HD-260718-04041,2026-07-18 21:13,137,2026-07-19 04:10,P3,Software & Applications,License,Email,Internal,Business Apps,Priya Shah,Resolved,24,6.96,No,None,0,No,4,No,Service request,Software defect,EMEA
HD-260603-01818,2026-06-03 14:28,58,2026-06-04 07:53,P3,Endpoint Security,Device compliance,Phone,SMB,Identity & Access,Deepak Nair,Resolved,24,17.43,No,None,0,No,,No,Access request,Configuration,North America
HD-260824-04185,2026-08-24 15:35,180,,P3,Email & Collaboration,Calendar,Chat,Internal,Endpoint Ops,Sana Rahman,Pending,24,,No,None,1,No,,No,Access request,User error,EMEA
HD-260819-01430,2026-08-19 14:57,12,2026-08-19 23:06,P3,Email & Collaboration,Mailbox,Portal,Mid-Market,Identity & Access,Adil Mir,Closed,24,8.15,No,None,1,No,,No,Incident,Unknown,EMEA
HD-260825-02887,2026-08-25 10:41,140,2026-08-25 20:17,P3,Telephony,Softphone,Email,SMB,Service Desk L2,Meera Joseph,Resolved,24,9.61,No,None,0,No,,No,Incident,Capacity,EMEA
HD-260330-01050,2026-03-30 14:36,230,2026-04-01 01:46,P4,,Switch port,Chat,Enterprise,Service Desk L2,Meera Joseph,Resolved,72,35.17,No,None,0,No,3,No,Service request,Hardware fault,EMEA
HD-260501-03674,2026-05-01 10:49,173,2026-05-02 02:07,P3,Performance,High CPU,Chat,SMB,Service Desk L1,Aisha Khan,Closed,24,15.31,No,None,0,Yes,4,Yes,Incident,Capacity,APAC
HD-260424-02064,2026-04-24 12:47,271,2026-04-25 10:55,P4,Network,DNS/DHCP,Phone,Mid-Market,Network Ops,Deepak Nair,Closed,72,22.14,No,None,1,No,4,Yes,Service request,Software defect,North America
HD-260502-04386,2026-05-02 10:42,57,2026-05-02 15:18,P2,VPN & Remote Access,Remote desktop,Phone,Mid-Market,Network Ops,Farah Latif,Resolved,8,4.61,No,None,1,No,5,No,Access request,User error,EMEA
HD-260504-03648,2026-05-04 10:22,278,2026-05-05 20:08,P4,Cloud & SaaS,SSO,Chat,Enterprise,Business Apps,Neha Thomas,Closed,72,33.77,No,None,0,No,4,No,Performance issue,Unknown,APAC
HD-260703-03245,2026-07-03 20:52,8,,P2,Hardware,Monitor,Email,Enterprise,Service Desk L1,Imran Dar,Open,8,,No,None,0,No,,No,Incident,User error,APAC
HD-260818-03617,2026-08-18 10:49,59,2026-08-19 02:51,P3,Access & Identity,Permission request,Email,SMB,Service Desk L1,Rohan Mehta,Closed,24,16.04,No,None,0,No,3,No,Service request,Hardware fault,North America
HD-260526-02827,2026-05-26 15:59,254,2026-05-28 05:26,P4,Email & Collaboration,Mailbox,Portal,SMB,Service Desk L1,Rohan Mehta,Closed,72,37.45,No,None,0,No,,No,Performance issue,Configuration,APAC
HD-260801-01830,2026-08-01 09:51,177,2026-08-01 18:20,P3,Telephony,Softphone,Chat,Mid-Market,Network Ops,Farah Latif,Resolved,24,8.49,No,None,0,No,5,No,How-to,Access policy,EMEA
HD-260303-03247,2026-03-03 12:02,45,2026-03-03 19:51,P2,Performance,Slow device,Portal,Internal,Service Desk L1,Imran Dar,Closed,8,7.82,No,None,0,No,4,No,How-to,User error,APAC
HD-260309-03387,2026-03-09 19:11,272,,P4,VPN & Remote Access,Split tunnel,Portal,Mid-Market,Service Desk L2,Arjun Bhat,Pending,72,,No,None,1,No,,Yes,Performance issue,Software defect,EMEA
HD-260303-02556,2026-03-03 15:47,17,2026-03-03 17:55,P1,Hardware,Laptop,Portal,Internal,Service Desk L1,Neha Thomas,Resolved,4,2.14,No,None,1,Yes,5,No,Access request,Configuration,North America
HD-260420-01102,2026-04-20 15:02,57,2026-04-20 19:21,P2,Account Provisioning,New starter,Chat,Mid-Market,Endpoint Ops,Karan Verma,Resolved,8,4.33,No,None,0,No,3,No,Service request,Configuration,EMEA
HD-260501-03142,2026-05-01 13:41,157,2026-05-01 19:00,P3,Software & Applications,Installation,Email,SMB,Service Desk L2,Vikram Patel,Resolved,24,5.32,No,None,0,No,3,No,Incident,Configuration,APAC
HD-260731-01557,2026-07-31 12:10,145,2026-07-31 17:57,P3,Network,LAN connectivity,Phone,SMB,Service Desk L2,Sana Rahman,Closed,24,5.79,No,None,1,Yes,,No,Incident,Configuration,APAC
HD-260624-03911,2026-06-24 11:03,18,2026-06-24 13:23,P2,Telephony,Extension,Portal,Enterprise,Service Desk L2,Arjun Bhat,Resolved,8,2.34,No,None,1,No,,No,Incident,Capacity,EMEA
HD-260609-04150,2026-06-09 15:11,32,,P3,Performance,Slow device,Chat,Mid-Market,Identity & Access,Nadia Ali,Pending,24,,No,None,0,No,,No,Access request,Configuration,North America
HD-260721-04589,2026-07-21 10:36,47,2026-07-21 13:16,P2,Network,Switch port,Phone,Mid-Market,Network Ops,Farah Latif,Resolved,8,2.67,No,None,0,No,3,No,Access request,User error,APAC
HD-260428-04107,2026-04-28 14:54,15,2026-04-28 16:29,P1,Endpoint Security,Malware check,Chat,SMB,Identity & Access,Farah Latif,Closed,4,1.59,No,None,0,Yes,5,Yes,Incident,Hardware fault,APAC
HD-260612-02848,2026-06-12 11:54,36,2026-06-12 17:51,P3,Software & Applications,License,Phone,SMB,Business Apps,Sana Rahman,Resolved,24,5.95,No,None,0,Yes,,No,Performance issue,Access policy,North America
HD-260809-04365,2026-08-09 10:05,32,2026-08-09 15:59,P3,Access & Identity,MFA issue,Portal,Internal,Identity & Access,Adil Mir,Closed,24,5.9,No,None,2,No,4,No,Incident,Vendor issue,APAC
HD-260624-04178,2026-06-24 16:27,65,2026-06-26 02:35,P4,Software & Applications,Installation,Portal,Enterprise,Service Desk L2,Vikram Patel,Closed,72,34.14,No,None,0,No,4,No,Incident,Access policy,North America
HD-260408-04193,2026-04-08 08:09,12,2026-04-08 11:25,P1,Software & Applications,Version issue,Email,Enterprise,Business Apps,Imran Dar,Resolved,4,3.27,No,None,0,Yes,,No,Access request,Vendor issue,North America
HD-260508-04582,2026-05-08 18:30,117,2026-05-09 06:07,P3,Email & Collaboration,Mailbox,Email,Mid-Market,Endpoint Ops,Karan Verma,Resolved,24,11.62,No,None,0,No,4,Yes,Performance issue,Configuration,EMEA
HD-260728-02381,2026-07-28 09:33,77,2026-07-28 21:42,P3,Hardware,Monitor,Email,Internal,Service Desk L2,Arjun Bhat,Closed,24,12.15,No,None,0,No,,No,Incident,User error,EMEA
HD-260717-03664,2026-07-17 10:03,26,2026-07-17 12:33,P2,Hardware,Docking station,Portal,Enterprise,Service Desk L1,Priya Shah,Closed,8,2.51,No,None,1,No,4,No,Service request,Configuration,APAC
HD-260617-02046,2026-06-17 09:11,62,,P2,Access & Identity,Permission request,Portal,SMB,Endpoint Ops,Karan Verma,Pending,8,,No,None,0,No,,No,Incident,User error,APAC
HD-260817-04547,2026-08-17 16:42,128,2026-08-20 08:02,P4,Performance,High CPU,Email,Internal,Service Desk L1,Aisha Khan,Resolved,72,63.34,No,None,0,No,3,No,Incident,Software defect,North America
HD-260803-03857,2026-08-03 18:15,193,2026-08-04 08:55,P4,Account Provisioning,New starter,Portal,SMB,Identity & Access,Farah Latif,Closed,72,14.68,No,None,1,No,,No,Incident,Capacity,EMEA
HD-260402-04377,2026-04-02 09:32,109,2026-04-03 04:56,P3,Printing & Peripherals,Print queue,Portal,Mid-Market,Endpoint Ops,Vikram Patel,Resolved,24,19.41,No,None,1,No,3,No,Incident,Network condition,APAC
HD-260717-01041,2026-07-17 16:00,60,2026-07-17 18:25,P2,Network,LAN connectivity,Portal,Internal,Network Ops,Arjun Bhat,Resolved,8,2.42,No,None,0,No,4,No,How-to,Software defect,North America
HD-260609-02561,2026-06-09 18:05,136,2026-06-10 18:30,P3,Email & Collaboration,Calendar,Phone,SMB,Identity & Access,Farah Latif,Closed,24,24.43,Yes,High queue volume,0,No,,Yes,Performance issue,Capacity,EMEA
HD-260515-02054,2026-05-15 11:46,155,2026-05-16 10:22,P3,Performance,High CPU,Portal,Enterprise,Service Desk L1,Neha Thomas,Closed,24,22.6,No,None,0,No,3,Yes,Incident,Vendor issue,EMEA
HD-260717-02529,2026-07-17 12:06,40,2026-07-18 09:06,P3,Access & Identity,Account locked,Email,SMB,Identity & Access,Nadia Ali,Closed,24,21.01,No,None,1,No,3,No,Incident,User error,APAC
HD-260409-02958,2026-04-09 18:46,111,2026-04-10 13:37,P3,Access & Identity,Permission request,Chat,Mid-Market,Identity & Access,Deepak Nair,Resolved,24,18.85,No,None,0,No,2,No,Access request,Capacity,North America
HD-260612-03192,2026-06-12 11:30,19,2026-06-12 21:09,P2,Account Provisioning,Access package,Phone,SMB,Identity & Access,Deepak Nair,Resolved,8,9.66,Yes,High queue volume,2,No,2,No,Incident,Software defect,EMEA
HD-260315-04232,2026-03-15 09:30,114,2026-03-16 07:40,P3,Endpoint Security,Malware check,Portal,Enterprise,Service Desk L1,Karan Verma,Closed,24,22.18,No,None,0,No,3,No,Incident,Hardware fault,EMEA
HD-260514-01192,2026-05-14 21:45,152,2026-05-15 06:16,P3,Performance,High memory,Portal,Mid-Market,Endpoint Ops,Vikram Patel,Closed,24,8.53,No,None,0,No,,No,Service request,Configuration,EMEA
HD-260330-03572,2026-03-30 17:20,13,2026-03-30 23:07,P3,Hardware,Docking station,Chat,SMB,Identity & Access,Farah Latif,Closed,24,5.79,No,None,2,No,4,Yes,Access request,User error,APAC
HD-260827-04448,2026-08-27 16:29,86,2026-08-28 11:28,P3,Cloud & SaaS,Application outage,Portal,Mid-Market,Service Desk L2,Sana Rahman,Resolved,24,18.99,No,None,0,No,,No,Incident,Vendor issue,North America
HD-260324-03729,2026-03-24 20:09,179,2026-03-26 03:42,P4,VPN & Remote Access,VPN login,Chat,Mid-Market,Network Ops,Zoya Hussain,Resolved,72,31.56,No,None,0,No,3,No,Service request,Hardware fault,EMEA
HD-260813-01099,2026-08-13 17:51,163,,P3,Performance,Slow device,Portal,Enterprise,Service Desk L2,Sana Rahman,Open,24,,No,None,0,No,,Yes,Access request,Vendor issue,North America
HD-260429-01675,2026-04-29 11:21,63,2026-04-29 19:03,P2,Network,Switch port,Chat,Mid-Market,Network Ops,Arjun Bhat,Closed,8,7.71,No,None,0,No,3,Yes,Access request,Network condition,EMEA
HD-260813-01110,2026-08-13 18:56,84,2026-08-14 12:05,P3,Telephony,Extension,Phone,Internal,Service Desk L2,Meera Joseph,Closed,24,17.16,No,None,0,No,3,No,Performance issue,Hardware fault,North America
HD-260609-03383,2026-06-09 13:18,278,2026-06-11 03:29,P4,Network,Wi-Fi,Email,Enterprise,Network Ops,Deepak Nair,Resolved,72,38.19,No,None,3,No,4,No,Access request,Capacity,North America
HD-260520-04129,2026-05-20 08:30,18,2026-05-20 13:19,P1,Printing & Peripherals,Peripheral setup,Portal,Enterprise,Endpoint Ops,Vikram Patel,Closed,4,4.82,Yes,Vendor response,0,No,3,No,Service request,Network condition,North America
HD-260526-02163,2026-05-26 09:51,341,2026-05-27 14:48,P4,Software & Applications,Application error,Portal,Enterprise,Business Apps,Priya Shah,Resolved,72,28.96,No,None,1,No,4,No,Incident,Hardware fault,North America
HD-260608-02634,2026-06-08 09:12,122,2026-06-09 17:58,P4,Email & Collaboration,Calendar,Chat,Internal,Endpoint Ops,Neha Thomas,Closed,72,32.78,No,None,0,No,4,No,Incident,User error,North America
HD-260401-03870,2026-04-01 09:34,61,2026-04-01 12:55,P2,Endpoint Security,Malware check,Phone,Mid-Market,Identity & Access,Deepak Nair,Resolved,8,3.35,No,None,0,No,4,No,Incident,Access policy,APAC
HD-260519-03740,2026-05-19 13:11,41,2026-05-19 21:47,P2,Network,Switch port,Phone,Mid-Market,Service Desk L2,Sana Rahman,Resolved,8,8.6,Yes,Vendor response,1,Yes,,No,Performance issue,Unknown,APAC
HD-260320-01653,2026-03-20 10:08,38,2026-03-21 07:56,P3,Email & Collaboration,Calendar,Email,Internal,Service Desk L2,Meera Joseph,Resolved,24,21.81,No,None,0,No,,No,Incident,User error,North America
HD-260519-03589,2026-05-19 20:20,47,2026-05-20 06:21,P2,Email & Collaboration,Distribution list,Email,Enterprise,Service Desk L1,Karan Verma,Resolved,8,10.03,Yes,After-hours coverage,0,No,4,No,Access request,User error,EMEA
HD-260719-02682,2026-07-19 11:21,31,2026-07-20 16:57,P4,Account Provisioning,Offboarding,Email,Mid-Market,Identity & Access,Zoya Hussain,Resolved,72,29.61,No,None,1,No,3,No,How-to,Configuration,APAC
HD-260707-03440,2026-07-07 12:43,273,2026-07-08 10:13,P4,Network,DNS/DHCP,Portal,Internal,Network Ops,Zoya Hussain,Resolved,72,21.51,No,None,1,Yes,4,No,Incident,Capacity,EMEA
HD-260811-03425,2026-08-11 09:02,193,2026-08-12 17:32,P4,Telephony,Softphone,Chat,Mid-Market,Service Desk L2,Arjun Bhat,Closed,72,32.5,No,None,0,No,4,No,Performance issue,Software defect,APAC
HD-260403-03570,2026-04-03 13:28,315,2026-04-06 02:43,P4,Cloud & SaaS,Application outage,Phone,SMB,Business Apps,Priya Shah,Resolved,72,61.26,No,None,0,No,3,No,Access request,Hardware fault,APAC
HD-260609-03789,2026-06-09 11:40,54,2026-06-09 16:25,P2,Performance,Slow device,Phone,Enterprise,Business Apps,Sana Rahman,Resolved,8,4.76,No,None,0,No,4,Yes,Incident,Configuration,EMEA
HD-260714-02647,2026-07-14 11:52,64,2026-07-14 14:16,P2,Email & Collaboration,Teams/Meetings,Portal,Internal,Service Desk L1,Imran Dar,Closed,8,2.4,No,None,1,No,5,No,Incident,Vendor issue,EMEA
HD-260415-02588,2026-04-15 11:29,3,2026-04-15 12:50,P1,Printing & Peripherals,Print queue,Email,Internal,Identity & Access,Adil Mir,Closed,4,1.35,No,None,0,No,4,No,Incident,Capacity,North America
HD-260526-02244,2026-05-26 08:07,61,2026-05-26 20:10,P3,Network,Switch port,Phone,Internal,Network Ops,Zoya Hussain,Closed,24,12.05,No,None,1,No,4,Yes,Incident,Network condition,North America
HD-260416-03888,2026-04-16 13:00,79,,P3,Printing & Peripherals,Printer offline,Chat,Enterprise,Endpoint Ops,Karan Verma,Pending,24,,No,None,1,No,,No,Access request,User error,EMEA
HD-260330-03534,2026-03-30 17:24,55,2026-03-30 23:12,P3,Email & Collaboration,Mailbox,Chat,Enterprise,Network Ops,Arjun Bhat,Closed,24,5.8,No,None,0,No,3,No,Incident,Network condition,EMEA
HD-260301-02350,2026-03-01 14:09,76,2026-03-02 06:49,P3,VPN & Remote Access,VPN login,Portal,Enterprise,Network Ops,Farah Latif,Resolved,24,16.67,No,None,0,No,3,No,Performance issue,User error,APAC
HD-260507-02089,2026-05-07 12:21,116,2026-05-08 08:15,P3,Account Provisioning,Role change,Chat,Enterprise,Identity & Access,Farah Latif,Resolved,24,19.9,No,None,0,No,4,No,Incident,Access policy,APAC
HD-260529-04519,2026-05-29 17:10,164,2026-05-29 22:35,P3,Software & Applications,Installation,Chat,Enterprise,Business Apps,Imran Dar,Closed,24,5.42,No,None,1,No,3,No,Incident,Configuration,APAC
HD-260730-01096,2026-07-30 10:31,30,2026-07-30 13:34,P2,Software & Applications,License,Portal,SMB,Business Apps,Neha Thomas,Closed,8,3.05,No,None,0,No,4,No,How-to,Access policy,APAC
HD-260709-02507,2026-07-09 12:24,18,2026-07-09 16:13,P2,Endpoint Security,Security policy,Portal,Enterprise,Service Desk L1,Imran Dar,Resolved,8,3.83,No,None,0,No,4,No,Access request,Network condition,APAC
HD-260310-02593,2026-03-10 12:24,114,2026-03-11 03:45,P4,Performance,High memory,Chat,Enterprise,Identity & Access,Deepak Nair,Resolved,72,15.35,No,None,0,No,4,No,Incident,User error,APAC
HD-260722-02081,2026-07-22 10:31,34,2026-07-22 22:08,P3,Access & Identity,MFA issue,Portal,SMB,Endpoint Ops,Sana Rahman,Resolved,24,11.62,No,None,0,Yes,4,Yes,Performance issue,Network condition,North America
HD-260304-01550,2026-03-04 14:53,56,2026-03-05 09:36,P4,Cloud & SaaS,Application outage,Chat,Internal,Business Apps,Priya Shah,Resolved,72,18.73,No,None,0,No,5,No,Incident,Software defect,APAC
HD-260417-02750,2026-04-17 14:30,114,,P3,Telephony,Call quality,Chat,SMB,Service Desk L2,Sana Rahman,Pending,24,,No,None,0,No,,No,Performance issue,User error,North America
HD-260511-03168,2026-05-11 17:20,52,2026-05-12 07:57,P4,Software & Applications,Application error,Portal,SMB,Service Desk L2,Meera Joseph,Resolved,72,14.63,No,None,0,No,5,No,Incident,User error,North America
HD-260415-03205,2026-04-15 14:42,94,2026-04-15 23:38,P3,Access & Identity,Account locked,Email,Internal,Identity & Access,Farah Latif,Closed,24,8.94,No,None,1,No,3,No,Incident,Network condition,North America
HD-260410-04240,2026-04-10 15:02,134,2026-04-10 21:34,P3,Software & Applications,Application error,Chat,SMB,Business Apps,Sana Rahman,Resolved,24,6.54,No,None,0,No,3,No,Incident,User error,APAC
HD-260703-04165,2026-07-03 08:22,15,,P2,Performance,High CPU,Portal,Mid-Market,Service Desk L1,Neha Thomas,Pending,8,,No,None,1,No,,No,Incident,User error,EMEA
HD-260817-02654,2026-08-17 15:09,10,2026-08-17 18:22,P1,Performance,Disk space,Email,Internal,Service Desk L2,Sana Rahman,Closed,4,3.22,No,None,0,No,,No,Service request,Vendor issue,EMEA
HD-260825-01425,2026-08-25 13:58,51,2026-08-25 16:29,P2,Hardware,Docking station,Phone,Mid-Market,Service Desk L1,Aisha Khan,Resolved,8,2.52,No,None,1,Yes,,No,Incident,User error,North America
HD-260722-02768,2026-07-22 11:50,269,2026-07-24 11:34,P4,Cloud & SaaS,SSO,Phone,Internal,Business Apps,Neha Thomas,Resolved,72,47.74,No,None,1,No,4,No,Access request,Capacity,North America
HD-260403-02646,2026-04-03 17:27,134,2026-04-04 04:59,P3,Telephony,Call quality,Portal,Mid-Market,Network Ops,Zoya Hussain,Resolved,24,11.54,No,None,0,No,4,No,Access request,User error,EMEA
HD-260731-03851,2026-07-31 15:56,172,2026-07-31 21:57,P3,Cloud & SaaS,SSO,Email,Mid-Market,Service Desk L1,Neha Thomas,Closed,24,6.03,No,None,0,No,4,No,How-to,User error,APAC
HD-260602-02839,2026-06-02 14:52,262,2026-06-04 03:31,P4,Cloud & SaaS,Subscription,Phone,SMB,Service Desk L2,Meera Joseph,Resolved,72,36.66,No,None,0,No,,Yes,Incident,Capacity,North America
HD-260829-01990,2026-08-29 08:37,42,2026-08-31 23:55,P4,Printing & Peripherals,Scanner,Portal,Enterprise,Service Desk L1,Neha Thomas,Resolved,72,63.31,No,None,2,No,4,No,Performance issue,Hardware fault,APAC
HD-260624-02341,2026-06-24 15:31,96,2026-06-25 16:18,P3,Email & Collaboration,Calendar,Portal,SMB,Business Apps,Karan Verma,Resolved,24,24.79,Yes,High queue volume,0,No,4,Yes,Service request,Software defect,North America
HD-260807-01085,2026-08-07 09:20,136,2026-08-07 19:28,P3,Account Provisioning,Access package,Chat,Mid-Market,Identity & Access,Adil Mir,Closed,24,10.14,No,None,0,No,,No,Service request,Configuration,North America
HD-260707-02802,2026-07-07 16:02,37,2026-07-08 16:44,P3,Software & Applications,Version issue,Chat,Mid-Market,Business Apps,Priya Shah,Closed,24,24.71,Yes,Complex investigation,0,No,,No,Incident,Capacity,North America
HD-260625-01705,2026-06-25 12:31,138,2026-06-26 12:53,P3,Endpoint Security,EDR alert,Chat,Internal,Identity & Access,Adil Mir,Resolved,24,24.38,Yes,Complex investigation,0,No,4,No,Access request,User error,EMEA
HD-260427-01264,2026-04-27 19:34,35,2026-04-28 19:43,P3,Email & Collaboration,Mailbox,Chat,Enterprise,Endpoint Ops,Neha Thomas,Closed,24,24.16,Yes,After-hours coverage,0,No,4,No,Performance issue,Software defect,EMEA
HD-260304-02065,2026-03-04 12:24,83,2026-03-05 06:28,P3,Printing & Peripherals,Scanner,Portal,SMB,Business Apps,Sana Rahman,Resolved,24,18.07,No,None,0,No,3,No,Access request,Access policy,EMEA
HD-260605-03026,2026-06-05 10:55,38,2026-06-05 18:24,P2,Printing & Peripherals,Print queue,Email,Enterprise,Service Desk L2,Arjun Bhat,Resolved,8,7.49,No,None,1,Yes,4,No,Service request,Vendor issue,EMEA
HD-260803-02278,2026-08-03 15:30,114,,P3,Email & Collaboration,Teams/Meetings,Chat,Mid-Market,Identity & Access,Farah Latif,Open,24,,No,None,1,No,,No,How-to,Unknown,EMEA
HD-260811-02952,2026-08-11 12:09,75,2026-08-12 06:25,P3,Telephony,Softphone,Phone,SMB,Service Desk L2,Sana Rahman,Closed,24,18.28,No,None,0,No,4,No,Incident,Hardware fault,APAC
HD-260616-03378,2026-06-16 11:30,72,2026-06-17 01:39,P3,Telephony,Softphone,Email,Enterprise,Network Ops,Farah Latif,Closed,24,14.15,No,None,0,No,3,No,Incident,Configuration,North America
HD-260430-01637,2026-04-30 16:05,279,2026-05-01 07:51,P4,Telephony,Extension,Phone,Enterprise,Service Desk L2,Vikram Patel,Closed,72,15.78,No,None,0,No,4,No,Service request,Unknown,EMEA
HD-260320-03357,2026-03-20 18:37,173,2026-03-21 00:26,P3,Software & Applications,Version issue,Email,Enterprise,Business Apps,Neha Thomas,Resolved,24,5.82,No,None,0,No,5,No,Service request,Network condition,EMEA
HD-260610-02053,2026-06-10 12:56,19,2026-06-10 16:30,P2,Cloud & SaaS,SSO,Email,Enterprise,Business Apps,Neha Thomas,Closed,8,3.58,No,None,1,Yes,3,No,Incident,Vendor issue,EMEA
HD-260520-04364,2026-05-20 13:56,55,2026-05-20 16:20,P2,Printing & Peripherals,Print queue,Portal,Enterprise,Service Desk L1,Neha Thomas,Closed,8,2.41,No,None,1,No,5,No,Service request,Configuration,EMEA
HD-260806-01446,2026-08-06 13:06,22,,P3,Performance,Disk space,Email,SMB,Service Desk L1,Karan Verma,Open,24,,No,None,1,No,,No,Incident,Capacity,EMEA
HD-260626-02590,2026-06-26 19:08,135,2026-06-27 17:32,P3,Hardware,Laptop,Email,Mid-Market,Business Apps,Priya Shah,Resolved,24,22.4,No,None,0,No,4,No,Incident,Unknown,North America
HD-260313-01907,2026-03-13 11:26,11,,P2,Network,Wi-Fi,Portal,Mid-Market,Service Desk L2,Meera Joseph,Pending,8,,No,None,0,No,,No,Service request,Access policy,APAC
HD-260410-04106,2026-04-10 10:36,18,2026-04-10 21:37,P3,Account Provisioning,Role change,Chat,Enterprise,Identity & Access,Adil Mir,Closed,24,11.03,No,None,2,No,4,No,How-to,Network condition,APAC
HD-260427-04088,2026-04-27 12:39,116,2026-04-27 20:15,P3,Telephony,Extension,Email,Internal,Service Desk L2,Meera Joseph,Resolved,24,7.6,No,None,0,No,3,No,Access request,Unknown,North America
HD-260417-02926,2026-04-17 15:25,81,2026-04-17 23:49,P3,Hardware,Keyboard/Mouse,Chat,Enterprise,Service Desk L1,Neha Thomas,Resolved,24,8.41,No,None,0,No,4,No,Service request,Software defect,North America
HD-260612-01643,2026-06-12 10:39,120,,P3,Access & Identity,Permission request,Chat,Mid-Market,Identity & Access,Zoya Hussain,Open,24,,No,None,0,Yes,,No,Incident,Unknown,North America
HD-260702-03235,2026-07-02 13:11,9,,P2,Printing & Peripherals,Print queue,Chat,SMB,Service Desk L1,Imran Dar,Open,8,,No,None,1,No,,Yes,Access request,Network condition,EMEA
HD-260831-02871,2026-08-31 12:24,130,2026-09-01 02:30,P3,VPN & Remote Access,VPN disconnect,Chat,Enterprise,Network Ops,Arjun Bhat,Resolved,24,14.11,No,None,0,No,3,No,How-to,Configuration,North America
HD-260319-02644,2026-03-19 12:23,160,2026-03-19 17:50,P3,Printing & Peripherals,Peripheral setup,Email,Internal,Service Desk L1,Aisha Khan,Resolved,24,5.46,No,None,1,No,5,No,Access request,Capacity,EMEA
HD-260701-04250,2026-07-01 12:44,22,,P3,Cloud & SaaS,Subscription,Portal,Internal,Business Apps,Imran Dar,Pending,24,,No,None,0,No,,No,Incident,Configuration,North America
HD-260416-02616,2026-04-16 10:56,142,2026-04-17 10:10,P4,Performance,High CPU,Phone,SMB,Service Desk L1,Karan Verma,Resolved,72,23.24,No,None,0,No,,No,Performance issue,Configuration,North America
HD-260828-04497,2026-08-28 08:28,49,2026-08-29 07:13,P3,Network,Switch port,Phone,Mid-Market,Network Ops,Farah Latif,Closed,24,22.76,No,None,1,Yes,3,No,Incident,User error,EMEA
HD-260730-03020,2026-07-30 12:27,242,,P4,Telephony,Call quality,Email,Mid-Market,Service Desk L2,Meera Joseph,Pending,72,,No,None,0,No,,No,Service request,Access policy,APAC
HD-260811-03614,2026-08-11 15:04,196,2026-08-12 05:52,P4,Performance,Slow device,Portal,SMB,Business Apps,Neha Thomas,Closed,72,14.81,No,None,1,No,4,No,Service request,User error,North America
HD-260804-03632,2026-08-04 11:13,116,2026-08-05 01:12,P3,Printing & Peripherals,Scanner,Email,Enterprise,Service Desk L2,Arjun Bhat,Resolved,24,13.99,No,None,3,No,,No,How-to,Configuration,APAC
HD-260430-04284,2026-04-30 15:30,200,,P4,Network,DNS/DHCP,Email,SMB,Network Ops,Arjun Bhat,Pending,72,,No,None,0,No,,No,Service request,Configuration,EMEA
HD-260317-03488,2026-03-17 10:34,314,2026-03-18 07:55,P4,Printing & Peripherals,Scanner,Email,Mid-Market,Identity & Access,Nadia Ali,Closed,72,21.36,No,None,0,No,,No,Service request,Network condition,APAC
HD-260317-02703,2026-03-17 09:07,95,2026-03-18 12:13,P4,Access & Identity,MFA issue,Chat,Enterprise,Identity & Access,Adil Mir,Resolved,72,27.11,No,None,0,No,4,No,Incident,User error,EMEA
HD-260429-01817,2026-04-29 09:15,290,2026-04-30 15:03,P4,Performance,High memory,Chat,Enterprise,Network Ops,Arjun Bhat,Closed,72,29.8,No,None,0,No,5,No,Incident,Software defect,APAC
HD-260828-04130,2026-08-28 10:46,114,2026-08-28 16:26,P3,Cloud & SaaS,Integration,Email,SMB,Business Apps,Neha Thomas,Resolved,24,5.68,No,None,1,No,5,No,Service request,Configuration,APAC
HD-260414-03090,2026-04-14 12:19,51,2026-04-14 20:23,P3,Software & Applications,Version issue,Phone,Mid-Market,Service Desk L1,Neha Thomas,Resolved,24,8.07,No,None,0,Yes,4,No,Incident,Configuration,APAC
HD-260803-03491,2026-08-03 11:18,8,2026-08-03 14:18,P1,Software & Applications,Version issue,Email,SMB,Service Desk L1,Neha Thomas,Resolved,4,3,No,None,0,No,4,No,Incident,Software defect,EMEA
HD-260414-01937,2026-04-14 15:46,277,2026-04-15 12:13,P4,Account Provisioning,Offboarding,Portal,Mid-Market,Identity & Access,Farah Latif,Resolved,72,20.45,No,None,0,No,5,No,Incident,Software defect,North America
HD-260629-01758,2026-06-29 12:43,56,2026-06-30 07:30,P3,Printing & Peripherals,Printer offline,Chat,Mid-Market,Service Desk L1,Karan Verma,Resolved,24,18.79,No,None,1,No,2,No,Incident,Capacity,North America
HD-260703-02917,2026-07-03 14:57,133,2026-07-04 04:16,P3,,Calendar,Portal,Mid-Market,Service Desk L1,Rohan Mehta,Resolved,24,13.32,No,None,0,No,4,No,How-to,User error,APAC
HD-260630-02816,2026-06-30 15:09,40,2026-07-01 00:16,P3,Access & Identity,Account locked,Email,SMB,Service Desk L1,Aisha Khan,Resolved,24,9.12,No,None,0,No,5,No,Service request,Configuration,EMEA
HD-260327-03103,2026-03-27 17:29,31,2026-03-28 03:27,P3,Endpoint Security,Device compliance,Email,Mid-Market,Identity & Access,Adil Mir,Closed,24,9.98,No,None,0,No,5,No,Service request,Vendor issue,North America
HD-260427-01959,2026-04-27 08:53,355,2026-04-29 23:03,P4,Network,LAN connectivity,Email,Enterprise,Network Ops,Zoya Hussain,Resolved,72,62.18,No,None,1,No,3,No,Incident,Access policy,EMEA
HD-260601-02519,2026-06-01 13:20,11,2026-06-01 14:44,P1,Printing & Peripherals,Printer offline,Portal,SMB,Service Desk L2,,Resolved,4,1.41,No,None,1,No,5,No,Service request,Software defect,EMEA
HD-260722-04531,2026-07-22 16:37,130,2026-07-22 23:00,P3,Account Provisioning,New starter,Portal,SMB,Identity & Access,Farah Latif,Resolved,24,6.39,No,None,0,No,3,Yes,Access request,User error,EMEA
HD-260730-02470,2026-07-30 17:10,50,2026-08-01 19:17,P4,Email & Collaboration,Distribution list,Portal,Enterprise,Service Desk L1,Rohan Mehta,Resolved,72,50.12,No,None,1,Yes,3,No,Service request,Access policy,EMEA
HD-260727-04263,2026-07-27 10:42,111,2026-07-27 16:12,P3,Email & Collaboration,Distribution list,Portal,Internal,Network Ops,Zoya Hussain,Resolved,24,5.5,No,None,0,No,3,No,Performance issue,User error,EMEA
HD-260825-01868,2026-08-25 13:59,51,2026-08-25 18:23,P2,Performance,High memory,Portal,Enterprise,Endpoint Ops,Karan Verma,Resolved,8,4.41,No,None,0,No,,No,How-to,Configuration,APAC
HD-260313-01814,2026-03-13 08:30,33,,P3,Account Provisioning,Access package,Chat,Internal,Identity & Access,Adil Mir,Open,24,,No,None,1,No,,No,Incident,Software defect,EMEA
HD-260702-03435,2026-07-02 13:11,303,,P4,Software & Applications,Version issue,Chat,Enterprise,Business Apps,Karan Verma,Pending,72,,No,None,1,No,,No,Access request,Access policy,EMEA
HD-260327-01684,2026-03-27 15:11,285,2026-03-28 11:54,P4,Printing & Peripherals,Scanner,Portal,SMB,Service Desk L1,Imran Dar,Resolved,72,20.72,No,None,0,Yes,4,No,Incident,User error,North America
HD-260415-03749,2026-04-15 16:03,111,2026-04-15 22:08,P3,Account Provisioning,Role change,Portal,Enterprise,Identity & Access,Zoya Hussain,Resolved,24,6.09,No,None,0,No,5,No,Access request,Configuration,APAC
HD-260423-01003,2026-04-23 15:49,53,2026-04-24 00:26,P3,Cloud & SaaS,SSO,Portal,Enterprise,Service Desk L2,Sana Rahman,Resolved,24,8.62,No,None,0,No,,No,Access request,Vendor issue,North America
HD-260805-01921,2026-08-05 18:29,308,2026-08-07 02:59,P4,Access & Identity,MFA issue,Phone,Mid-Market,Identity & Access,Adil Mir,Closed,72,32.51,No,None,0,No,4,No,How-to,Network condition,EMEA
HD-260812-01450,2026-08-12 10:40,178,2026-08-13 00:55,P3,VPN & Remote Access,VPN disconnect,Portal,Mid-Market,Network Ops,Zoya Hussain,Resolved,24,14.25,No,None,0,No,3,No,Incident,Access policy,EMEA
HD-260316-04004,2026-03-16 15:57,166,,P3,VPN & Remote Access,Split tunnel,Chat,SMB,Service Desk L2,,Open,24,,No,None,1,No,,No,Service request,User error,North America
HD-260511-03590,2026-05-11 13:15,142,2026-05-12 03:33,P4,Hardware,Laptop,Portal,Enterprise,Identity & Access,Zoya Hussain,Resolved,72,14.31,No,None,0,No,4,No,Access request,Configuration,EMEA
HD-260807-03599,2026-08-07 10:27,41,2026-08-08 04:38,P4,Cloud & SaaS,Integration,Phone,Mid-Market,Business Apps,Priya Shah,Resolved,72,18.19,No,None,0,No,,No,Access request,Configuration,North America
HD-260401-01911,2026-04-01 13:26,305,2026-04-02 13:29,P4,VPN & Remote Access,VPN disconnect,Email,Internal,Network Ops,Zoya Hussain,Closed,72,24.05,No,None,1,No,4,No,Incident,Access policy,North America
HD-260720-02000,2026-07-20 13:30,90,2026-07-21 18:11,P4,Performance,Disk space,Email,Enterprise,Service Desk L1,Imran Dar,Closed,72,28.69,No,None,0,No,4,No,Incident,Network condition,North America
HD-260804-01635,2026-08-04 19:56,192,2026-08-07 01:01,P4,Endpoint Security,EDR alert,Portal,Enterprise,Identity & Access,Nadia Ali,Resolved,72,53.09,No,None,0,No,3,No,Incident,Capacity,EMEA
HD-260629-02656,2026-06-29 11:12,167,2026-07-01 10:01,P4,Email & Collaboration,Distribution list,Chat,Mid-Market,Service Desk L1,Priya Shah,Resolved,72,46.83,No,None,0,No,4,No,Service request,Vendor issue,North America
HD-260501-04427,2026-05-01 14:59,121,2026-05-01 23:11,P3,Account Provisioning,Access package,Email,SMB,Endpoint Ops,Neha Thomas,Closed,24,8.21,No,None,1,Yes,5,No,Service request,Vendor issue,APAC
HD-260513-02623,2026-05-13 11:54,41,2026-05-14 08:18,P3,Performance,Disk space,Chat,Enterprise,Service Desk L1,Rohan Mehta,Resolved,24,20.4,No,None,0,No,,No,Incident,Configuration,EMEA
HD-260812-02025,2026-08-12 15:47,234,2026-08-14 18:02,P4,VPN & Remote Access,Remote desktop,Phone,Mid-Market,Network Ops,Zoya Hussain,Closed,72,50.25,No,None,0,No,4,Yes,Service request,Capacity,EMEA
HD-260626-01865,2026-06-26 16:15,3,2026-06-26 19:29,P1,Network,LAN connectivity,Phone,Mid-Market,Network Ops,Deepak Nair,Resolved,4,3.24,No,None,0,No,4,No,Performance issue,User error,EMEA
HD-260806-01469,2026-08-06 14:43,6,2026-08-06 18:58,P1,Email & Collaboration,Mailbox,Phone,Mid-Market,Service Desk L1,Aisha Khan,Resolved,4,4.25,Yes,High queue volume,0,Yes,4,No,Performance issue,Network condition,APAC
HD-260609-02980,2026-06-09 15:09,65,2026-06-10 00:28,P3,Hardware,Docking station,Portal,SMB,Identity & Access,Nadia Ali,Resolved,24,9.33,No,None,3,No,4,No,Performance issue,Configuration,North America
HD-260825-03370,2026-08-25 14:41,289,,P4,Access & Identity,MFA issue,Portal,SMB,Identity & Access,Deepak Nair,Pending,72,,No,None,1,Yes,,No,Incident,User error,EMEA
HD-260724-04028,2026-07-24 10:36,169,2026-07-25 06:41,P3,Performance,High CPU,Email,Enterprise,Service Desk L1,Neha Thomas,Resolved,24,20.09,No,None,1,No,4,No,Service request,Configuration,North America
HD-260806-01691,2026-08-06 12:32,76,2026-08-06 17:50,P3,Network,DNS/DHCP,Email,Mid-Market,Network Ops,Arjun Bhat,Resolved,24,5.3,No,None,0,No,5,No,Incident,Configuration,North America
HD-260512-02492,2026-05-12 11:01,15,,P2,Software & Applications,Installation,Portal,Internal,Service Desk L1,Neha Thomas,Open,8,,No,None,0,No,,No,How-to,User error,North America
HD-260506-02369,2026-05-06 13:57,88,2026-05-06 19:17,P3,Network,Switch port,Chat,Enterprise,Network Ops,Farah Latif,Resolved,24,5.34,No,None,0,No,4,No,Incident,Configuration,North America
HD-260603-03800,2026-06-03 16:48,114,,P4,Email & Collaboration,Distribution list,Email,Internal,Service Desk L1,Priya Shah,Open,72,,No,None,1,No,,No,Access request,Network condition,EMEA
HD-260721-01626,2026-07-21 11:02,87,2026-07-22 04:58,P3,Access & Identity,Account locked,Phone,Mid-Market,Endpoint Ops,Neha Thomas,Resolved,24,17.94,No,None,0,No,4,No,Incident,User error,EMEA
HD-260320-03439,2026-03-20 15:07,229,2026-03-21 05:49,P4,Network,Wi-Fi,Chat,Mid-Market,Network Ops,Zoya Hussain,Resolved,72,14.71,No,None,0,No,5,No,Access request,Vendor issue,APAC
HD-260402-01553,2026-04-02 21:57,216,,P4,Performance,Disk space,Phone,SMB,Service Desk L1,Karan Verma,Pending,72,,No,None,0,No,,No,How-to,Configuration,EMEA
HD-260729-02402,2026-07-29 13:57,64,2026-07-29 23:45,P2,Network,Wi-Fi,Portal,Internal,Network Ops,Deepak Nair,Resolved,8,9.8,Yes,After-hours coverage,0,Yes,3,Yes,Access request,Capacity,North America
HD-260328-01374,2026-03-28 13:20,34,2026-03-28 19:13,P3,Printing & Peripherals,Peripheral setup,Email,Internal,Identity & Access,Zoya Hussain,Resolved,24,5.89,No,None,1,No,5,No,Performance issue,Software defect,APAC
HD-260320-02110,2026-03-20 16:03,9,2026-03-20 18:34,P1,VPN & Remote Access,Split tunnel,Chat,Enterprise,Network Ops,Zoya Hussain,Resolved,4,2.53,No,None,1,Yes,4,No,How-to,Software defect,APAC
HD-260728-02016,2026-07-28 12:12,143,2026-07-29 04:07,P3,Software & Applications,License,Portal,SMB,Business Apps,Imran Dar,Resolved,24,15.92,No,None,2,No,3,No,Performance issue,Vendor issue,North America
HD-260806-03293,2026-08-06 21:18,40,2026-08-07 02:58,P2,Account Provisioning,New starter,Portal,Mid-Market,Identity & Access,Adil Mir,Resolved,8,5.67,No,None,0,Yes,3,No,Incident,Access policy,APAC
HD-260309-04047,2026-03-09 12:32,158,,P3,Hardware,Monitor,Chat,SMB,Service Desk L1,Rohan Mehta,Pending,24,,No,None,0,No,,Yes,Service request,Access policy,EMEA
HD-260721-03625,2026-07-21 14:51,14,2026-07-21 23:58,P2,Hardware,Keyboard/Mouse,Portal,SMB,Service Desk L2,Sana Rahman,Resolved,8,9.12,Yes,High queue volume,1,Yes,4,No,Performance issue,User error,North America
HD-260402-03496,2026-04-02 17:41,122,2026-04-03 16:46,P3,Access & Identity,MFA issue,Portal,SMB,Identity & Access,Zoya Hussain,Closed,24,23.09,No,None,0,No,4,No,Performance issue,User error,North America
HD-260615-02535,2026-06-15 11:51,167,2026-06-15 17:20,P3,Software & Applications,Version issue,Email,Mid-Market,Service Desk L2,Vikram Patel,Resolved,24,5.49,No,None,1,No,5,No,Access request,Access policy,APAC
HD-260710-01996,2026-07-10 16:16,143,2026-07-11 16:45,P4,Telephony,Headset,Portal,Enterprise,Service Desk L2,Meera Joseph,Closed,72,24.49,No,None,1,No,4,No,Access request,Configuration,APAC
HD-260824-01823,2026-08-24 10:11,142,2026-08-25 05:36,P3,Network,Wi-Fi,Email,Enterprise,Network Ops,Zoya Hussain,Closed,24,19.43,No,None,0,Yes,4,No,Service request,Software defect,APAC
HD-260410-01839,2026-04-10 10:45,55,2026-04-10 13:03,P2,Access & Identity,Account locked,Chat,SMB,Identity & Access,Nadia Ali,Closed,8,2.31,No,None,0,No,4,No,Access request,Hardware fault,North America
HD-260520-02499,2026-05-20 11:13,20,2026-05-20 13:35,P2,Telephony,Call quality,Portal,Mid-Market,Service Desk L2,Meera Joseph,Resolved,8,2.37,No,None,0,No,4,No,Incident,Unknown,North America
HD-260522-01438,2026-05-22 15:59,190,2026-05-24 05:37,P4,Software & Applications,Application error,Portal,Mid-Market,Service Desk L2,Meera Joseph,Resolved,72,37.64,No,None,1,Yes,5,No,Service request,Configuration,EMEA
HD-260413-01920,2026-04-13 11:42,143,2026-04-14 07:21,P3,Email & Collaboration,Teams/Meetings,Portal,Enterprise,Business Apps,Imran Dar,Resolved,24,19.66,No,None,0,No,3,No,Service request,Access policy,APAC
HD-260414-03209,2026-04-14 15:02,33,2026-04-15 06:12,P3,Hardware,Monitor,Email,Enterprise,Service Desk L2,Meera Joseph,Closed,24,15.18,No,None,0,No,2,No,Access request,Capacity,North America
HD-260325-04336,2026-03-25 20:19,43,2026-03-25 23:27,P2,Software & Applications,License,Email,SMB,Service Desk L1,Aisha Khan,Closed,8,3.14,No,None,0,No,,No,Access request,User error,EMEA
HD-260713-04426,2026-07-13 11:43,193,2026-07-14 18:52,P4,VPN & Remote Access,Split tunnel,Portal,Mid-Market,Service Desk L2,Sana Rahman,Resolved,72,31.16,No,None,0,No,4,No,Incident,Network condition,North America
HD-260428-01782,2026-04-28 11:33,130,2026-04-29 05:12,P4,Software & Applications,License,Portal,Mid-Market,Business Apps,Imran Dar,Resolved,72,17.65,No,None,0,No,3,No,Access request,User error,North America
HD-260722-02435,2026-07-22 09:13,31,2026-07-23 05:47,P4,Software & Applications,License,Portal,Internal,Business Apps,Priya Shah,Closed,72,20.58,No,None,1,Yes,5,No,Access request,Software defect,EMEA
HD-260508-02617,2026-05-08 10:19,37,2026-05-08 17:01,P3,Endpoint Security,EDR alert,Email,SMB,Service Desk L1,Neha Thomas,Closed,24,6.7,No,None,0,No,,No,Service request,Software defect,APAC
HD-260421-03822,2026-04-21 18:37,51,,P3,Printing & Peripherals,Print queue,Chat,Mid-Market,Network Ops,Deepak Nair,Pending,24,,No,None,0,No,,No,Incident,Vendor issue,APAC
HD-260415-01515,2026-04-15 16:01,178,2026-04-16 07:35,P4,VPN & Remote Access,Remote desktop,Chat,Internal,Service Desk L2,Vikram Patel,Closed,72,15.58,No,None,0,No,4,No,Incident,Software defect,North America
HD-260608-01694,2026-06-08 10:40,171,2026-06-08 17:06,P3,VPN & Remote Access,Remote desktop,Email,Enterprise,Network Ops,Deepak Nair,Closed,24,6.44,No,None,1,Yes,4,Yes,Incident,Software defect,North America
HD-260423-02695,2026-04-23 15:25,110,2026-04-24 08:10,P3,Telephony,Call quality,Chat,Internal,Network Ops,Farah Latif,Resolved,24,16.75,No,None,1,No,3,No,Access request,User error,APAC
HD-260817-03873,2026-08-17 16:56,150,2026-08-19 05:35,P4,Network,DNS/DHCP,Portal,Internal,Service Desk L2,Meera Joseph,Closed,72,36.66,No,None,0,No,4,No,Service request,Software defect,EMEA
HD-260311-01315,2026-03-11 11:29,141,2026-03-12 03:32,P4,Printing & Peripherals,Scanner,Portal,SMB,Identity & Access,Zoya Hussain,Resolved,72,16.05,No,None,0,No,4,No,Incident,Unknown,North America
HD-260703-03915,2026-07-03 14:44,13,,P1,Hardware,Keyboard/Mouse,Chat,Internal,Service Desk L1,Priya Shah,Pending,4,,No,None,1,Yes,,Yes,Incident,User error,EMEA
HD-260804-03112,2026-08-04 10:54,28,2026-08-05 02:00,P3,VPN & Remote Access,VPN login,Portal,Enterprise,Network Ops,Deepak Nair,Closed,24,15.1,No,None,0,No,2,No,Incident,Access policy,APAC
HD-260803-02215,2026-08-03 12:49,87,2026-08-04 12:52,P3,Endpoint Security,Security policy,Chat,Internal,Identity & Access,Adil Mir,Closed,24,24.06,Yes,After-hours coverage,1,No,3,No,Service request,Capacity,EMEA
HD-260630-03665,2026-06-30 14:50,172,2026-07-01 06:50,P4,Hardware,Laptop,Chat,SMB,Business Apps,Priya Shah,Closed,72,16.01,No,None,1,No,5,No,Access request,Unknown,North America
HD-260302-04186,2026-03-02 16:02,105,2026-03-03 19:48,P4,Access & Identity,MFA issue,Email,SMB,Identity & Access,Zoya Hussain,Closed,72,27.77,No,None,0,No,5,No,Incident,Vendor issue,North America
HD-260429-02820,2026-04-29 11:08,33,,P2,Software & Applications,Application error,Chat,Mid-Market,Service Desk L2,Arjun Bhat,Open,8,,No,None,1,No,,No,How-to,Configuration,APAC
HD-260525-01949,2026-05-25 12:24,14,2026-05-25 18:32,P3,VPN & Remote Access,Remote desktop,Portal,Internal,Service Desk L2,Meera Joseph,Resolved,24,6.14,No,None,0,Yes,4,No,Performance issue,Access policy,APAC
HD-260527-04507,2026-05-27 13:34,89,2026-05-27 20:41,P3,Hardware,Laptop,Portal,Enterprise,Service Desk L2,Meera Joseph,Resolved,24,7.12,No,None,0,No,5,No,Service request,Hardware fault,EMEA
HD-260724-02389,2026-07-24 09:50,141,2026-07-24 20:51,P3,Software & Applications,License,Chat,Mid-Market,Business Apps,Imran Dar,Resolved,24,11.03,No,None,0,No,4,No,Service request,Software defect,APAC
HD-260626-04330,2026-06-26 11:18,67,2026-06-27 09:37,P3,Endpoint Security,EDR alert,Portal,SMB,Endpoint Ops,Neha Thomas,Resolved,24,22.32,No,None,1,No,3,No,Incident,Access policy,APAC
HD-260716-03201,2026-07-16 11:06,340,2026-07-18 14:31,P4,Email & Collaboration,Teams/Meetings,Email,SMB,Service Desk L1,Neha Thomas,Resolved,72,51.42,No,None,2,No,3,No,Service request,Configuration,North America
HD-260713-04339,2026-07-13 12:08,90,2026-07-13 19:13,P3,Network,LAN connectivity,Portal,Mid-Market,Service Desk L2,Sana Rahman,Resolved,24,7.09,No,None,1,No,5,No,Incident,Configuration,APAC
HD-260409-01012,2026-04-09 13:57,36,2026-04-09 22:22,P2,Network,DNS/DHCP,Email,Mid-Market,Service Desk L2,Vikram Patel,Closed,8,8.42,Yes,Vendor response,1,No,4,Yes,Incident,Configuration,North America
HD-260603-01325,2026-06-03 10:36,72,2026-06-04 02:06,P3,Access & Identity,MFA issue,Portal,Mid-Market,Identity & Access,Deepak Nair,Resolved,24,15.51,No,None,0,No,3,Yes,Incident,Software defect,APAC
HD-260609-01943,2026-06-09 14:10,32,2026-06-09 21:28,P3,Telephony,Headset,Email,Internal,Service Desk L2,Arjun Bhat,Resolved,24,7.3,No,None,0,No,4,No,Service request,Capacity,EMEA
HD-260520-01820,2026-05-20 21:33,26,2026-05-21 03:58,P2,Hardware,Keyboard/Mouse,Email,SMB,Endpoint Ops,Vikram Patel,Closed,8,6.42,No,None,2,Yes,4,No,Incident,Software defect,APAC
HD-260423-03654,2026-04-23 16:07,97,2026-04-24 06:27,P4,Software & Applications,License,Chat,Internal,Service Desk L2,Vikram Patel,Resolved,72,14.34,No,None,1,No,4,No,Service request,Vendor issue,North America
HD-260311-04009,2026-03-11 14:53,226,2026-03-12 08:31,P4,,Wi-Fi,Email,SMB,Network Ops,Farah Latif,Closed,72,17.64,No,None,0,No,4,No,Access request,Hardware fault,APAC
HD-260304-01129,2026-03-04 15:21,175,2026-03-06 15:48,P4,Printing & Peripherals,Print queue,Phone,Enterprise,Business Apps,Sana Rahman,Resolved,72,48.46,No,None,1,No,3,Yes,Incident,Configuration,APAC
HD-260616-01912,2026-06-16 11:26,234,2026-06-17 09:18,P4,Software & Applications,Installation,Email,Mid-Market,Service Desk L2,Meera Joseph,Resolved,72,21.87,No,None,0,No,3,No,Incident,Hardware fault,APAC
HD-260814-03033,2026-08-14 13:28,144,2026-08-14 21:20,P3,Hardware,Docking station,Portal,Enterprise,Service Desk L1,Aisha Khan,Closed,24,7.88,No,None,0,Yes,,No,Service request,User error,APAC
HD-260722-01016,2026-07-22 14:16,33,,P2,Telephony,Softphone,Portal,SMB,Network Ops,Deepak Nair,Open,8,,No,None,0,No,,No,Incident,Access policy,EMEA
HD-260817-01575,2026-08-17 15:50,168,,P3,Software & Applications,Installation,Email,SMB,Business Apps,Imran Dar,Pending,24,,No,None,1,No,,No,Incident,Hardware fault,North America
HD-260313-01266,2026-03-13 11:05,35,2026-03-14 03:22,P3,Telephony,Extension,Phone,Enterprise,Service Desk L2,Sana Rahman,Resolved,24,16.29,No,None,1,No,3,No,Incident,User error,North America
HD-260703-01048,2026-07-03 09:33,97,,P3,Network,LAN connectivity,Email,Mid-Market,Network Ops,Zoya Hussain,Open,24,,No,None,1,No,,No,Incident,Configuration,EMEA
HD-260824-03557,2026-08-24 10:27,315,2026-08-26 00:45,P4,Account Provisioning,Offboarding,Portal,Internal,Identity & Access,Deepak Nair,Closed,72,38.3,No,None,0,No,,No,Access request,Network condition,North America
HD-260630-03126,2026-06-30 13:00,65,,P3,Email & Collaboration,Mailbox,Email,Mid-Market,Service Desk L1,Karan Verma,Open,24,,No,None,1,No,,No,Service request,Access policy,North America
HD-260326-01380,2026-03-26 14:05,116,2026-03-27 15:09,P4,VPN & Remote Access,Split tunnel,Email,Enterprise,Service Desk L2,Sana Rahman,Closed,72,25.07,No,None,0,No,3,No,Performance issue,Network condition,EMEA
HD-260818-02979,2026-08-18 16:14,341,2026-08-20 16:19,P4,VPN & Remote Access,VPN login,Email,Enterprise,Network Ops,Farah Latif,Resolved,72,48.09,No,None,0,No,3,No,Service request,Configuration,APAC
HD-260424-01633,2026-04-24 12:30,92,2026-04-24 19:00,P3,Printing & Peripherals,Print queue,Portal,Enterprise,Endpoint Ops,Karan Verma,Closed,24,6.51,No,None,2,Yes,3,No,Performance issue,User error,North America
HD-260703-03891,2026-07-03 17:59,110,,P3,VPN & Remote Access,VPN login,Portal,SMB,Service Desk L2,Meera Joseph,Pending,24,,No,None,1,No,,No,Service request,Access policy,APAC
HD-260625-02177,2026-06-25 11:28,28,2026-06-25 18:47,P3,Network,DNS/DHCP,Email,Mid-Market,Network Ops,Arjun Bhat,Resolved,24,7.33,No,None,1,No,5,No,Incident,Configuration,North America
HD-260713-01093,2026-07-13 17:38,46,2026-07-14 07:49,P3,Endpoint Security,Malware check,Email,Mid-Market,Identity & Access,Farah Latif,Closed,24,14.19,No,None,0,No,,No,Access request,Hardware fault,North America
HD-260601-02813,2026-06-01 12:35,224,2026-06-02 05:45,P4,Hardware,Keyboard/Mouse,Phone,Mid-Market,Service Desk L1,Karan Verma,Closed,72,17.17,No,None,0,No,4,No,Incident,User error,North America
HD-260423-02198,2026-04-23 13:53,343,2026-04-25 10:26,P4,Telephony,Softphone,Chat,Mid-Market,Service Desk L2,Vikram Patel,Closed,72,44.55,No,None,0,No,4,Yes,Service request,User error,North America
HD-260731-01274,2026-07-31 19:58,40,2026-07-31 22:31,P2,Performance,High memory,Portal,Mid-Market,Service Desk L1,Karan Verma,Resolved,8,2.56,No,None,0,No,4,Yes,Performance issue,User error,EMEA
HD-260323-04175,2026-03-23 09:45,290,2026-03-24 06:07,P4,Telephony,Headset,Phone,Enterprise,Service Desk L2,Vikram Patel,Closed,72,20.37,No,None,0,No,4,No,How-to,Software defect,APAC
HD-260410-01107,2026-04-10 11:33,88,2026-04-11 06:24,P3,VPN & Remote Access,Remote desktop,Email,Mid-Market,Network Ops,Farah Latif,Closed,24,18.86,No,None,0,No,4,No,Performance issue,Software defect,North America
HD-260629-03217,2026-06-29 21:38,164,2026-06-30 06:08,P3,Cloud & SaaS,Integration,Chat,Enterprise,Service Desk L1,Karan Verma,Resolved,24,8.5,No,None,0,No,3,No,Incident,Vendor issue,EMEA
HD-260302-01906,2026-03-02 17:18,297,2026-03-04 06:19,P4,VPN & Remote Access,Remote desktop,Email,Internal,Network Ops,Zoya Hussain,Resolved,72,37.03,No,None,0,No,5,No,Performance issue,Access policy,APAC
HD-260423-01472,2026-04-23 11:19,172,2026-04-23 16:44,P3,Endpoint Security,Malware check,Portal,Internal,Identity & Access,Farah Latif,Closed,24,5.43,No,None,1,No,3,No,Access request,Configuration,EMEA
HD-260615-02199,2026-06-15 15:12,28,2026-06-15 20:42,P3,VPN & Remote Access,VPN disconnect,Phone,Mid-Market,Network Ops,Farah Latif,Resolved,24,5.51,No,None,0,No,4,No,Performance issue,Configuration,EMEA
HD-260312-02261,2026-03-12 09:47,131,,P3,Network,LAN connectivity,Chat,Enterprise,Service Desk L2,Arjun Bhat,Pending,24,,No,None,0,No,,No,Performance issue,Vendor issue,EMEA
HD-260810-03824,2026-08-10 16:38,199,2026-08-12 15:18,P4,Telephony,Headset,Phone,SMB,Service Desk L2,Meera Joseph,Resolved,72,46.68,No,None,0,No,3,No,Access request,Access policy,North America
HD-260410-02595,2026-04-10 08:21,128,,P3,Account Provisioning,Role change,Portal,Enterprise,Endpoint Ops,Vikram Patel,Pending,24,,No,None,1,No,,No,Service request,User error,EMEA
HD-260406-01946,2026-04-06 12:05,329,2026-04-09 06:32,P4,Telephony,Headset,Chat,Mid-Market,Service Desk L2,Sana Rahman,Resolved,72,66.46,No,None,2,No,4,No,Incident,Software defect,North America
HD-260612-01213,2026-06-12 09:26,97,2026-06-12 15:33,P3,Performance,Slow device,Chat,Enterprise,Service Desk L1,Imran Dar,Resolved,24,6.12,No,None,0,No,5,No,Service request,User error,APAC
HD-260502-04095,2026-05-02 12:18,165,2026-05-03 03:50,P3,Network,Wi-Fi,Email,Mid-Market,Service Desk L2,Meera Joseph,Resolved,24,15.54,No,None,0,No,3,No,Access request,Software defect,North America
HD-260527-02732,2026-05-27 13:30,74,2026-05-28 13:55,P3,Email & Collaboration,Mailbox,Chat,Mid-Market,Service Desk L1,Neha Thomas,Resolved,24,24.42,Yes,Vendor response,0,No,2,No,Performance issue,Software defect,APAC
HD-260807-03073,2026-08-07 15:49,13,2026-08-08 00:43,P3,Account Provisioning,Offboarding,Email,Mid-Market,Identity & Access,Nadia Ali,Resolved,24,8.9,No,None,0,No,4,No,Incident,Network condition,North America
HD-260319-01495,2026-03-19 10:04,266,2026-03-20 00:55,P4,Email & Collaboration,Calendar,Email,Enterprise,Endpoint Ops,Sana Rahman,Resolved,72,14.85,No,None,1,No,5,No,Incident,Configuration,North America
HD-260520-01593,2026-05-20 11:30,40,2026-05-21 09:03,P3,Access & Identity,MFA issue,Chat,Mid-Market,Identity & Access,Nadia Ali,Resolved,24,21.55,No,None,1,No,4,No,Incident,Network condition,North America
HD-260406-02075,2026-04-06 12:27,13,2026-04-06 14:49,P1,Printing & Peripherals,Scanner,Portal,SMB,Endpoint Ops,Vikram Patel,Resolved,4,2.38,No,None,0,No,3,No,Access request,Software defect,North America
HD-260519-04444,2026-05-19 14:18,48,2026-05-21 03:43,P4,Software & Applications,Application error,Phone,Enterprise,Business Apps,Priya Shah,Resolved,72,37.43,No,None,0,No,4,No,How-to,Network condition,North America
HD-260810-02319,2026-08-10 14:35,176,2026-08-12 20:15,P4,Endpoint Security,EDR alert,Phone,Enterprise,Endpoint Ops,Neha Thomas,Resolved,72,53.67,No,None,0,No,4,Yes,Incident,User error,EMEA
HD-260710-03260,2026-07-10 12:28,20,,P2,Email & Collaboration,Calendar,Portal,Mid-Market,Service Desk L1,Aisha Khan,Pending,8,,No,None,1,No,,No,Service request,Capacity,North America
HD-260515-01024,2026-05-15 09:19,39,2026-05-15 17:16,P3,Hardware,Docking station,Phone,SMB,Identity & Access,Zoya Hussain,Closed,24,7.95,No,None,0,No,4,No,Incident,Configuration,North America
HD-260423-01610,2026-04-23 10:13,15,2026-04-23 14:00,P1,Endpoint Security,EDR alert,Chat,Enterprise,Service Desk L1,Priya Shah,Closed,4,3.79,No,None,0,No,3,No,Service request,Software defect,EMEA
HD-260528-01018,2026-05-28 16:24,178,2026-05-29 22:12,P4,Hardware,Docking station,Email,SMB,Endpoint Ops,Sana Rahman,Resolved,72,29.81,No,None,1,No,5,No,Incident,Access policy,APAC
HD-260626-02232,2026-06-26 14:17,46,2026-06-26 21:32,P3,Email & Collaboration,Teams/Meetings,Chat,Enterprise,Business Apps,Karan Verma,Resolved,24,7.26,No,None,0,No,4,No,Performance issue,Hardware fault,EMEA
HD-260428-03471,2026-04-28 18:57,110,2026-04-29 00:18,P3,Access & Identity,Permission request,Chat,Enterprise,Identity & Access,Nadia Ali,Resolved,24,5.35,No,None,0,No,3,No,Service request,Network condition,APAC
HD-260528-01339,2026-05-28 12:48,162,2026-05-29 10:58,P3,Account Provisioning,New starter,Portal,Enterprise,Identity & Access,Zoya Hussain,Closed,24,22.17,No,None,0,No,4,No,Service request,Network condition,APAC
HD-260617-04091,2026-06-17 09:25,287,2026-06-18 00:12,P4,Printing & Peripherals,Print queue,Phone,Mid-Market,Service Desk L1,Imran Dar,Closed,72,14.79,No,None,1,No,5,No,Incident,Network condition,EMEA
HD-260528-03810,2026-05-28 16:25,132,2026-05-28 22:43,P3,Cloud & SaaS,Subscription,Portal,Mid-Market,Service Desk L2,Sana Rahman,Closed,24,6.3,No,None,1,No,,No,Service request,Software defect,APAC
HD-260428-03563,2026-04-28 11:37,12,2026-04-28 18:27,P2,Performance,High memory,Chat,Enterprise,Business Apps,Priya Shah,Resolved,8,6.84,No,None,0,No,2,No,Performance issue,Capacity,EMEA
HD-260601-02346,2026-06-01 16:42,132,,P3,Performance,High memory,Portal,Mid-Market,Service Desk L1,Neha Thomas,Open,24,,No,None,1,No,,No,Incident,Configuration,APAC
HD-260519-03339,2026-05-19 09:05,24,2026-05-21 23:33,P4,Hardware,Docking station,Chat,SMB,Service Desk L2,Vikram Patel,Closed,72,62.47,No,None,0,No,2,No,Incident,Access policy,APAC
HD-260817-01477,2026-08-17 16:28,16,2026-08-17 21:57,P3,Performance,High memory,Portal,Internal,Service Desk L1,Imran Dar,Closed,24,5.49,No,None,0,No,,No,Incident,Software defect,APAC
HD-260615-02580,2026-06-15 14:30,33,2026-06-16 09:48,P3,Network,Switch port,Portal,Enterprise,Service Desk L2,Arjun Bhat,Resolved,24,19.31,No,None,0,No,2,No,How-to,Software defect,North America
HD-260511-02063,2026-05-11 14:32,89,2026-05-12 04:54,P4,Endpoint Security,Device compliance,Portal,Mid-Market,Identity & Access,Zoya Hussain,Resolved,72,14.37,No,None,0,No,,No,Performance issue,User error,EMEA
HD-260605-02299,2026-06-05 12:19,20,2026-06-05 18:16,P3,Email & Collaboration,Mailbox,Portal,Mid-Market,Service Desk L1,Priya Shah,Resolved,24,5.96,No,None,0,No,3,No,Service request,User error,APAC
HD-260430-01641,2026-04-30 13:02,19,2026-05-01 08:56,P3,Email & Collaboration,Teams/Meetings,Chat,Mid-Market,Business Apps,Karan Verma,Resolved,24,19.9,No,None,2,No,3,No,Incident,Unknown,North America
HD-260708-02287,2026-07-08 17:52,168,2026-07-09 05:01,P3,Network,Wi-Fi,Phone,Enterprise,Network Ops,Arjun Bhat,Closed,24,11.15,No,None,2,No,4,No,How-to,Software defect,North America
HD-260527-01833,2026-05-27 14:32,43,2026-05-28 02:00,P3,Performance,Slow device,Email,SMB,Network Ops,Zoya Hussain,Closed,24,11.47,No,None,0,Yes,,No,Incident,Access policy,APAC
HD-260731-03700,2026-07-31 20:40,100,2026-08-01 06:20,P3,Hardware,Keyboard/Mouse,Portal,SMB,Endpoint Ops,Neha Thomas,Resolved,24,9.67,No,None,0,No,5,No,How-to,User error,EMEA
HD-260306-03816,2026-03-06 08:01,16,2026-03-06 11:57,P2,Telephony,Softphone,Portal,Internal,Service Desk L2,Meera Joseph,Closed,8,3.94,No,None,0,No,4,No,Incident,Vendor issue,North America
HD-260807-02491,2026-08-07 11:38,4,2026-08-07 13:51,P1,Email & Collaboration,Mailbox,Phone,SMB,Service Desk L1,Neha Thomas,Resolved,4,2.23,No,None,1,No,5,No,Service request,Unknown,EMEA
HD-260720-03182,2026-07-20 10:13,165,2026-07-20 18:01,P3,Email & Collaboration,Teams/Meetings,Email,Internal,Endpoint Ops,Karan Verma,Resolved,24,7.81,No,None,0,Yes,,No,Access request,User error,North America
HD-260520-01122,2026-05-20 11:04,284,2026-05-21 08:40,P4,Network,DNS/DHCP,Portal,Mid-Market,Network Ops,Farah Latif,Resolved,72,21.61,No,None,2,No,4,No,Service request,Capacity,EMEA
HD-260402-03598,2026-04-02 15:15,131,2026-04-03 05:45,P4,Software & Applications,Version issue,Portal,Mid-Market,Business Apps,Priya Shah,Resolved,72,14.51,No,None,2,Yes,3,No,Incident,Hardware fault,APAC
HD-260709-01202,2026-07-09 11:17,50,2026-07-10 04:51,P4,Software & Applications,Installation,Email,SMB,Business Apps,Sana Rahman,Resolved,72,17.57,No,None,0,No,4,No,Service request,User error,North America
HD-260717-03474,2026-07-17 12:08,92,2026-07-19 13:44,P4,Access & Identity,Account locked,Chat,Enterprise,Service Desk L1,Aisha Khan,Closed,72,49.61,No,None,0,Yes,4,No,Access request,Configuration,APAC
HD-260513-04499,2026-05-13 08:21,166,2026-05-14 22:48,P4,Telephony,Call quality,Portal,SMB,Network Ops,Farah Latif,Resolved,72,38.45,No,None,0,No,5,No,Service request,Vendor issue,EMEA
HD-260726-02083,2026-07-26 13:35,160,,P3,Account Provisioning,Offboarding,Chat,SMB,Identity & Access,Nadia Ali,Pending,24,,No,None,1,No,,No,Incident,User error,APAC
HD-260603-02024,2026-06-03 17:58,202,,P4,Access & Identity,Account locked,Portal,SMB,Service Desk L1,Rohan Mehta,Pending,72,,No,None,0,No,,No,Incident,Hardware fault,EMEA
HD-260806-01763,2026-08-06 12:28,163,,P3,Access & Identity,Account locked,Email,Enterprise,Endpoint Ops,Vikram Patel,Pending,24,,No,None,1,No,,No,Incident,Configuration,North America
HD-260722-01772,2026-07-22 15:41,49,2026-07-22 18:54,P2,Endpoint Security,Security policy,Email,Internal,Endpoint Ops,Vikram Patel,Resolved,8,3.22,No,None,0,No,5,No,Service request,User error,EMEA
HD-260813-03642,2026-08-13 15:51,91,2026-08-14 05:40,P3,Network,Switch port,Email,Internal,Network Ops,Arjun Bhat,Resolved,24,13.82,No,None,0,No,5,No,Incident,Configuration,APAC
HD-260331-03510,2026-03-31 18:45,156,,P3,Email & Collaboration,Calendar,Email,SMB,Service Desk L2,Vikram Patel,Pending,24,,No,None,1,No,,No,How-to,Configuration,North America
HD-260514-03890,2026-05-14 19:06,72,2026-05-15 03:16,P3,Telephony,Call quality,Portal,Internal,Network Ops,Zoya Hussain,Resolved,24,8.18,No,None,0,No,5,No,How-to,Network condition,EMEA
HD-260729-03573,2026-07-29 16:07,220,2026-07-31 06:23,P4,,Print queue,Portal,SMB,Service Desk L2,Sana Rahman,Closed,72,38.27,No,None,0,No,5,Yes,Performance issue,Configuration,EMEA
HD-260407-04409,2026-04-07 16:37,185,2026-04-08 20:11,P4,Endpoint Security,EDR alert,Portal,Mid-Market,Identity & Access,Adil Mir,Closed,72,27.57,No,None,0,No,,No,Service request,Access policy,North America
HD-260515-02084,2026-05-15 09:02,121,2026-05-16 05:48,P3,Telephony,Call quality,Portal,Mid-Market,Service Desk L2,Meera Joseph,Resolved,24,20.78,No,None,1,No,3,No,How-to,Network condition,EMEA
HD-260722-01545,2026-07-22 14:42,56,,P4,Access & Identity,Account locked,Portal,SMB,Service Desk L1,Rohan Mehta,Pending,72,,No,None,1,No,,No,Access request,Access policy,North America
HD-260525-03718,2026-05-25 11:50,156,2026-05-26 08:33,P4,Access & Identity,MFA issue,Portal,Mid-Market,Endpoint Ops,Neha Thomas,Resolved,72,20.72,No,None,1,No,4,No,Service request,Network condition,EMEA
HD-260609-04253,2026-06-09 10:25,166,2026-06-12 04:43,P4,Telephony,Call quality,Portal,Enterprise,Service Desk L2,Sana Rahman,Resolved,72,66.31,No,None,0,No,,No,Service request,Software defect,North America
HD-260427-03304,2026-04-27 08:05,112,2026-04-27 22:45,P4,Endpoint Security,Malware check,Portal,Mid-Market,Identity & Access,Farah Latif,Resolved,72,14.67,No,None,1,Yes,,No,Incident,Configuration,EMEA
HD-260601-01196,2026-06-01 15:02,216,,P4,Email & Collaboration,Mailbox,Phone,Internal,Service Desk L2,Vikram Patel,Pending,72,,No,None,1,No,,No,Performance issue,Hardware fault,EMEA
HD-260310-01981,2026-03-10 12:21,108,2026-03-11 05:31,P3,Performance,Slow device,Email,SMB,Service Desk L1,Rohan Mehta,Closed,24,17.18,No,None,1,No,3,Yes,How-to,Unknown,EMEA
HD-260515-03429,2026-05-15 12:25,62,2026-05-15 21:40,P3,Access & Identity,Permission request,Email,Enterprise,Service Desk L1,Karan Verma,Resolved,24,9.26,No,None,0,No,,Yes,Service request,User error,APAC
HD-260522-02846,2026-05-22 17:29,20,2026-05-22 20:39,P2,Network,Wi-Fi,Phone,Enterprise,Network Ops,Zoya Hussain,Resolved,8,3.17,No,None,0,No,4,No,Service request,Access policy,EMEA
HD-260506-02636,2026-05-06 19:20,112,2026-05-07 11:37,P3,Hardware,Laptop,Phone,Internal,Business Apps,Priya Shah,Closed,24,16.29,No,None,3,No,3,No,How-to,User error,North America
HD-260604-02972,2026-06-04 14:52,146,2026-06-04 20:27,P3,Printing & Peripherals,Scanner,Email,Enterprise,Service Desk L1,Imran Dar,Closed,24,5.59,No,None,0,No,,No,Access request,Network condition,EMEA
HD-260519-04397,2026-05-19 18:11,92,2026-05-20 04:01,P3,Telephony,Softphone,Email,Mid-Market,Network Ops,Arjun Bhat,Closed,24,9.84,No,None,0,No,4,No,Access request,Unknown,APAC
HD-260810-02157,2026-08-10 10:51,315,,P4,Account Provisioning,Offboarding,Phone,SMB,Identity & Access,Adil Mir,Open,72,,No,None,0,No,,No,Service request,Hardware fault,APAC
HD-260410-01766,2026-04-10 09:33,222,2026-04-12 04:46,P4,Performance,Slow device,Email,Internal,Identity & Access,Nadia Ali,Resolved,72,43.22,No,None,1,No,3,No,Service request,Configuration,EMEA
HD-260823-02439,2026-08-23 13:12,53,2026-08-24 09:35,P3,Software & Applications,Version issue,Email,SMB,Service Desk L2,Sana Rahman,Resolved,24,20.39,No,None,0,No,3,No,Incident,Access policy,APAC
HD-260409-03841,2026-04-09 08:51,79,2026-04-10 06:29,P3,Performance,Disk space,Phone,SMB,Business Apps,,Closed,24,21.64,No,None,0,No,3,No,Incident,Network condition,North America
HD-260826-04315,2026-08-26 12:21,18,2026-08-26 17:38,P3,Software & Applications,Installation,Portal,Mid-Market,Service Desk L2,Sana Rahman,Resolved,24,5.29,No,None,1,No,4,No,Service request,Configuration,North America
HD-260417-03179,2026-04-17 11:20,16,2026-04-18 09:30,P3,Telephony,Call quality,Phone,Mid-Market,Service Desk L2,Meera Joseph,Closed,24,22.18,No,None,2,No,3,No,Incident,Vendor issue,North America
HD-260720-02250,2026-07-20 15:33,70,2026-07-21 06:39,P3,Hardware,Laptop,Email,SMB,Service Desk L1,Imran Dar,Resolved,24,15.11,No,None,1,No,4,No,Service request,Hardware fault,North America
HD-260612-02384,2026-06-12 10:10,16,2026-06-12 14:07,P2,Hardware,Laptop,Email,Internal,Service Desk L1,Imran Dar,Resolved,8,3.96,No,None,0,No,4,Yes,Service request,Software defect,EMEA
HD-260430-02875,2026-04-30 15:49,182,,P4,Access & Identity,MFA issue,Phone,Enterprise,Identity & Access,Nadia Ali,Pending,72,,No,None,1,No,,No,Service request,Vendor issue,North America
HD-260408-03299,2026-04-08 15:24,125,2026-04-09 12:20,P3,Performance,Disk space,Email,Mid-Market,Service Desk L1,Priya Shah,Closed,24,20.94,No,None,1,No,3,No,Incident,Configuration,APAC
HD-260605-03465,2026-06-05 11:48,112,2026-06-06 11:59,P3,Network,Wi-Fi,Email,Mid-Market,Network Ops,Deepak Nair,Closed,24,24.19,Yes,Vendor response,2,No,4,No,Incident,Unknown,EMEA
HD-260403-04225,2026-04-03 14:45,14,2026-04-03 21:30,P3,Telephony,Extension,Portal,SMB,Service Desk L2,Meera Joseph,Resolved,24,6.76,No,None,0,No,,No,How-to,Vendor issue,EMEA
HD-260330-02667,2026-03-30 19:33,58,2026-04-02 01:19,P4,Access & Identity,MFA issue,Phone,Mid-Market,Service Desk L1,Priya Shah,Closed,72,53.77,No,None,0,No,3,No,Incident,User error,EMEA
HD-260629-01318,2026-06-29 15:13,76,2026-06-30 04:11,P3,Cloud & SaaS,Subscription,Portal,Mid-Market,Service Desk L1,Rohan Mehta,Closed,24,12.98,No,None,0,No,5,No,Service request,Capacity,North America
HD-260511-01388,2026-05-11 14:45,20,2026-05-11 20:21,P1,Account Provisioning,Offboarding,Portal,Mid-Market,Identity & Access,Zoya Hussain,Resolved,4,5.61,Yes,Dependency delay,0,No,3,No,Service request,User error,North America
HD-260720-04267,2026-07-20 15:50,124,2026-07-21 07:08,P3,Performance,Disk space,Chat,SMB,Identity & Access,Zoya Hussain,Closed,24,15.31,No,None,1,No,2,No,Access request,Access policy,EMEA
HD-260612-03933,2026-06-12 10:52,16,2026-06-12 12:46,P1,Hardware,Laptop,Portal,Internal,Service Desk L1,Priya Shah,Closed,4,1.91,No,None,0,No,,No,Incident,User error,North America
HD-260331-01476,2026-03-31 13:20,31,2026-04-01 07:18,P4,Hardware,Docking station,Chat,Mid-Market,Network Ops,Zoya Hussain,Resolved,72,17.97,No,None,0,No,,No,Incident,User error,EMEA
HD-260408-02933,2026-04-08 10:27,71,2026-04-08 22:19,P3,Access & Identity,Password reset,Email,Mid-Market,Identity & Access,Adil Mir,Closed,24,11.88,No,None,1,No,5,No,Access request,Vendor issue,APAC
HD-260302-04170,2026-03-02 10:48,19,2026-03-02 14:58,P2,Hardware,Monitor,Phone,Mid-Market,Identity & Access,Adil Mir,Resolved,8,4.17,No,None,0,No,4,No,Performance issue,Unknown,North America
HD-260309-01581,2026-03-09 17:30,140,2026-03-10 16:31,P3,Cloud & SaaS,Integration,Email,Mid-Market,Business Apps,Imran Dar,Closed,24,23.02,No,None,0,No,3,No,Service request,Software defect,North America
HD-260320-02696,2026-03-20 15:17,247,2026-03-21 07:57,P4,Account Provisioning,Access package,Portal,SMB,Endpoint Ops,Karan Verma,Closed,72,16.67,No,None,0,No,5,No,Incident,Access policy,EMEA
HD-260814-04319,2026-08-14 15:28,163,2026-08-15 09:58,P3,Email & Collaboration,Teams/Meetings,Chat,Enterprise,Service Desk L1,Aisha Khan,Resolved,24,18.5,No,None,0,No,4,No,Service request,Network condition,EMEA
HD-260521-02483,2026-05-21 15:52,14,2026-05-21 23:27,P2,Performance,Slow device,Chat,Enterprise,Endpoint Ops,Vikram Patel,Closed,8,7.59,No,None,0,No,4,No,Incident,Access policy,APAC
HD-260724-03872,2026-07-24 19:18,166,,P4,Endpoint Security,EDR alert,Email,Enterprise,Identity & Access,Nadia Ali,Open,72,,No,None,0,No,,No,Incident,Hardware fault,EMEA
HD-260311-01367,2026-03-11 09:30,203,,P4,Account Provisioning,New starter,Portal,SMB,Identity & Access,Farah Latif,Open,72,,No,None,0,No,,No,Service request,Software defect,EMEA
HD-260828-02010,2026-08-28 08:12,210,2026-08-30 22:44,P4,Account Provisioning,Role change,Phone,Mid-Market,Identity & Access,Adil Mir,Closed,72,62.54,No,None,1,No,3,No,Access request,Capacity,North America
HD-260617-02256,2026-06-17 12:03,95,2026-06-17 17:22,P3,Printing & Peripherals,Printer offline,Chat,Internal,Business Apps,Sana Rahman,Resolved,24,5.32,No,None,3,Yes,5,No,Performance issue,User error,APAC
HD-260519-02038,2026-05-19 16:28,304,2026-05-20 13:10,P4,Software & Applications,Version issue,Email,Internal,Service Desk L1,Aisha Khan,Closed,72,20.71,No,None,0,No,3,Yes,Incident,User error,North America
HD-260626-03715,2026-06-26 12:56,161,2026-06-26 21:17,P3,Hardware,Docking station,Portal,SMB,Service Desk L1,Karan Verma,Resolved,24,8.35,No,None,0,No,5,No,Incident,Network condition,EMEA
HD-260430-02474,2026-04-30 14:45,138,2026-04-30 20:22,P3,Telephony,Headset,Chat,Enterprise,Service Desk L2,Sana Rahman,Resolved,24,5.63,No,None,0,No,4,No,How-to,Access policy,EMEA
HD-260417-01702,2026-04-17 14:54,147,2026-04-17 21:37,P3,Cloud & SaaS,Integration,Phone,Mid-Market,Business Apps,Priya Shah,Resolved,24,6.72,No,None,3,No,4,No,Incident,Unknown,APAC
HD-260715-02957,2026-07-15 10:38,135,2026-07-15 15:58,P3,Access & Identity,Password reset,Chat,Internal,Service Desk L1,Karan Verma,Resolved,24,5.34,No,None,1,No,4,No,Service request,Configuration,North America
HD-260506-02241,2026-05-06 16:36,159,2026-05-07 05:19,P3,Endpoint Security,Device compliance,Phone,Enterprise,Identity & Access,Nadia Ali,Closed,24,12.72,No,None,0,No,,No,Service request,Configuration,North America
HD-260724-02465,2026-07-24 10:44,95,2026-07-24 20:51,P3,Software & Applications,Installation,Portal,Enterprise,Business Apps,Sana Rahman,Closed,24,10.13,No,None,0,No,5,No,Access request,Access policy,North America
HD-260420-01020,2026-04-20 12:49,102,2026-04-20 22:53,P3,Software & Applications,Version issue,Chat,Mid-Market,Business Apps,Neha Thomas,Resolved,24,10.07,No,None,0,No,4,No,Incident,Unknown,North America
HD-260810-02292,2026-08-10 12:38,149,2026-08-11 08:24,P3,Account Provisioning,Role change,Chat,Mid-Market,Endpoint Ops,Vikram Patel,Resolved,24,19.77,No,None,0,No,3,No,Service request,Software defect,APAC
HD-260424-04312,2026-04-24 14:31,54,,P4,Printing & Peripherals,Peripheral setup,Chat,Internal,Service Desk L1,Neha Thomas,Pending,72,,No,None,0,No,,Yes,How-to,Software defect,EMEA
HD-260528-02097,2026-05-28 12:11,116,2026-05-28 18:42,P3,Cloud & SaaS,SSO,Portal,SMB,Business Apps,Imran Dar,Resolved,24,6.52,No,None,0,No,5,No,Incident,Hardware fault,APAC
HD-260428-02188,2026-04-28 17:14,12,2026-04-28 20:14,P1,Account Provisioning,Access package,Email,Enterprise,Service Desk L1,Karan Verma,Closed,4,3,No,None,0,No,4,No,Incident,User error,APAC
HD-260820-02168,2026-08-20 18:28,47,2026-08-21 04:16,P2,Hardware,Docking station,Chat,Enterprise,Service Desk L1,Imran Dar,Resolved,8,9.81,Yes,Dependency delay,0,No,4,Yes,Service request,Software defect,North America
HD-260615-04328,2026-06-15 10:00,111,2026-06-15 23:19,P3,Network,Switch port,Portal,Mid-Market,Network Ops,Zoya Hussain,Resolved,24,13.32,No,None,0,No,3,No,Service request,Software defect,APAC
HD-260325-02379,2026-03-25 09:11,33,,P2,Software & Applications,License,Email,Mid-Market,Business Apps,Imran Dar,Open,8,,No,None,1,Yes,,No,Incident,User error,EMEA
HD-260410-01984,2026-04-10 16:44,121,,P3,Performance,Disk space,Phone,Internal,Identity & Access,Nadia Ali,Pending,24,,No,None,1,No,,No,Service request,Configuration,North America
HD-260521-03813,2026-05-21 10:12,12,2026-05-21 18:53,P3,Network,Wi-Fi,Email,Mid-Market,Network Ops,Farah Latif,Closed,24,8.69,No,None,0,No,3,No,Access request,User error,APAC
HD-260413-01252,2026-04-13 10:32,268,2026-04-14 09:53,P4,Telephony,Softphone,Portal,Mid-Market,Service Desk L2,Vikram Patel,Closed,72,23.36,No,None,1,No,,No,Access request,Configuration,North America
HD-260610-01200,2026-06-10 10:36,69,2026-06-10 16:06,P3,Hardware,Monitor,Phone,Enterprise,Service Desk L2,Arjun Bhat,Resolved,24,5.5,No,None,0,No,5,No,Performance issue,Network condition,APAC
HD-260617-01609,2026-06-17 16:08,318,2026-06-18 07:59,P4,Printing & Peripherals,Print queue,Portal,SMB,Endpoint Ops,Vikram Patel,Closed,72,15.86,No,None,0,No,5,No,Access request,Network condition,APAC
HD-260514-01514,2026-05-14 17:29,55,2026-05-16 23:22,P4,Network,Switch port,Email,SMB,Network Ops,Arjun Bhat,Closed,72,53.89,No,None,0,No,,No,Incident,Hardware fault,North America
HD-260413-01797,2026-04-13 15:15,307,2026-04-14 23:01,P4,Cloud & SaaS,Application outage,Email,Internal,Business Apps,Priya Shah,Resolved,72,31.78,No,None,1,No,3,Yes,Service request,Software defect,North America
HD-260611-02019,2026-06-11 11:25,254,2026-06-13 04:52,P4,Account Provisioning,Offboarding,Phone,Enterprise,Endpoint Ops,Sana Rahman,Resolved,72,41.46,No,None,1,No,4,No,Incident,Capacity,EMEA
HD-260611-03495,2026-06-11 14:55,95,2026-06-13 00:10,P4,Printing & Peripherals,Print queue,Email,Enterprise,Business Apps,Neha Thomas,Closed,72,33.26,No,None,0,No,3,No,Incident,Capacity,North America
HD-260410-03001,2026-04-10 12:53,151,2026-04-11 04:54,P3,Endpoint Security,Malware check,Portal,SMB,Endpoint Ops,Neha Thomas,Resolved,24,16.03,No,None,0,No,3,No,Service request,Unknown,North America
HD-260707-03912,2026-07-07 13:38,157,2026-07-08 03:14,P3,Printing & Peripherals,Scanner,Chat,Internal,Service Desk L1,Imran Dar,Closed,24,13.61,No,None,0,No,4,No,Incident,Software defect,North America
HD-260623-01381,2026-06-23 17:54,31,2026-06-24 16:30,P3,Account Provisioning,New starter,Email,SMB,Identity & Access,Adil Mir,Resolved,24,22.61,No,None,0,No,3,No,Incident,User error,North America
HD-260327-03533,2026-03-27 21:38,115,2026-03-28 06:22,P3,Email & Collaboration,Distribution list,Portal,Enterprise,Business Apps,Karan Verma,Closed,24,8.74,No,None,2,No,3,No,Service request,User error,EMEA
HD-260530-03280,2026-05-30 16:09,147,2026-05-31 03:03,P3,Network,DNS/DHCP,Chat,Internal,Network Ops,Deepak Nair,Resolved,24,10.9,No,None,2,No,5,No,How-to,Hardware fault,EMEA
HD-260608-03369,2026-06-08 11:05,55,2026-06-10 23:41,P4,Printing & Peripherals,Printer offline,Email,Enterprise,Service Desk L1,Priya Shah,Resolved,72,60.6,No,None,0,No,,Yes,Incident,Network condition,North America
HD-260426-02446,2026-04-26 12:56,121,,P4,Telephony,Headset,Portal,Enterprise,Service Desk L2,Vikram Patel,Pending,72,,No,None,1,No,,No,Service request,Software defect,EMEA
HD-260824-04300,2026-08-24 15:42,234,2026-08-25 12:15,P4,Cloud & SaaS,Subscription,Email,Enterprise,Business Apps,Sana Rahman,Closed,72,20.55,No,None,0,No,3,No,Performance issue,Software defect,EMEA
HD-260622-02363,2026-06-22 13:30,98,2026-06-22 19:10,P3,Email & Collaboration,Mailbox,Portal,Mid-Market,Service Desk L2,Sana Rahman,Closed,24,5.67,No,None,0,No,3,No,How-to,User error,APAC
HD-260609-04515,2026-06-09 09:25,58,2026-06-09 23:31,P3,Printing & Peripherals,Printer offline,Email,Mid-Market,Service Desk L1,Neha Thomas,Closed,24,14.11,No,None,0,No,3,No,Incident,Software defect,EMEA
HD-260310-03936,2026-03-10 09:42,222,2026-03-11 23:30,P4,Cloud & SaaS,Application outage,Phone,Mid-Market,Service Desk L1,Imran Dar,Resolved,72,37.8,No,None,0,No,3,No,Incident,Access policy,APAC
HD-260401-03012,2026-04-01 10:48,44,2026-04-01 19:24,P3,Access & Identity,Permission request,Email,Mid-Market,Identity & Access,Nadia Ali,Resolved,24,8.61,No,None,2,No,3,No,Service request,Hardware fault,APAC
HD-260521-01811,2026-05-21 10:22,95,2026-05-22 22:29,P4,Hardware,Keyboard/Mouse,Phone,Mid-Market,Service Desk L1,Neha Thomas,Resolved,72,36.13,No,None,0,Yes,,No,Access request,User error,North America
HD-260511-02893,2026-05-11 14:12,110,2026-05-11 21:52,P3,Endpoint Security,EDR alert,Phone,SMB,Identity & Access,Nadia Ali,Closed,24,7.67,No,None,1,No,4,No,Access request,Software defect,APAC
HD-260515-01046,2026-05-15 17:08,139,2026-05-15 22:29,P3,Network,LAN connectivity,Portal,Mid-Market,Network Ops,Farah Latif,Resolved,24,5.36,No,None,0,No,4,No,Access request,User error,EMEA
HD-260619-02230,2026-06-19 18:07,97,2026-06-20 21:46,P4,Email & Collaboration,Mailbox,Chat,SMB,Identity & Access,Adil Mir,Closed,72,27.65,No,None,0,No,4,No,How-to,Network condition,EMEA
HD-260306-01874,2026-03-06 10:09,28,,P3,Cloud & SaaS,SSO,Portal,SMB,Business Apps,Sana Rahman,Open,24,,No,None,1,No,,No,Service request,Access policy,North America
HD-260622-02183,2026-06-22 12:48,53,2026-06-22 15:03,P2,Performance,Disk space,Email,Internal,Service Desk L2,Vikram Patel,Closed,8,2.26,No,None,0,No,,No,Service request,Hardware fault,North America
HD-260406-02452,2026-04-06 10:37,12,2026-04-06 20:32,P2,Telephony,Call quality,Email,Mid-Market,Network Ops,Farah Latif,Resolved,8,9.93,Yes,High queue volume,1,No,3,No,Access request,Software defect,North America
HD-260810-01934,2026-08-10 12:26,69,2026-08-10 19:08,P3,VPN & Remote Access,Split tunnel,Phone,Mid-Market,Network Ops,Farah Latif,Resolved,24,6.7,No,None,0,No,4,No,Service request,Configuration,APAC
HD-260306-02297,2026-03-06 12:14,49,2026-03-08 20:06,P4,Cloud & SaaS,Application outage,Phone,Mid-Market,Service Desk L1,Priya Shah,Resolved,72,55.88,No,None,0,No,2,No,Service request,Configuration,North America
HD-260305-04431,2026-03-05 17:22,126,2026-03-05 22:41,P3,Email & Collaboration,Distribution list,Email,Mid-Market,Business Apps,Imran Dar,Closed,24,5.33,No,None,0,No,4,No,Incident,User error,APAC
HD-260318-02315,2026-03-18 08:31,16,2026-03-19 04:17,P3,Software & Applications,Application error,Chat,Enterprise,Service Desk L1,,Resolved,24,19.77,No,None,0,No,3,No,Incident,Capacity,North America
HD-260730-03132,2026-07-30 11:43,46,2026-07-30 14:10,P2,Telephony,Softphone,Chat,Enterprise,Service Desk L2,Meera Joseph,Resolved,8,2.45,No,None,0,No,4,No,Incident,Network condition,EMEA
HD-260803-03306,2026-08-03 16:52,24,2026-08-03 19:14,P2,Software & Applications,Application error,Chat,Internal,Business Apps,Priya Shah,Resolved,8,2.37,No,None,0,No,5,No,Incident,Capacity,EMEA
HD-260702-02642,2026-07-02 16:23,17,2026-07-02 18:48,P2,Performance,High memory,Chat,SMB,Identity & Access,Farah Latif,Closed,8,2.43,No,None,2,Yes,4,No,Service request,Network condition,North America
HD-260413-01398,2026-04-13 18:43,66,2026-04-15 18:33,P4,Telephony,Softphone,Email,Internal,Service Desk L2,Vikram Patel,Resolved,72,47.84,No,None,0,No,2,No,Service request,Software defect,EMEA
HD-260714-03845,2026-07-14 15:36,64,2026-07-15 15:13,P3,Account Provisioning,Role change,Portal,Internal,Identity & Access,Deepak Nair,Resolved,24,23.63,No,None,0,No,4,No,Performance issue,Vendor issue,North America
HD-260616-03761,2026-06-16 16:30,159,2026-06-19 09:36,P4,Telephony,Softphone,Email,Mid-Market,Service Desk L2,Vikram Patel,Resolved,72,65.1,No,None,0,No,3,No,Incident,Configuration,APAC
HD-260618-03386,2026-06-18 15:31,142,2026-06-19 01:32,P3,Performance,High CPU,Email,Enterprise,Service Desk L1,Priya Shah,Resolved,24,10.03,No,None,1,No,3,No,Service request,User error,EMEA
HD-260604-04504,2026-06-04 17:40,172,2026-06-05 10:08,P3,Printing & Peripherals,Peripheral setup,Phone,SMB,Service Desk L2,Meera Joseph,Closed,24,16.47,No,None,0,No,3,No,Performance issue,Software defect,APAC
HD-260501-02825,2026-05-01 09:46,35,,P2,Endpoint Security,Security policy,Email,Enterprise,Endpoint Ops,Karan Verma,Pending,8,,No,None,1,No,,Yes,Incident,Software defect,North America
HD-260831-01577,2026-08-31 11:23,110,,P3,Hardware,Monitor,Chat,Mid-Market,Network Ops,Deepak Nair,Pending,24,,No,None,0,No,,No,Access request,Unknown,APAC
HD-260703-04355,2026-07-03 13:07,162,2026-07-05 12:26,P4,Printing & Peripherals,Printer offline,Portal,Mid-Market,Service Desk L2,Vikram Patel,Resolved,72,47.33,No,None,0,No,2,No,Incident,Software defect,North America
HD-260415-01368,2026-04-15 14:43,22,2026-04-16 04:16,P3,Software & Applications,Installation,Portal,Mid-Market,Service Desk L2,Vikram Patel,Resolved,24,13.56,No,None,1,No,5,No,Access request,User error,EMEA
HD-260429-01100,2026-04-29 16:57,18,2026-04-29 22:14,P3,Email & Collaboration,Mailbox,Portal,Mid-Market,Service Desk L1,Priya Shah,Resolved,24,5.29,No,None,0,No,3,No,Service request,Configuration,North America
HD-260807-02227,2026-08-07 11:17,13,2026-08-07 17:14,P3,Email & Collaboration,Calendar,Email,SMB,Endpoint Ops,Karan Verma,Resolved,24,5.95,No,None,1,No,4,No,Access request,Access policy,APAC
HD-260414-01919,2026-04-14 21:25,132,2026-04-15 17:39,P3,Performance,Slow device,Chat,Enterprise,Service Desk L1,Karan Verma,Resolved,24,20.24,No,None,3,No,,Yes,Incident,Configuration,EMEA
HD-260511-01697,2026-05-11 12:05,17,2026-05-11 13:42,P1,Cloud & SaaS,Integration,Portal,SMB,Service Desk L1,Aisha Khan,Closed,4,1.62,No,None,1,No,5,No,Incident,Configuration,APAC
HD-260313-02431,2026-03-13 12:18,52,2026-03-13 20:33,P3,VPN & Remote Access,VPN disconnect,Chat,Internal,Network Ops,Deepak Nair,Resolved,24,8.25,No,None,0,Yes,5,No,Incident,Network condition,EMEA
HD-260417-01131,2026-04-17 17:04,195,2026-04-18 07:35,P4,Software & Applications,Application error,Portal,Mid-Market,Business Apps,Imran Dar,Resolved,72,14.53,No,None,0,Yes,,No,Service request,User error,APAC
HD-260808-01964,2026-08-08 10:54,86,,P3,Network,Wi-Fi,Email,Enterprise,Network Ops,Arjun Bhat,Pending,24,,No,None,1,No,,No,Service request,Capacity,North America
HD-260504-02441,2026-05-04 15:45,40,2026-05-04 23:12,P3,Account Provisioning,New starter,Portal,SMB,Service Desk L1,Neha Thomas,Resolved,24,7.45,No,None,0,Yes,4,No,Incident,Configuration,APAC
HD-260310-01835,2026-03-10 16:55,189,,P4,Hardware,Laptop,Portal,Internal,Service Desk L1,Rohan Mehta,Open,72,,No,None,0,No,,No,Incident,Network condition,North America
HD-260302-03898,2026-03-02 12:52,55,2026-03-03 12:56,P3,Performance,High memory,Phone,SMB,Service Desk L1,Karan Verma,Closed,24,24.08,Yes,Complex investigation,0,No,4,No,Incident,Access policy,APAC
HD-260702-02360,2026-07-02 09:52,43,2026-07-02 18:00,P2,Email & Collaboration,Teams/Meetings,Email,SMB,Service Desk L1,Aisha Khan,Resolved,8,8.14,Yes,High queue volume,0,Yes,,No,Access request,Access policy,EMEA
HD-260717-04440,2026-07-17 19:33,157,2026-07-18 13:55,P3,Access & Identity,Account locked,Chat,Internal,Service Desk L1,Imran Dar,Resolved,24,18.37,No,None,0,No,2,No,Incident,Access policy,EMEA
HD-260409-04435,2026-04-09 14:15,78,2026-04-10 12:25,P3,Printing & Peripherals,Printer offline,Phone,Internal,Service Desk L1,Rohan Mehta,Resolved,24,22.18,No,None,0,No,4,No,Service request,User error,North America
HD-260305-02423,2026-03-05 11:01,31,2026-03-06 05:55,P4,Hardware,Keyboard/Mouse,Email,Enterprise,Business Apps,Sana Rahman,Closed,72,18.91,No,None,0,No,3,Yes,Access request,Hardware fault,EMEA
HD-260326-02890,2026-03-26 18:45,38,2026-03-27 09:21,P3,Endpoint Security,Malware check,Chat,Mid-Market,Service Desk L1,Aisha Khan,Resolved,24,14.6,No,None,2,No,4,No,Incident,Software defect,EMEA
HD-260515-02229,2026-05-15 16:10,334,2026-05-16 14:31,P4,Access & Identity,MFA issue,Email,SMB,Identity & Access,Adil Mir,Closed,72,22.36,No,None,0,Yes,,No,Access request,Network condition,EMEA
HD-260421-01308,2026-04-21 14:07,117,2026-04-22 06:22,P3,Hardware,Keyboard/Mouse,Phone,Enterprise,Network Ops,Arjun Bhat,Closed,24,16.25,No,None,1,No,,No,Incident,Access policy,North America
HD-260718-04599,2026-07-18 10:51,32,2026-07-18 13:04,P2,Account Provisioning,Offboarding,Portal,Enterprise,Service Desk L1,Karan Verma,Resolved,8,2.23,No,None,1,No,3,No,Performance issue,Configuration,EMEA
HD-260727-01979,2026-07-27 10:43,34,2026-07-27 14:25,P2,Software & Applications,Application error,Chat,Mid-Market,Service Desk L2,Arjun Bhat,Resolved,8,3.71,No,None,0,No,3,No,Access request,Software defect,EMEA
HD-260605-03465,2026-06-05 11:48,112,2026-06-06 11:59,P3,Network,Wi-Fi,Email,Mid-Market,Network Ops,Deepak Nair,Closed,24,24.19,Yes,Vendor response,2,No,4,No,Incident,Unknown,EMEA
HD-260402-01655,2026-04-02 18:42,82,2026-04-03 11:25,P3,Account Provisioning,Offboarding,Email,Mid-Market,Identity & Access,Farah Latif,Resolved,24,16.73,No,None,0,No,3,No,Service request,Network condition,EMEA
HD-260701-03340,2026-07-01 13:51,146,2026-07-01 20:02,P3,Cloud & SaaS,Integration,Phone,SMB,Business Apps,Sana Rahman,Resolved,24,6.19,No,None,2,No,3,No,Performance issue,Hardware fault,North America
HD-260414-03931,2026-04-14 14:55,25,2026-04-14 22:04,P3,Network,LAN connectivity,Phone,Enterprise,Network Ops,Arjun Bhat,Resolved,24,7.15,No,None,1,No,5,Yes,Incident,User error,North America
HD-260611-04459,2026-06-11 09:45,45,2026-06-13 19:50,P4,Network,LAN connectivity,Phone,Mid-Market,Network Ops,Deepak Nair,Resolved,72,58.09,No,None,0,No,3,No,Service request,Unknown,North America
HD-260324-04353,2026-03-24 13:38,180,2026-03-25 16:36,P4,Account Provisioning,Offboarding,Phone,Mid-Market,Identity & Access,Adil Mir,Resolved,72,26.98,No,None,0,No,4,No,Incident,Access policy,APAC
HD-260515-04327,2026-05-15 16:36,243,2026-05-16 09:48,P4,Account Provisioning,New starter,Portal,Mid-Market,Identity & Access,Nadia Ali,Closed,72,17.21,No,None,0,No,5,No,Service request,Hardware fault,North America
HD-260513-01778,2026-05-13 10:08,214,2026-05-14 18:36,P4,Printing & Peripherals,Peripheral setup,Email,Mid-Market,Business Apps,Sana Rahman,Closed,72,32.47,No,None,0,No,,No,Incident,Access policy,EMEA
HD-260709-04289,2026-07-09 10:29,71,2026-07-10 13:36,P4,VPN & Remote Access,Remote desktop,Portal,Mid-Market,Network Ops,Arjun Bhat,Closed,72,27.12,No,None,0,No,4,No,Incident,Configuration,EMEA
HD-260522-04324,2026-05-22 13:14,162,2026-05-24 05:48,P4,Telephony,Call quality,Email,Enterprise,Service Desk L2,Arjun Bhat,Closed,72,40.57,No,None,1,No,3,No,Incident,Network condition,North America
HD-260519-02603,2026-05-19 13:18,31,2026-05-19 21:18,P3,Hardware,Keyboard/Mouse,Portal,SMB,Identity & Access,Deepak Nair,Resolved,24,8.01,No,None,1,No,5,No,Incident,Configuration,EMEA
HD-260508-04097,2026-05-08 12:39,63,2026-05-09 08:05,P3,Performance,High CPU,Chat,Enterprise,Network Ops,Zoya Hussain,Closed,24,19.44,No,None,0,No,4,No,Service request,User error,EMEA
HD-260302-01754,2026-03-02 14:59,84,2026-03-03 06:08,P3,VPN & Remote Access,Split tunnel,Chat,Internal,Network Ops,Farah Latif,Closed,24,15.16,No,None,0,No,2,No,Service request,Hardware fault,North America
HD-260717-03542,2026-07-17 10:49,151,,P3,Software & Applications,Version issue,Portal,SMB,Business Apps,Priya Shah,Pending,24,,No,None,0,No,,No,Incident,Hardware fault,APAC
HD-260828-02333,2026-08-28 10:10,308,2026-08-29 09:27,P4,Software & Applications,Version issue,Portal,Mid-Market,Business Apps,Neha Thomas,Resolved,72,23.29,No,None,0,No,5,Yes,Access request,Configuration,North America
HD-260316-03731,2026-03-16 14:54,34,2026-03-16 17:45,P2,Network,DNS/DHCP,Chat,Enterprise,Service Desk L2,Sana Rahman,Resolved,8,2.85,No,None,0,No,5,No,Incident,Hardware fault,North America
HD-260622-02067,2026-06-22 13:15,73,2026-06-22 22:51,P3,Access & Identity,Password reset,Phone,Enterprise,Identity & Access,Nadia Ali,Resolved,24,9.61,No,None,0,No,4,No,How-to,User error,North America
HD-260729-03622,2026-07-29 10:49,13,2026-07-29 19:34,P3,Performance,High CPU,Email,Internal,Network Ops,Deepak Nair,Closed,24,8.75,No,None,0,No,5,Yes,Service request,Software defect,EMEA
HD-260806-03842,2026-08-06 12:07,97,2026-08-07 00:31,P3,VPN & Remote Access,VPN login,Portal,Enterprise,Network Ops,Zoya Hussain,Closed,24,12.41,No,None,0,Yes,4,No,Incident,Access policy,APAC
HD-260814-02621,2026-08-14 19:48,23,2026-08-15 18:11,P3,Access & Identity,Permission request,Email,Enterprise,Service Desk L1,Rohan Mehta,Closed,24,22.39,No,None,0,Yes,,No,Service request,Hardware fault,APAC
HD-260706-04184,2026-07-06 13:46,77,,P3,Performance,High memory,Portal,Enterprise,Service Desk L1,Priya Shah,Open,24,,No,None,0,No,,Yes,How-to,Software defect,EMEA
HD-260624-04342,2026-06-24 12:57,308,2026-06-25 07:44,P4,VPN & Remote Access,VPN disconnect,Email,Enterprise,Service Desk L2,Arjun Bhat,Resolved,72,18.79,No,None,0,Yes,4,Yes,Incident,Hardware fault,EMEA
HD-260702-03362,2026-07-02 14:56,72,2026-07-03 00:39,P3,Performance,Slow device,Email,Enterprise,Endpoint Ops,Sana Rahman,Resolved,24,9.73,No,None,2,No,5,No,Incident,Unknown,EMEA
HD-260513-03879,2026-05-13 14:26,338,2026-05-15 03:25,P4,Telephony,Headset,Phone,Mid-Market,Service Desk L2,Meera Joseph,Closed,72,36.99,No,None,0,No,,No,Incident,Network condition,EMEA
HD-260417-04136,2026-04-17 14:26,43,2026-04-18 15:12,P4,Network,DNS/DHCP,Email,Enterprise,Network Ops,Arjun Bhat,Closed,72,24.78,No,None,0,No,5,Yes,Access request,Configuration,EMEA
HD-260403-03746,2026-04-03 08:15,253,2026-04-04 04:30,P4,Email & Collaboration,Teams/Meetings,Chat,Mid-Market,Identity & Access,Nadia Ali,Resolved,72,20.25,No,None,2,No,3,No,How-to,Network condition,EMEA
HD-260626-01533,2026-06-26 10:22,268,2026-06-28 10:09,P4,Performance,Disk space,Email,Internal,Service Desk L1,Neha Thomas,Resolved,72,47.79,No,None,0,No,4,No,Service request,Capacity,APAC
HD-260702-04243,2026-07-02 16:30,109,2026-07-03 12:55,P3,Email & Collaboration,Calendar,Chat,Enterprise,Identity & Access,Deepak Nair,Resolved,24,20.43,No,None,0,No,3,No,Service request,Unknown,APAC
HD-260709-02008,2026-07-09 10:37,122,2026-07-09 16:58,P3,Network,LAN connectivity,Email,Mid-Market,Network Ops,Arjun Bhat,Resolved,24,6.35,No,None,1,No,4,No,Service request,Unknown,EMEA
HD-260417-03268,2026-04-17 19:55,35,2026-04-18 22:13,P4,VPN & Remote Access,Remote desktop,Email,Mid-Market,Service Desk L2,Meera Joseph,Resolved,72,26.31,No,None,0,No,4,No,Incident,Configuration,EMEA
HD-260601-01065,2026-06-01 14:19,131,2026-06-02 21:46,P4,Account Provisioning,New starter,Portal,Enterprise,Identity & Access,Zoya Hussain,Resolved,72,31.46,No,None,1,No,4,No,Incident,Configuration,North America
HD-260326-01747,2026-03-26 19:48,22,2026-03-27 05:47,P3,Email & Collaboration,Teams/Meetings,Portal,SMB,Identity & Access,Deepak Nair,Closed,24,9.99,No,None,0,No,3,No,Service request,Configuration,North America
HD-260506-03258,2026-05-06 13:38,51,2026-05-07 05:59,P3,Email & Collaboration,Distribution list,Email,Mid-Market,Network Ops,Arjun Bhat,Resolved,24,16.36,No,None,0,No,2,No,Incident,Unknown,North America
HD-260710-03079,2026-07-10 16:13,77,2026-07-11 00:51,P3,Access & Identity,MFA issue,Phone,Enterprise,Identity & Access,Nadia Ali,Resolved,24,8.64,No,None,0,No,4,No,Incident,Network condition,EMEA
HD-260701-01455,2026-07-01 13:05,109,,P3,Printing & Peripherals,Peripheral setup,Portal,SMB,Service Desk L1,Neha Thomas,Pending,24,,No,None,1,No,,No,Access request,Network condition,APAC
HD-260311-04006,2026-03-11 16:52,156,2026-03-12 07:38,P4,Endpoint Security,Security policy,Email,Mid-Market,Identity & Access,Farah Latif,Closed,72,14.77,No,None,0,No,4,No,Service request,Configuration,EMEA
HD-260328-04586,2026-03-28 09:29,50,2026-03-28 11:45,P2,Printing & Peripherals,Printer offline,Email,Mid-Market,Endpoint Ops,Sana Rahman,Closed,8,2.27,No,None,1,No,4,No,Service request,User error,EMEA
HD-260714-01119,2026-07-14 09:47,204,2026-07-15 05:40,P4,Telephony,Call quality,Chat,Internal,Service Desk L2,Sana Rahman,Closed,72,19.89,No,None,0,No,5,No,Incident,Vendor issue,North America
HD-260619-03067,2026-06-19 17:31,201,2026-06-20 10:58,P4,Cloud & SaaS,Application outage,Portal,Internal,Business Apps,Karan Verma,Resolved,72,17.45,No,None,0,No,4,No,Performance issue,Configuration,North America
HD-260316-04486,2026-03-16 12:07,296,2026-03-17 20:29,P4,,VPN disconnect,Portal,Enterprise,Network Ops,Zoya Hussain,Closed,72,32.38,No,None,0,No,3,No,Service request,Configuration,North America
HD-260330-02028,2026-03-30 15:52,35,2026-03-31 02:05,P3,Network,Switch port,Email,Mid-Market,Network Ops,Arjun Bhat,Resolved,24,10.23,No,None,1,No,5,No,Incident,Capacity,North America
HD-260327-04434,2026-03-27 18:24,68,2026-03-28 19:39,P3,Email & Collaboration,Calendar,Email,Enterprise,Endpoint Ops,Neha Thomas,Resolved,24,25.25,Yes,High queue volume,0,No,4,No,Access request,Hardware fault,APAC
HD-260507-04207,2026-05-07 08:40,145,2026-05-08 22:18,P4,Cloud & SaaS,SSO,Chat,Mid-Market,Service Desk L2,Arjun Bhat,Resolved,72,37.64,No,None,1,No,3,No,Service request,Hardware fault,APAC
HD-260604-04057,2026-06-04 13:47,60,,P2,Printing & Peripherals,Scanner,Portal,Enterprise,Service Desk L2,Meera Joseph,Pending,8,,No,None,1,No,,No,Incident,Hardware fault,EMEA
HD-260303-03312,2026-03-03 16:39,137,2026-03-04 02:30,P3,Telephony,Headset,Chat,Enterprise,Service Desk L2,Vikram Patel,Closed,24,9.85,No,None,0,No,,No,Access request,Software defect,APAC
HD-260320-04301,2026-03-20 16:38,15,2026-03-21 03:21,P3,Hardware,Laptop,Portal,Enterprise,Service Desk L1,Imran Dar,Resolved,24,10.72,No,None,1,No,4,No,Incident,Configuration,EMEA
HD-260521-03568,2026-05-21 13:59,139,2026-05-21 20:38,P3,Network,Wi-Fi,Chat,SMB,Network Ops,Farah Latif,Resolved,24,6.66,No,None,0,No,4,No,Access request,Unknown,APAC
HD-260326-03803,2026-03-26 12:10,54,2026-03-26 21:23,P2,VPN & Remote Access,Remote desktop,Portal,Enterprise,Network Ops,Zoya Hussain,Resolved,8,9.22,Yes,After-hours coverage,0,No,,Yes,Incident,Configuration,North America
HD-260716-01589,2026-07-16 10:55,180,2026-07-18 02:43,P4,Performance,High memory,Email,Mid-Market,Service Desk L2,Sana Rahman,Closed,72,39.81,No,None,0,No,4,No,Service request,Software defect,EMEA
HD-260507-03448,2026-05-07 11:12,125,2026-05-08 23:21,P4,Email & Collaboration,Mailbox,Chat,SMB,Service Desk L2,Sana Rahman,Closed,72,36.15,No,None,0,No,5,No,Service request,Software defect,EMEA
HD-260612-02187,2026-06-12 15:44,18,,P3,Network,LAN connectivity,Email,Mid-Market,Network Ops,Deepak Nair,Open,24,,No,None,0,No,,Yes,How-to,Software defect,APAC
HD-260527-04446,2026-05-27 14:13,113,2026-05-28 03:24,P3,Cloud & SaaS,Subscription,Portal,Mid-Market,Business Apps,Karan Verma,Resolved,24,13.19,No,None,1,No,4,No,Incident,Configuration,North America
HD-260614-01574,2026-06-14 16:15,18,2026-06-14 20:38,P2,Access & Identity,Permission request,Phone,SMB,Identity & Access,Adil Mir,Closed,8,4.39,No,None,0,No,5,No,Access request,Access policy,EMEA
HD-260422-01880,2026-04-22 14:51,89,2026-04-23 00:52,P3,Performance,Disk space,Email,Internal,Service Desk L1,Rohan Mehta,Resolved,24,10.03,No,None,0,Yes,3,Yes,Service request,Configuration,North America
HD-260403-02027,2026-04-03 10:36,252,2026-04-05 07:58,P4,Account Provisioning,Role change,Chat,Mid-Market,Service Desk L1,Neha Thomas,Resolved,72,45.37,No,None,0,No,3,No,Performance issue,User error,North America
HD-260429-03927,2026-04-29 11:32,80,2026-04-29 20:56,P3,Cloud & SaaS,Subscription,Portal,Enterprise,Business Apps,Neha Thomas,Resolved,24,9.4,No,None,2,No,,No,Incident,Hardware fault,EMEA
HD-260325-04198,2026-03-25 11:04,17,2026-03-25 15:39,P1,Hardware,Keyboard/Mouse,Chat,Enterprise,Service Desk L1,Aisha Khan,Resolved,4,4.59,Yes,Escalation delay,0,No,3,No,Access request,Hardware fault,APAC
HD-260319-03847,2026-03-19 12:36,282,2026-03-20 06:28,P4,Software & Applications,Version issue,Email,Enterprise,Business Apps,Imran Dar,Closed,72,17.88,No,None,0,No,4,No,Incident,Network condition,North America
HD-260410-01058,2026-04-10 13:11,347,2026-04-13 02:08,P4,Printing & Peripherals,Printer offline,Phone,Mid-Market,Service Desk L1,Neha Thomas,Resolved,72,60.96,No,None,0,No,2,No,Performance issue,Network condition,APAC
HD-260430-03893,2026-04-30 13:53,153,2026-04-30 19:56,P3,Printing & Peripherals,Scanner,Email,Mid-Market,Business Apps,Imran Dar,Resolved,24,6.05,No,None,2,No,5,No,Access request,Configuration,EMEA
HD-260417-04581,2026-04-17 14:50,128,2026-04-17 23:38,P3,Endpoint Security,EDR alert,Portal,Mid-Market,Endpoint Ops,Sana Rahman,Closed,24,8.8,No,None,0,No,,No,Service request,Access policy,EMEA
HD-260415-02737,2026-04-15 16:28,253,2026-04-16 06:45,P4,Software & Applications,Installation,Email,Mid-Market,Service Desk L2,Sana Rahman,Closed,72,14.29,No,None,1,No,,No,Access request,Vendor issue,EMEA
HD-260518-01137,2026-05-18 15:59,102,2026-05-18 21:24,P3,Performance,High CPU,Portal,SMB,Service Desk L1,Imran Dar,Resolved,24,5.42,No,None,0,No,4,No,Service request,Configuration,APAC
HD-260410-02701,2026-04-10 15:14,156,2026-04-10 21:03,P3,Cloud & SaaS,Application outage,Portal,Mid-Market,Business Apps,Sana Rahman,Closed,24,5.83,No,None,0,No,3,No,Access request,Network condition,EMEA
HD-260312-04307,2026-03-12 13:11,129,,P3,Account Provisioning,New starter,Portal,Internal,Service Desk L1,Neha Thomas,Pending,24,,No,None,0,No,,No,Service request,Software defect,APAC
HD-260622-03351,2026-06-22 10:23,37,2026-06-22 17:20,P2,Cloud & SaaS,SSO,Email,Mid-Market,Service Desk L2,Arjun Bhat,Resolved,8,6.95,No,None,0,No,4,No,How-to,Network condition,North America
HD-260819-03191,2026-08-19 10:19,89,2026-08-20 06:36,P3,Endpoint Security,Device compliance,Portal,Mid-Market,Identity & Access,Deepak Nair,Resolved,24,20.29,No,None,2,No,4,No,Incident,Software defect,APAC
HD-260410-02721,2026-04-10 10:28,37,2026-04-11 08:49,P3,Network,Wi-Fi,Email,SMB,Service Desk L2,Meera Joseph,Closed,24,22.36,No,None,0,No,4,No,How-to,Vendor issue,North America
HD-260610-03123,2026-06-10 14:34,109,2026-06-11 02:04,P3,Endpoint Security,Device compliance,Portal,Mid-Market,Service Desk L1,Imran Dar,Resolved,24,11.5,No,None,2,No,3,No,Access request,Configuration,North America
HD-260708-02635,2026-07-08 16:08,324,2026-07-09 14:48,P4,Endpoint Security,Malware check,Phone,Enterprise,Endpoint Ops,Sana Rahman,Closed,72,22.68,No,None,1,No,3,No,Incident,Software defect,APAC
HD-260811-02037,2026-08-11 13:34,143,2026-08-13 08:58,P4,Printing & Peripherals,Peripheral setup,Chat,Mid-Market,Network Ops,Farah Latif,Resolved,72,43.41,No,None,0,No,2,No,Access request,Network condition,EMEA
HD-260310-03407,2026-03-10 14:43,143,2026-03-10 20:47,P3,Network,Wi-Fi,Portal,Internal,Network Ops,Arjun Bhat,Resolved,24,6.07,No,None,0,No,5,No,Incident,Vendor issue,EMEA
HD-260623-02252,2026-06-23 13:32,126,2026-06-23 21:25,P3,Network,LAN connectivity,Phone,SMB,Network Ops,Farah Latif,Closed,24,7.89,No,None,0,No,4,No,Service request,Unknown,EMEA
HD-260610-02753,2026-06-10 13:55,130,2026-06-10 20:14,P3,Hardware,Docking station,Portal,Internal,Network Ops,Farah Latif,Resolved,24,6.32,No,None,0,No,4,No,Access request,User error,North America
HD-260317-01120,2026-03-17 12:47,129,,P3,Access & Identity,Password reset,Portal,Enterprise,Identity & Access,Zoya Hussain,Open,24,,No,None,0,No,,No,Service request,Network condition,North America
HD-260326-03374,2026-03-26 09:21,176,2026-03-26 14:58,P3,Printing & Peripherals,Printer offline,Portal,Enterprise,Service Desk L1,Imran Dar,Resolved,24,5.63,No,None,0,No,,Yes,Service request,User error,EMEA
HD-260318-01362,2026-03-18 12:03,49,2026-03-18 14:28,P2,VPN & Remote Access,Split tunnel,Portal,Mid-Market,Network Ops,Arjun Bhat,Resolved,8,2.42,No,None,0,Yes,5,No,Incident,Hardware fault,North America
HD-260806-04477,2026-08-06 16:10,43,2026-08-08 05:59,P4,Access & Identity,MFA issue,Chat,SMB,Identity & Access,,Resolved,72,37.83,No,None,0,No,5,Yes,Service request,Hardware fault,North America
HD-260721-02775,2026-07-21 16:41,113,2026-07-22 00:35,P3,Network,DNS/DHCP,Portal,Enterprise,Service Desk L2,Arjun Bhat,Resolved,24,7.91,No,None,0,No,3,No,Incident,User error,North America
HD-260729-03584,2026-07-29 13:40,304,2026-07-31 13:45,P4,Printing & Peripherals,Peripheral setup,Chat,Mid-Market,Service Desk L2,Meera Joseph,Resolved,72,48.09,No,None,0,No,3,No,Incident,User error,EMEA
HD-260811-04083,2026-08-11 09:53,172,2026-08-12 04:01,P4,Performance,High CPU,Portal,Mid-Market,Service Desk L1,Karan Verma,Resolved,72,18.14,No,None,0,Yes,4,No,How-to,Software defect,North America
HD-260803-02461,2026-08-03 15:55,166,,P3,Performance,High memory,Phone,SMB,Service Desk L2,Meera Joseph,Open,24,,No,None,0,Yes,,No,Incident,User error,APAC
HD-260703-01227,2026-07-03 16:22,52,2026-07-04 17:37,P3,Software & Applications,Version issue,Email,Mid-Market,Business Apps,Priya Shah,Resolved,24,25.25,Yes,Escalation delay,3,No,,No,Incident,Capacity,EMEA
HD-260819-02953,2026-08-19 14:21,168,2026-08-20 03:09,P3,Printing & Peripherals,Scanner,Portal,SMB,Service Desk L1,Priya Shah,Resolved,24,12.8,No,None,0,No,4,No,Service request,User error,North America
HD-260829-01356,2026-08-29 08:54,109,2026-08-30 00:07,P4,Network,LAN connectivity,Email,Mid-Market,Network Ops,Farah Latif,Closed,72,15.22,No,None,0,No,3,No,Incident,Network condition,North America
HD-260522-02142,2026-05-22 09:13,10,2026-05-22 11:48,P2,Email & Collaboration,Teams/Meetings,Email,Enterprise,Service Desk L2,Meera Joseph,Resolved,8,2.59,No,None,0,No,5,No,Access request,User error,APAC
HD-260406-02666,2026-04-06 15:04,68,2026-04-06 20:21,P3,Telephony,Softphone,Portal,SMB,Service Desk L2,Sana Rahman,Resolved,24,5.29,No,None,0,No,5,No,Service request,User error,EMEA
HD-260312-01004,2026-03-12 13:26,27,2026-03-14 05:15,P4,Cloud & SaaS,Application outage,Chat,Enterprise,Business Apps,Sana Rahman,Resolved,72,39.82,No,None,0,No,4,No,Service request,User error,North America
HD-260417-02658,2026-04-17 10:29,29,2026-04-18 07:33,P3,Hardware,Monitor,Phone,Enterprise,Business Apps,Imran Dar,Closed,24,21.07,No,None,0,Yes,3,No,Service request,User error,EMEA
HD-260814-02281,2026-08-14 13:24,44,2026-08-15 02:50,P3,Account Provisioning,Access package,Portal,SMB,Endpoint Ops,Vikram Patel,Resolved,24,13.44,No,None,0,No,4,No,How-to,Software defect,APAC
HD-260430-01064,2026-04-30 14:52,113,2026-04-30 20:34,P3,Access & Identity,Account locked,Portal,Enterprise,Endpoint Ops,Neha Thomas,Closed,24,5.71,No,None,1,No,3,No,Incident,Unknown,EMEA
HD-260610-03934,2026-06-10 11:12,169,2026-06-10 22:36,P3,Performance,High memory,Email,Mid-Market,Service Desk L1,Imran Dar,Resolved,24,11.41,No,None,0,No,5,No,Incident,Hardware fault,North America
HD-260323-01888,2026-03-23 09:12,40,2026-03-24 23:06,P4,Network,LAN connectivity,Chat,Internal,Network Ops,Arjun Bhat,Resolved,72,37.91,No,None,0,No,,No,Incident,User error,EMEA
HD-260724-03710,2026-07-24 13:20,156,2026-07-25 08:37,P3,Performance,High CPU,Email,Enterprise,Service Desk L2,Sana Rahman,Resolved,24,19.29,No,None,0,No,4,No,Access request,Access policy,EMEA
HD-260418-02997,2026-04-18 12:00,70,2026-04-18 22:19,P3,Performance,Slow device,Email,Mid-Market,Service Desk L2,Meera Joseph,Resolved,24,10.32,No,None,2,No,4,No,Incident,User error,APAC
HD-260731-01332,2026-07-31 10:07,118,2026-08-01 03:07,P3,Software & Applications,Application error,Email,Enterprise,Business Apps,Priya Shah,Closed,24,17,No,None,0,No,3,No,Performance issue,Access policy,EMEA
HD-260317-03910,2026-03-17 12:35,60,2026-03-17 23:49,P3,Printing & Peripherals,Peripheral setup,Portal,Mid-Market,Identity & Access,Zoya Hussain,Resolved,24,11.24,No,None,0,Yes,3,No,Service request,Hardware fault,APAC
HD-260812-03211,2026-08-12 09:53,21,2026-08-12 12:09,P2,Printing & Peripherals,Scanner,Portal,Mid-Market,Network Ops,Zoya Hussain,Resolved,8,2.27,No,None,0,Yes,3,No,Incident,Network condition,North America
HD-260624-02764,2026-06-24 16:51,87,2026-06-25 12:25,P3,Printing & Peripherals,Printer offline,Chat,Internal,Business Apps,Imran Dar,Resolved,24,19.58,No,None,0,No,3,No,Incident,Software defect,North America
HD-260720-03377,2026-07-20 14:21,55,2026-07-21 03:42,P3,Email & Collaboration,Teams/Meetings,Chat,Enterprise,Network Ops,Zoya Hussain,Resolved,24,13.36,No,None,0,No,,No,Service request,Configuration,EMEA
HD-260630-02069,2026-06-30 11:29,148,2026-07-01 07:06,P3,Access & Identity,MFA issue,Portal,Enterprise,Identity & Access,Adil Mir,Resolved,24,19.63,No,None,1,No,3,No,How-to,Access policy,North America
HD-260617-01559,2026-06-17 14:57,69,2026-06-17 20:17,P3,Account Provisioning,Role change,Portal,Mid-Market,Identity & Access,Zoya Hussain,Resolved,24,5.34,No,None,2,No,4,No,Incident,Access policy,APAC
HD-260613-04462,2026-06-13 14:14,64,2026-06-13 16:41,P2,VPN & Remote Access,Split tunnel,Portal,Mid-Market,Network Ops,Zoya Hussain,Resolved,8,2.46,No,None,2,Yes,,No,Incident,Access policy,EMEA
HD-260831-03083,2026-08-31 11:38,48,2026-08-31 14:57,P2,Endpoint Security,Device compliance,Portal,Enterprise,Service Desk L1,Rohan Mehta,Resolved,8,3.33,No,None,0,No,4,No,Incident,Access policy,North America
HD-260629-04264,2026-06-29 16:27,141,2026-06-30 02:07,P3,Network,Wi-Fi,Portal,SMB,Network Ops,Farah Latif,Resolved,24,9.68,No,None,0,No,5,No,Access request,Hardware fault,APAC
HD-260518-04292,2026-05-18 11:31,87,2026-05-18 17:23,P3,VPN & Remote Access,VPN disconnect,Chat,Mid-Market,Network Ops,Zoya Hussain,Resolved,24,5.88,No,None,0,No,4,Yes,Service request,Hardware fault,APAC
HD-260309-01879,2026-03-09 08:48,117,2026-03-10 11:39,P4,Printing & Peripherals,Peripheral setup,Email,Mid-Market,Service Desk L1,Rohan Mehta,Resolved,72,26.85,No,None,0,No,,No,Incident,User error,EMEA
HD-260616-02508,2026-06-16 10:47,132,2026-06-16 20:02,P3,Telephony,Softphone,Email,Enterprise,Service Desk L2,Meera Joseph,Closed,24,9.25,No,None,0,No,5,No,Performance issue,User error,North America
HD-260807-01600,2026-08-07 13:47,64,2026-08-07 16:11,P2,Account Provisioning,New starter,Chat,Mid-Market,Identity & Access,Zoya Hussain,Closed,8,2.4,No,None,3,Yes,4,No,Incident,Configuration,North America
HD-260619-04008,2026-06-19 16:25,49,,P4,Printing & Peripherals,Print queue,Phone,Enterprise,Endpoint Ops,Sana Rahman,Pending,72,,No,None,1,No,,Yes,Service request,Vendor issue,EMEA
HD-260428-03458,2026-04-28 09:33,147,2026-04-29 04:15,P3,Printing & Peripherals,Peripheral setup,Chat,SMB,Identity & Access,Deepak Nair,Resolved,24,18.7,No,None,1,No,4,No,Service request,Configuration,EMEA
HD-260507-03944,2026-05-07 12:05,89,2026-05-08 00:35,P3,Endpoint Security,EDR alert,Phone,Enterprise,Identity & Access,Farah Latif,Closed,24,12.5,No,None,0,No,4,No,Incident,Access policy,EMEA
HD-260406-02981,2026-04-06 14:46,162,2026-04-06 23:20,P3,Telephony,Softphone,Email,Enterprise,Service Desk L2,Arjun Bhat,Resolved,24,8.58,No,None,0,No,3,Yes,Incident,Vendor issue,EMEA
HD-260520-02026,2026-05-20 15:13,64,2026-05-21 01:40,P3,Performance,High memory,Phone,Mid-Market,Service Desk L2,Arjun Bhat,Resolved,24,10.46,No,None,0,No,5,No,Access request,Hardware fault,EMEA
HD-260609-03950,2026-06-09 17:45,235,2026-06-11 21:34,P4,Performance,Disk space,Email,SMB,Service Desk L2,Vikram Patel,Resolved,72,51.82,No,None,0,No,4,No,Access request,User error,North America
HD-260612-03709,2026-06-12 16:06,141,2026-06-13 09:22,P3,Performance,Disk space,Phone,Mid-Market,Service Desk L2,Sana Rahman,Resolved,24,17.27,No,None,0,No,4,No,Incident,User error,APAC
HD-260619-03048,2026-06-19 17:11,138,2026-06-22 06:40,P4,Printing & Peripherals,Printer offline,Chat,SMB,Endpoint Ops,Vikram Patel,Closed,72,61.49,No,None,0,No,4,No,Incident,Access policy,EMEA
HD-260723-01063,2026-07-23 13:22,24,,P3,Performance,Disk space,Chat,Mid-Market,Service Desk L2,Sana Rahman,Pending,24,,No,None,0,No,,No,Access request,User error,APAC
HD-260822-02353,2026-08-22 17:54,63,2026-08-23 09:34,P4,Printing & Peripherals,Print queue,Chat,Enterprise,Business Apps,Imran Dar,Closed,72,15.68,No,None,0,No,4,No,Access request,Unknown,North America
HD-260310-03635,2026-03-10 11:36,14,2026-03-10 15:13,P2,Endpoint Security,EDR alert,Portal,Internal,Identity & Access,Zoya Hussain,Resolved,8,3.63,No,None,1,No,5,No,Incident,User error,APAC
HD-260302-01221,2026-03-02 15:51,20,2026-03-02 18:48,P2,Email & Collaboration,Calendar,Chat,Internal,Endpoint Ops,Karan Verma,Resolved,8,2.95,No,None,1,No,,No,Performance issue,Configuration,APAC
HD-260615-02921,2026-06-15 17:36,105,2026-06-17 19:34,P4,Email & Collaboration,Distribution list,Chat,Mid-Market,Endpoint Ops,Vikram Patel,Resolved,72,49.98,No,None,1,No,4,No,Incident,Software defect,EMEA
HD-260708-02495,2026-07-08 12:36,158,,P3,Telephony,Extension,Chat,Enterprise,Network Ops,Zoya Hussain,Pending,24,,No,None,1,No,,No,Service request,User error,North America
HD-260812-02796,2026-08-12 11:45,149,2026-08-13 05:07,P3,Email & Collaboration,Calendar,Portal,SMB,Service Desk L1,Priya Shah,Resolved,24,17.38,No,None,0,No,3,No,Incident,User error,North America
HD-260514-04125,2026-05-14 11:13,22,2026-05-14 14:06,P1,Telephony,Extension,Portal,Internal,Service Desk L2,Sana Rahman,Closed,4,2.89,No,None,0,Yes,,No,Incident,Network condition,EMEA
HD-260722-02158,2026-07-22 11:13,20,2026-07-24 16:52,P4,VPN & Remote Access,Split tunnel,Phone,SMB,Service Desk L2,Arjun Bhat,Closed,72,53.66,No,None,2,No,3,No,Incident,Configuration,North America
HD-260716-02955,2026-07-16 10:52,241,2026-07-17 09:14,P4,Performance,Slow device,Portal,SMB,Network Ops,Deepak Nair,Resolved,72,22.37,No,None,1,No,4,No,Performance issue,Configuration,APAC
HD-260717-01588,2026-07-17 11:30,289,,P4,Performance,Slow device,Chat,Mid-Market,Identity & Access,Nadia Ali,Pending,72,,No,None,0,No,,No,Performance issue,Configuration,North America
HD-260424-01664,2026-04-24 13:27,146,2026-04-26 16:32,P4,Performance,High CPU,Chat,Enterprise,Service Desk L1,Aisha Khan,Resolved,72,51.09,No,None,1,No,3,No,How-to,Hardware fault,North America
HD-260607-04483,2026-06-07 10:30,83,2026-06-08 11:34,P3,Network,Wi-Fi,Phone,Enterprise,Service Desk L2,Vikram Patel,Resolved,24,25.08,Yes,Escalation delay,0,No,2,No,Incident,Hardware fault,APAC
HD-260608-02803,2026-06-08 10:54,18,2026-06-08 13:58,P1,Performance,Slow device,Phone,Internal,Network Ops,Deepak Nair,Closed,4,3.08,No,None,0,Yes,,No,Incident,Network condition,EMEA
HD-260623-03651,2026-06-23 15:24,72,2026-06-23 22:08,P3,Hardware,Keyboard/Mouse,Phone,Enterprise,Identity & Access,Zoya Hussain,Resolved,24,6.74,No,None,0,Yes,5,No,Access request,Configuration,North America
HD-260303-03085,2026-03-03 21:52,33,2026-03-04 04:16,P2,Hardware,Monitor,Email,Mid-Market,Service Desk L1,Priya Shah,Closed,8,6.4,No,None,0,Yes,3,No,Incident,Capacity,EMEA
HD-260722-04031,2026-07-22 15:35,82,2026-07-23 07:43,P3,Account Provisioning,New starter,Email,Enterprise,Identity & Access,Zoya Hussain,Resolved,24,16.14,No,None,3,Yes,4,No,Incident,Vendor issue,EMEA
HD-260511-04171,2026-05-11 09:24,24,2026-05-11 13:05,P2,Endpoint Security,Malware check,Chat,Enterprise,Identity & Access,Zoya Hussain,Resolved,8,3.69,No,None,0,No,4,No,Incident,Configuration,APAC
HD-260507-01217,2026-05-07 10:22,99,2026-05-07 15:48,P3,Network,DNS/DHCP,Phone,Mid-Market,Service Desk L2,Vikram Patel,Closed,24,5.44,No,None,0,No,3,No,Service request,Capacity,EMEA
HD-260603-03316,2026-06-03 13:35,186,2026-06-04 03:56,P4,Account Provisioning,Offboarding,Portal,Enterprise,Identity & Access,Adil Mir,Closed,72,14.36,No,None,0,No,4,No,Access request,Access policy,APAC
HD-260624-02030,2026-06-24 11:12,198,2026-06-26 09:13,P4,Endpoint Security,Security policy,Portal,Internal,Endpoint Ops,Sana Rahman,Resolved,72,46.03,No,None,0,No,,No,Incident,User error,North America
HD-260312-02427,2026-03-12 12:12,71,2026-03-13 00:16,P3,Account Provisioning,Role change,Portal,Internal,Identity & Access,Deepak Nair,Closed,24,12.07,No,None,0,No,3,No,How-to,Vendor issue,North America
HD-260525-03484,2026-05-25 11:39,79,2026-05-26 22:33,P4,Hardware,Laptop,Email,SMB,Network Ops,Farah Latif,Resolved,72,34.9,No,None,1,No,4,No,Service request,Network condition,North America
HD-260511-01287,2026-05-11 17:38,173,2026-05-14 06:51,P4,Access & Identity,Account locked,Email,Enterprise,Identity & Access,Zoya Hussain,Resolved,72,61.23,No,None,1,No,3,No,How-to,Network condition,North America
HD-260501-03099,2026-05-01 11:21,59,2026-05-02 12:39,P3,Account Provisioning,New starter,Phone,Enterprise,Service Desk L1,Rohan Mehta,Resolved,24,25.3,Yes,High queue volume,1,No,3,No,Service request,Hardware fault,North America
HD-260604-02625,2026-06-04 13:59,108,2026-06-04 23:57,P3,Software & Applications,Installation,Portal,SMB,Service Desk L1,Aisha Khan,Resolved,24,9.97,No,None,3,No,,No,Incident,Network condition,EMEA
HD-260818-03402,2026-08-18 14:25,83,2026-08-18 21:24,P3,Telephony,Headset,Portal,Enterprise,Service Desk L2,Vikram Patel,Closed,24,6.99,No,None,3,No,4,No,Incident,Network condition,APAC
HD-260731-03230,2026-07-31 10:49,63,2026-08-02 00:25,P4,Access & Identity,Permission request,Email,Enterprise,Identity & Access,Nadia Ali,Resolved,72,37.61,No,None,0,No,3,No,Service request,Configuration,North America
HD-260521-02308,2026-05-21 17:08,125,2026-05-22 09:17,P4,Network,DNS/DHCP,Portal,Mid-Market,Network Ops,Zoya Hussain,Resolved,72,16.15,No,None,0,No,4,No,Performance issue,Configuration,EMEA
HD-260629-03947,2026-06-29 11:08,327,2026-07-02 00:01,P4,Hardware,Laptop,Portal,Mid-Market,Endpoint Ops,Neha Thomas,Resolved,72,60.89,No,None,0,No,4,No,Service request,Unknown,North America
HD-260707-02147,2026-07-07 18:44,171,,P3,Software & Applications,License,Chat,Mid-Market,Business Apps,Karan Verma,Open,24,,No,None,1,No,,No,Incident,Hardware fault,EMEA
HD-260525-03597,2026-05-25 09:53,93,2026-05-25 16:06,P3,Endpoint Security,EDR alert,Portal,SMB,Service Desk L1,Aisha Khan,Resolved,24,6.23,No,None,0,No,5,No,Incident,User error,North America
HD-260721-02963,2026-07-21 11:37,36,2026-07-21 16:14,P2,Access & Identity,Account locked,Email,Enterprise,Identity & Access,Deepak Nair,Resolved,8,4.62,No,None,0,No,,No,Performance issue,Hardware fault,EMEA
HD-260306-01603,2026-03-06 15:53,157,2026-03-07 06:27,P4,Access & Identity,Account locked,Chat,Enterprise,Identity & Access,Nadia Ali,Closed,72,14.58,No,None,1,No,3,No,Access request,Network condition,APAC
HD-260606-03187,2026-06-06 17:16,68,2026-06-06 22:44,P3,Endpoint Security,EDR alert,Phone,SMB,Identity & Access,Deepak Nair,Closed,24,5.47,No,None,1,No,4,No,Access request,Unknown,APAC
HD-260416-01956,2026-04-16 09:36,34,2026-04-16 12:37,P2,Performance,Disk space,Portal,Mid-Market,Endpoint Ops,Neha Thomas,Resolved,8,3.03,No,None,0,No,4,No,Performance issue,Access policy,North America
HD-260424-04154,2026-04-24 15:06,312,2026-04-25 09:12,P4,Software & Applications,Installation,Phone,Mid-Market,Business Apps,Imran Dar,Closed,72,18.1,No,None,0,No,4,No,Access request,Hardware fault,North America
HD-260811-03480,2026-08-11 14:09,334,2026-08-12 11:52,P4,Software & Applications,Application error,Chat,Internal,Service Desk L2,Sana Rahman,Resolved,72,21.72,No,None,1,No,4,No,Incident,Software defect,EMEA
HD-260304-02729,2026-03-04 21:01,172,2026-03-05 21:31,P4,Software & Applications,Application error,Chat,Mid-Market,Service Desk L1,Priya Shah,Closed,72,24.5,No,None,1,No,4,No,Service request,Configuration,APAC
HD-260805-03956,2026-08-05 15:55,21,2026-08-06 16:02,P4,Telephony,Extension,Email,Enterprise,Service Desk L2,Arjun Bhat,Resolved,72,24.12,No,None,0,No,4,Yes,Service request,Access policy,EMEA
HD-260527-03038,2026-05-27 18:10,24,2026-05-28 03:45,P2,Performance,High memory,Chat,SMB,Service Desk L2,Sana Rahman,Resolved,8,9.59,Yes,Complex investigation,0,Yes,4,No,Incident,Hardware fault,North America
HD-260703-01858,2026-07-03 11:56,51,2026-07-03 20:21,P2,Account Provisioning,Access package,Portal,Mid-Market,Identity & Access,Zoya Hussain,Resolved,8,8.43,Yes,Vendor response,0,No,4,Yes,Incident,Software defect,APAC
HD-260611-03361,2026-06-11 14:31,143,,P3,Software & Applications,Installation,Chat,Internal,Business Apps,Karan Verma,Pending,24,,No,None,1,No,,No,Service request,User error,EMEA
HD-260320-03423,2026-03-20 10:55,144,2026-03-21 02:29,P4,Access & Identity,MFA issue,Portal,Enterprise,Identity & Access,Nadia Ali,Resolved,72,15.58,No,None,0,No,4,No,How-to,Vendor issue,EMEA
HD-260812-04382,2026-08-12 19:36,19,2026-08-13 02:30,P3,VPN & Remote Access,VPN disconnect,Portal,Mid-Market,Service Desk L2,Meera Joseph,Closed,24,6.91,No,None,0,No,,No,Incident,User error,APAC
HD-260422-02892,2026-04-22 17:03,121,2026-04-23 09:57,P3,Email & Collaboration,Mailbox,Phone,Mid-Market,Business Apps,Priya Shah,Resolved,24,16.9,No,None,0,No,4,No,Incident,Hardware fault,EMEA
HD-260801-02671,2026-08-01 14:17,13,2026-08-01 18:17,P2,Endpoint Security,Malware check,Phone,Enterprise,Service Desk L1,Karan Verma,Resolved,8,4.01,No,None,0,No,3,Yes,Service request,Network condition,APAC
HD-260710-03451,2026-07-10 12:28,28,2026-07-10 16:58,P2,Account Provisioning,Role change,Portal,Enterprise,Service Desk L1,Rohan Mehta,Resolved,8,4.51,No,None,0,No,5,Yes,Access request,User error,APAC
HD-260420-01270,2026-04-20 17:18,293,2026-04-23 13:36,P4,Email & Collaboration,Teams/Meetings,Email,Enterprise,Network Ops,Arjun Bhat,Resolved,72,68.3,No,None,0,No,4,No,Service request,Software defect,EMEA
HD-260305-01411,2026-03-05 09:21,25,2026-03-05 19:09,P2,Email & Collaboration,Distribution list,Chat,Enterprise,Network Ops,Deepak Nair,Closed,8,9.8,Yes,Escalation delay,1,No,3,No,Incident,Capacity,APAC
HD-260324-01644,2026-03-24 19:29,109,2026-03-25 07:32,P3,Software & Applications,License,Phone,Enterprise,Service Desk L2,Arjun Bhat,Closed,24,12.06,No,None,1,No,4,No,Service request,User error,North America
HD-260422-03046,2026-04-22 11:34,6,2026-04-22 16:35,P1,Hardware,Docking station,Chat,Mid-Market,Business Apps,Sana Rahman,Resolved,4,5.02,Yes,High queue volume,0,Yes,3,No,Incident,Unknown,North America
HD-260530-01260,2026-05-30 13:28,144,2026-05-31 06:53,P3,Printing & Peripherals,Scanner,Email,Mid-Market,Identity & Access,Nadia Ali,Closed,24,17.43,No,None,0,No,4,No,How-to,Hardware fault,EMEA
HD-260816-02912,2026-08-16 14:24,38,2026-08-16 22:12,P2,Endpoint Security,Device compliance,Email,SMB,Identity & Access,Zoya Hussain,Resolved,8,7.8,No,None,0,Yes,4,No,Service request,User error,North America
HD-260811-04215,2026-08-11 12:09,13,2026-08-11 14:27,P2,Hardware,Keyboard/Mouse,Chat,Internal,Service Desk L1,Neha Thomas,Closed,8,2.3,No,None,0,No,3,No,Service request,Configuration,APAC
HD-260326-02370,2026-03-26 18:18,78,2026-03-27 15:33,P3,Account Provisioning,New starter,Portal,Enterprise,Service Desk L1,Imran Dar,Resolved,24,21.25,No,None,0,No,,No,Access request,User error,EMEA
HD-260415-03736,2026-04-15 09:45,314,2026-04-17 10:45,P4,Hardware,Monitor,Email,SMB,Identity & Access,Adil Mir,Closed,72,49,No,None,0,No,4,No,Incident,Configuration,APAC
HD-260708-01619,2026-07-08 10:28,203,2026-07-09 11:57,P4,Cloud & SaaS,SSO,Phone,Internal,Service Desk L1,Imran Dar,Resolved,72,25.49,No,None,0,No,3,No,Performance issue,User error,APAC
HD-260821-02433,2026-08-21 14:16,48,2026-08-22 05:07,P3,VPN & Remote Access,Split tunnel,Chat,SMB,Network Ops,Arjun Bhat,Resolved,24,14.85,No,None,3,No,4,No,Service request,User error,APAC
HD-260817-04219,2026-08-17 11:06,330,2026-08-18 15:10,P4,Hardware,Docking station,Email,SMB,Business Apps,Neha Thomas,Closed,72,28.07,No,None,1,No,4,No,Service request,Configuration,North America
HD-260729-04120,2026-07-29 13:50,35,2026-07-29 22:35,P3,Hardware,Docking station,Phone,SMB,Service Desk L1,Imran Dar,Closed,24,8.76,No,None,0,No,4,No,Incident,Configuration,EMEA
HD-260323-02415,2026-03-23 11:34,55,2026-03-23 16:05,P2,Account Provisioning,Role change,Email,Enterprise,Endpoint Ops,Karan Verma,Resolved,8,4.52,No,None,0,No,5,No,Service request,Unknown,North America
HD-260814-01470,2026-08-14 13:49,108,2026-08-15 00:53,P3,VPN & Remote Access,VPN login,Portal,Enterprise,Network Ops,Zoya Hussain,Closed,24,11.08,No,None,0,No,5,No,Performance issue,Configuration,North America
HD-260408-02087,2026-04-08 08:59,66,2026-04-09 05:32,P3,Endpoint Security,Security policy,Phone,SMB,Service Desk L1,Priya Shah,Closed,24,20.56,No,None,0,No,4,No,Incident,Capacity,North America
HD-260527-04174,2026-05-27 14:41,63,2026-05-27 20:09,P3,Printing & Peripherals,Printer offline,Portal,Mid-Market,Business Apps,Sana Rahman,Resolved,24,5.47,No,None,0,No,5,No,Service request,Network condition,APAC
HD-260824-03008,2026-08-24 14:01,46,2026-08-25 12:50,P4,Network,LAN connectivity,Chat,SMB,Service Desk L2,Vikram Patel,Resolved,72,22.83,No,None,2,No,3,No,Access request,Hardware fault,EMEA
HD-260731-03277,2026-07-31 17:12,50,2026-08-02 18:04,P4,Account Provisioning,New starter,Phone,Enterprise,Identity & Access,Farah Latif,Resolved,72,48.87,No,None,0,No,,No,Incident,Configuration,APAC
HD-260318-01179,2026-03-18 12:29,74,2026-03-21 07:19,P4,Telephony,Softphone,Portal,SMB,Network Ops,Zoya Hussain,Resolved,72,66.84,No,None,0,No,3,Yes,Incident,User error,APAC
HD-260326-04033,2026-03-26 15:40,26,2026-03-26 23:05,P2,Cloud & SaaS,Integration,Email,SMB,Service Desk L2,Meera Joseph,Closed,8,7.42,No,None,0,Yes,,No,How-to,Vendor issue,APAC
HD-260428-02560,2026-04-28 19:16,187,2026-05-01 04:05,P4,Access & Identity,Permission request,Email,Mid-Market,Service Desk L1,Karan Verma,Resolved,72,56.83,No,None,1,No,3,No,Service request,Capacity,EMEA
HD-260617-01338,2026-06-17 19:41,151,2026-06-18 08:24,P3,Email & Collaboration,Calendar,Email,SMB,Endpoint Ops,Sana Rahman,Closed,24,12.72,No,None,2,No,,No,Service request,Access policy,EMEA
HD-260513-03748,2026-05-13 11:20,226,2026-05-14 15:26,P4,Telephony,Extension,Portal,Mid-Market,Service Desk L2,Meera Joseph,Closed,72,28.1,No,None,0,No,,No,Incident,Network condition,EMEA
HD-260714-04576,2026-07-14 08:41,110,2026-07-15 05:21,P3,Cloud & SaaS,SSO,Email,Internal,Service Desk L2,Meera Joseph,Resolved,24,20.68,No,None,0,No,3,No,Service request,Configuration,North America
HD-260812-02913,2026-08-12 10:10,55,2026-08-12 19:56,P3,Network,DNS/DHCP,Chat,Mid-Market,Service Desk L2,Vikram Patel,Closed,24,9.77,No,None,1,No,4,No,Access request,Network condition,North America
HD-260624-01716,2026-06-24 11:25,100,,P3,Performance,Disk space,Chat,SMB,Identity & Access,Adil Mir,Pending,24,,No,None,0,No,,No,How-to,User error,EMEA
HD-260327-03037,2026-03-27 15:57,127,2026-03-30 01:46,P4,Account Provisioning,Access package,Portal,Internal,Identity & Access,Zoya Hussain,Resolved,72,57.83,No,None,2,No,4,No,Service request,Hardware fault,EMEA
HD-260827-02018,2026-08-27 16:29,167,2026-08-28 15:41,P3,Telephony,Extension,Portal,Enterprise,Service Desk L2,Arjun Bhat,Resolved,24,23.2,No,None,0,No,3,No,Incident,Hardware fault,EMEA
HD-260422-02861,2026-04-22 18:33,3,2026-04-22 21:54,P1,Account Provisioning,Role change,Phone,Mid-Market,Identity & Access,Adil Mir,Resolved,4,3.36,No,None,0,No,3,No,Incident,Configuration,North America
HD-260501-03031,2026-05-01 17:24,336,,P4,Hardware,Monitor,Email,Mid-Market,Service Desk L2,Arjun Bhat,Pending,72,,No,None,0,No,,No,How-to,User error,EMEA
HD-260519-02112,2026-05-19 08:33,354,,P4,Cloud & SaaS,Integration,Phone,SMB,Service Desk L2,Vikram Patel,Pending,72,,No,None,1,No,,No,Access request,User error,North America
HD-260622-03593,2026-06-22 11:38,40,2026-06-22 15:53,P2,Hardware,Docking station,Portal,SMB,Business Apps,Imran Dar,Resolved,8,4.26,No,None,1,No,5,No,Performance issue,Hardware fault,APAC
HD-260723-04281,2026-07-23 19:39,14,2026-07-24 03:58,P3,VPN & Remote Access,Split tunnel,Email,Enterprise,Network Ops,Zoya Hussain,Closed,24,8.33,No,None,1,No,4,Yes,Incident,Software defect,EMEA
HD-260528-04283,2026-05-28 11:04,77,2026-05-30 19:11,P4,VPN & Remote Access,Split tunnel,Portal,Mid-Market,Network Ops,Deepak Nair,Resolved,72,56.12,No,None,1,No,4,No,How-to,Network condition,APAC
HD-260618-04227,2026-06-18 12:00,42,2026-06-18 16:16,P2,Printing & Peripherals,Printer offline,Portal,Internal,Service Desk L1,Priya Shah,Resolved,8,4.28,No,None,0,No,5,No,Incident,User error,APAC
HD-260609-03479,2026-06-09 11:10,53,,P3,Network,Switch port,Chat,SMB,Network Ops,Zoya Hussain,Pending,24,,No,None,0,Yes,,No,Service request,Vendor issue,North America
HD-260703-02444,2026-07-03 11:59,117,2026-07-04 00:48,P3,Printing & Peripherals,Scanner,Portal,Enterprise,Endpoint Ops,Vikram Patel,Resolved,24,12.82,No,None,1,No,4,No,Incident,User error,North America
HD-260722-03460,2026-07-22 14:43,151,2026-07-23 05:59,P3,Cloud & SaaS,SSO,Chat,Enterprise,Service Desk L2,Arjun Bhat,Closed,24,15.28,No,None,0,No,3,No,Incident,Capacity,APAC
HD-260601-04326,2026-06-01 19:29,249,2026-06-03 02:23,P4,Hardware,Keyboard/Mouse,Portal,Enterprise,Service Desk L1,Neha Thomas,Closed,72,30.9,No,None,1,No,4,No,Incident,Configuration,EMEA
HD-260514-02973,2026-05-14 11:41,86,2026-05-15 09:57,P3,Cloud & SaaS,SSO,Chat,Mid-Market,Business Apps,Sana Rahman,Resolved,24,22.28,No,None,1,No,4,No,Service request,User error,EMEA
HD-260327-01844,2026-03-27 12:29,111,2026-03-27 21:34,P3,Hardware,Keyboard/Mouse,Email,SMB,Identity & Access,,Closed,24,9.09,No,None,0,No,4,No,Incident,Software defect,APAC
HD-260715-03159,2026-07-15 17:09,46,2026-07-16 01:01,P2,Cloud & SaaS,Application outage,Chat,Mid-Market,Business Apps,Sana Rahman,Resolved,8,7.87,No,None,0,No,3,No,Service request,Network condition,APAC
HD-260713-03174,2026-07-13 12:17,55,2026-07-13 14:36,P2,Hardware,Monitor,Portal,Enterprise,Service Desk L2,Vikram Patel,Closed,8,2.33,No,None,0,No,5,No,Service request,User error,EMEA
HD-260408-04527,2026-04-08 21:00,176,2026-04-09 02:21,P3,Hardware,Monitor,Phone,Mid-Market,Endpoint Ops,Vikram Patel,Closed,24,5.36,No,None,2,No,,No,Access request,Configuration,EMEA
HD-260429-01817,2026-04-29 09:15,290,2026-04-30 15:03,P4,Performance,High memory,Chat,Enterprise,Network Ops,Arjun Bhat,Closed,72,29.8,No,None,0,No,5,No,Incident,Software defect,APAC
HD-260302-02677,2026-03-02 10:46,48,2026-03-02 18:13,P2,Performance,High CPU,Chat,Enterprise,Endpoint Ops,Neha Thomas,Closed,8,7.45,No,None,0,No,,No,Incident,Software defect,EMEA
HD-260323-03278,2026-03-23 11:52,42,2026-03-24 01:40,P3,Endpoint Security,Device compliance,Portal,Enterprise,Service Desk L1,Karan Verma,Closed,24,13.81,No,None,1,No,3,No,Service request,Software defect,North America
HD-260312-03504,2026-03-12 18:20,21,2026-03-13 02:35,P3,Cloud & SaaS,SSO,Email,Enterprise,Business Apps,Neha Thomas,Resolved,24,8.25,No,None,1,No,4,No,Service request,Network condition,APAC
HD-260826-02742,2026-08-26 13:05,14,2026-08-26 15:29,P1,Network,Wi-Fi,Portal,Enterprise,Network Ops,Deepak Nair,Resolved,4,2.4,No,None,0,No,3,No,Incident,User error,EMEA
HD-260603-03825,2026-06-03 18:21,56,2026-06-04 01:14,P2,Endpoint Security,Security policy,Chat,Enterprise,Identity & Access,Adil Mir,Resolved,8,6.89,No,None,0,No,4,No,How-to,Software defect,EMEA
HD-260414-02429,2026-04-14 13:17,7,2026-04-14 17:31,P1,Email & Collaboration,Calendar,Portal,Mid-Market,Business Apps,Karan Verma,Resolved,4,4.24,Yes,High queue volume,0,Yes,,No,Performance issue,User error,North America
HD-260325-01892,2026-03-25 12:34,28,2026-03-25 18:59,P2,Hardware,Docking station,Email,Internal,Service Desk L1,Rohan Mehta,Closed,8,6.43,No,None,0,No,3,Yes,Access request,Network condition,EMEA
HD-260609-01312,2026-06-09 11:39,31,2026-06-09 14:13,P2,VPN & Remote Access,Remote desktop,Portal,Enterprise,Network Ops,Zoya Hussain,Resolved,8,2.57,No,None,1,No,4,No,Service request,Configuration,EMEA
HD-260410-03028,2026-04-10 15:49,29,,P4,VPN & Remote Access,VPN login,Portal,Internal,Network Ops,Arjun Bhat,Pending,72,,No,None,1,No,,No,Incident,User error,EMEA
HD-260821-03070,2026-08-21 10:48,210,2026-08-22 08:06,P4,Performance,Disk space,Chat,Enterprise,Network Ops,Farah Latif,Resolved,72,21.3,No,None,0,No,4,No,Incident,Network condition,APAC
HD-260410-03806,2026-04-10 13:26,100,2026-04-11 05:45,P3,Hardware,Keyboard/Mouse,Chat,SMB,Service Desk L2,Arjun Bhat,Resolved,24,16.33,No,None,2,No,4,No,Service request,Access policy,North America
HD-260401-01251,2026-04-01 19:14,72,2026-04-02 00:56,P3,Endpoint Security,Device compliance,Email,Internal,Service Desk L1,Karan Verma,Closed,24,5.7,No,None,0,No,5,No,Incident,Network condition,EMEA
HD-260518-03913,2026-05-18 10:22,350,2026-05-20 19:14,P4,VPN & Remote Access,Split tunnel,Chat,Enterprise,Network Ops,Arjun Bhat,Closed,72,56.87,No,None,1,No,4,Yes,Service request,Software defect,North America
HD-260818-02743,2026-08-18 08:14,85,2026-08-18 15:06,P3,Hardware,Monitor,Portal,Mid-Market,Identity & Access,Nadia Ali,Resolved,24,6.87,No,None,0,No,5,No,Incident,User error,EMEA
HD-260804-03089,2026-08-04 08:14,144,2026-08-04 16:32,P3,Account Provisioning,Access package,Portal,Mid-Market,Identity & Access,Deepak Nair,Resolved,24,8.31,No,None,0,No,4,No,Service request,Hardware fault,North America
HD-260604-03021,2026-06-04 12:34,211,2026-06-05 06:23,P4,Hardware,Docking station,Email,Mid-Market,Service Desk L2,Sana Rahman,Resolved,72,17.82,No,None,0,No,4,No,Incident,User error,EMEA
HD-260323-04135,2026-03-23 21:36,158,2026-03-24 16:40,P3,Network,DNS/DHCP,Chat,Mid-Market,Service Desk L2,Sana Rahman,Resolved,24,19.08,No,None,0,No,4,No,Incident,Configuration,APAC
HD-260826-01925,2026-08-26 17:08,12,2026-08-26 19:43,P1,Endpoint Security,EDR alert,Phone,Enterprise,Service Desk L1,Aisha Khan,Resolved,4,2.59,No,None,0,No,3,No,Access request,Hardware fault,APAC
HD-260720-02049,2026-07-20 14:44,354,2026-07-21 11:36,P4,Endpoint Security,Malware check,Chat,SMB,Identity & Access,Nadia Ali,Resolved,72,20.87,No,None,0,No,4,No,Incident,Software defect,North America
HD-260422-02121,2026-04-22 12:16,3,2026-04-22 15:31,P1,Endpoint Security,EDR alert,Email,Internal,Service Desk L1,Karan Verma,Resolved,4,3.25,No,None,0,No,4,No,Service request,Vendor issue,North America
HD-260710-02155,2026-07-10 13:37,24,2026-07-10 22:07,P3,Access & Identity,Password reset,Portal,SMB,Identity & Access,Farah Latif,Resolved,24,8.51,No,None,0,Yes,4,No,How-to,Configuration,EMEA
HD-260703-03986,2026-07-03 17:40,145,2026-07-04 05:05,P3,Account Provisioning,Access package,Chat,SMB,Identity & Access,Deepak Nair,Resolved,24,11.43,No,None,1,No,5,No,Service request,User error,North America
HD-260506-03433,2026-05-06 10:32,45,2026-05-07 06:05,P4,VPN & Remote Access,Remote desktop,Portal,Enterprise,Service Desk L2,Arjun Bhat,Resolved,72,19.56,No,None,0,No,4,No,Performance issue,Configuration,EMEA
HD-260421-03792,2026-04-21 11:32,12,2026-04-21 13:11,P1,Hardware,Keyboard/Mouse,Email,Enterprise,Service Desk L1,Neha Thomas,Resolved,4,1.66,No,None,0,No,3,No,Incident,Configuration,North America
HD-260501-03289,2026-05-01 11:09,82,2026-05-02 04:12,P4,Telephony,Headset,Phone,Mid-Market,Network Ops,Deepak Nair,Resolved,72,17.06,No,None,0,No,5,No,Incident,Network condition,North America
HD-260318-01556,2026-03-18 20:26,152,2026-03-19 03:31,P3,Performance,High CPU,Portal,Mid-Market,Endpoint Ops,Vikram Patel,Resolved,24,7.09,No,None,0,Yes,,No,Service request,Network condition,APAC
HD-260626-02073,2026-06-26 10:35,80,2026-06-26 22:20,P3,Cloud & SaaS,Application outage,Chat,SMB,Service Desk L1,Imran Dar,Closed,24,11.75,No,None,0,No,4,No,Incident,Network condition,North America
HD-260601-01667,2026-06-01 12:42,43,2026-06-02 12:35,P3,VPN & Remote Access,VPN login,Portal,Enterprise,Service Desk L2,Arjun Bhat,Closed,24,23.89,No,None,0,No,3,No,Performance issue,Hardware fault,APAC
HD-260727-03158,2026-07-27 08:20,16,2026-07-27 11:47,P2,Hardware,Keyboard/Mouse,Portal,SMB,Service Desk L1,Neha Thomas,Resolved,8,3.46,No,None,0,No,4,No,Access request,Unknown,APAC
HD-260413-01256,2026-04-13 15:47,47,2026-04-14 05:30,P3,Software & Applications,Application error,Portal,Mid-Market,Service Desk L1,Imran Dar,Resolved,24,13.72,No,None,0,No,5,No,Incident,Configuration,APAC
HD-260611-03353,2026-06-11 15:35,179,2026-06-12 06:24,P4,Hardware,Keyboard/Mouse,Chat,Mid-Market,Service Desk L2,Sana Rahman,Resolved,72,14.83,No,None,1,No,,Yes,Incident,Access policy,North America
HD-260312-02034,2026-03-12 12:51,27,2026-03-13 06:08,P4,Endpoint Security,EDR alert,Chat,Enterprise,Service Desk L1,Rohan Mehta,Resolved,72,17.29,No,None,0,No,5,No,Service request,Network condition,EMEA
HD-260318-03365,2026-03-18 09:38,38,2026-03-18 12:26,P2,Endpoint Security,Malware check,Email,Internal,Identity & Access,Zoya Hussain,Resolved,8,2.8,No,None,0,No,4,No,Incident,Configuration,APAC
HD-260512-02169,2026-05-12 11:48,317,2026-05-14 06:09,P4,Account Provisioning,Role change,Phone,Mid-Market,Identity & Access,Deepak Nair,Closed,72,42.35,No,None,0,No,,No,Performance issue,Configuration,EMEA
HD-260713-03443,2026-07-13 16:20,32,2026-07-14 02:00,P2,Endpoint Security,Malware check,Phone,Enterprise,Identity & Access,Zoya Hussain,Resolved,8,9.67,Yes,After-hours coverage,0,No,,No,Incident,User error,EMEA
HD-260703-02809,2026-07-03 16:18,337,2026-07-05 23:15,P4,Access & Identity,Password reset,Phone,SMB,Service Desk L1,Karan Verma,Resolved,72,54.95,No,None,0,No,3,No,Service request,User error,EMEA
HD-260421-03228,2026-04-21 13:39,9,2026-04-21 18:07,P1,Software & Applications,Application error,Email,Enterprise,Service Desk L1,Imran Dar,Closed,4,4.48,Yes,Complex investigation,1,No,,No,Incident,Network condition,APAC
HD-260409-04105,2026-04-09 15:54,13,2026-04-10 01:40,P2,Account Provisioning,Access package,Chat,Enterprise,Service Desk L1,Priya Shah,Closed,8,9.78,Yes,High queue volume,0,No,3,No,How-to,Software defect,North America
HD-260513-04059,2026-05-13 16:05,160,2026-05-14 02:37,P3,Cloud & SaaS,Application outage,Chat,Mid-Market,Service Desk L2,Sana Rahman,Resolved,24,10.54,No,None,0,No,4,No,Service request,User error,APAC
HD-260401-01463,2026-04-01 11:51,159,2026-04-03 09:01,P4,VPN & Remote Access,Remote desktop,Phone,Mid-Market,Network Ops,Arjun Bhat,Closed,72,45.18,No,None,0,No,3,No,Access request,Configuration,APAC
HD-260408-01371,2026-04-08 17:10,59,2026-04-08 20:14,P2,Network,Switch port,Email,Internal,Network Ops,Deepak Nair,Resolved,8,3.07,No,None,0,No,4,No,Access request,User error,APAC
HD-260416-01851,2026-04-16 15:45,189,2026-04-17 06:33,P4,Hardware,Monitor,Phone,Enterprise,Business Apps,Imran Dar,Closed,72,14.8,No,None,0,No,,No,Incident,Network condition,EMEA
HD-260512-04104,2026-05-12 12:17,169,2026-05-13 11:52,P3,Email & Collaboration,Mailbox,Email,Mid-Market,Service Desk L1,Aisha Khan,Closed,24,23.59,No,None,0,No,2,No,Incident,Hardware fault,EMEA
HD-260714-03783,2026-07-14 12:17,125,2026-07-15 13:34,P3,Network,Wi-Fi,Chat,SMB,Network Ops,Arjun Bhat,Resolved,24,25.29,Yes,High queue volume,1,No,4,No,How-to,Capacity,EMEA
HD-260820-02503,2026-08-20 20:10,312,2026-08-23 10:45,P4,Hardware,Docking station,Chat,Mid-Market,Endpoint Ops,Sana Rahman,Resolved,72,62.59,No,None,0,No,2,No,Performance issue,Access policy,EMEA
HD-260811-02258,2026-08-11 17:39,233,2026-08-13 15:13,P4,Account Provisioning,Role change,Email,Mid-Market,Endpoint Ops,Sana Rahman,Resolved,72,45.58,No,None,0,No,4,Yes,Service request,Configuration,EMEA
HD-260424-02831,2026-04-24 16:58,67,2026-04-26 04:51,P4,VPN & Remote Access,VPN login,Email,Internal,Network Ops,Farah Latif,Closed,72,35.89,No,None,0,No,4,No,How-to,Software defect,North America
HD-260702-01066,2026-07-02 19:02,34,2026-07-03 10:44,P3,Hardware,Docking station,Email,Enterprise,Service Desk L2,Meera Joseph,Resolved,24,15.7,No,None,0,No,3,No,Incident,Unknown,EMEA
HD-260330-03055,2026-03-30 11:34,29,,P2,Telephony,Call quality,Chat,Mid-Market,Network Ops,Zoya Hussain,Pending,8,,No,None,0,No,,No,Access request,User error,EMEA
HD-260618-02212,2026-06-18 08:53,98,2026-06-19 08:41,P4,Cloud & SaaS,Integration,Email,Mid-Market,Business Apps,Imran Dar,Closed,72,23.8,No,None,0,No,3,No,Performance issue,Network condition,EMEA
HD-260421-04210,2026-04-21 10:16,117,,P3,Network,Switch port,Portal,Mid-Market,Service Desk L2,Arjun Bhat,Open,24,,No,None,0,No,,Yes,Access request,Configuration,EMEA
HD-260505-04077,2026-05-05 13:02,142,2026-05-06 05:06,P4,Cloud & SaaS,SSO,Portal,Enterprise,Business Apps,Priya Shah,Resolved,72,16.07,No,None,2,No,4,No,Incident,Unknown,APAC
HD-260701-02640,2026-07-01 10:48,33,2026-07-01 13:11,P2,Hardware,Keyboard/Mouse,Email,Enterprise,Endpoint Ops,Vikram Patel,Closed,8,2.39,No,None,0,No,3,No,Incident,Software defect,APAC
HD-260708-01478,2026-07-08 11:07,355,2026-07-10 10:04,P4,Endpoint Security,EDR alert,Chat,Mid-Market,Identity & Access,Deepak Nair,Resolved,72,46.95,No,None,0,No,4,No,Service request,Hardware fault,EMEA
HD-260831-01133,2026-08-31 14:11,121,2026-09-01 01:54,P3,Hardware,Laptop,Email,SMB,Service Desk L1,Aisha Khan,Closed,24,11.73,No,None,0,No,4,No,How-to,Hardware fault,APAC
HD-260319-02619,2026-03-19 11:25,27,2026-03-19 17:19,P3,Software & Applications,License,Phone,Mid-Market,Business Apps,Sana Rahman,Resolved,24,5.91,No,None,0,No,,No,Incident,Software defect,North America
HD-260810-02570,2026-08-10 16:38,241,2026-08-11 19:37,P4,Account Provisioning,New starter,Email,Mid-Market,Identity & Access,Farah Latif,Resolved,72,26.99,No,None,1,No,3,Yes,Incident,User error,EMEA
HD-260506-03503,2026-05-06 11:07,186,2026-05-09 05:16,P4,Endpoint Security,Security policy,Phone,Mid-Market,Service Desk L1,Neha Thomas,Resolved,72,66.15,No,None,2,No,4,No,Access request,Software defect,North America
HD-260615-02501,2026-06-15 13:32,13,2026-06-15 15:51,P1,,Subscription,Email,Enterprise,Service Desk L2,Vikram Patel,Closed,4,2.33,No,None,0,Yes,,No,Service request,Network condition,APAC
HD-260723-04389,2026-07-23 15:16,319,2026-07-25 02:05,P4,Account Provisioning,Role change,Portal,SMB,Identity & Access,Adil Mir,Closed,72,34.83,No,None,0,No,5,No,Access request,User error,North America
HD-260727-03917,2026-07-27 13:52,172,2026-07-27 19:29,P3,Endpoint Security,Security policy,Chat,Mid-Market,Identity & Access,Deepak Nair,Resolved,24,5.63,No,None,0,No,4,No,Incident,User error,APAC
HD-260814-03372,2026-08-14 17:31,8,2026-08-14 19:46,P1,Access & Identity,Permission request,Chat,SMB,Identity & Access,Adil Mir,Closed,4,2.25,No,None,0,No,4,No,Incident,Software defect,EMEA
HD-260521-04369,2026-05-21 17:53,36,2026-05-21 22:47,P2,Performance,High memory,Email,Enterprise,Service Desk L1,Karan Verma,Closed,8,4.91,No,None,1,No,4,No,Service request,Software defect,APAC
HD-260821-03926,2026-08-21 14:09,17,2026-08-22 12:09,P3,Access & Identity,Password reset,Portal,Internal,Endpoint Ops,Vikram Patel,Resolved,24,22.01,No,None,1,Yes,4,No,How-to,Hardware fault,EMEA
HD-260408-01419,2026-04-08 10:20,85,2026-04-09 08:20,P4,Cloud & SaaS,Integration,Chat,Mid-Market,Business Apps,Priya Shah,Closed,72,22,No,None,0,No,4,No,Incident,Network condition,North America
HD-260810-04205,2026-08-10 09:01,101,2026-08-10 22:33,P3,Account Provisioning,New starter,Email,SMB,Endpoint Ops,Vikram Patel,Resolved,24,13.54,No,None,0,No,5,No,Access request,Network condition,EMEA
HD-260414-04510,2026-04-14 11:38,134,2026-04-14 17:24,P3,Network,LAN connectivity,Email,Enterprise,Network Ops,Farah Latif,Closed,24,5.77,No,None,0,No,5,No,How-to,Software defect,North America
HD-260320-01322,2026-03-20 15:32,53,2026-03-20 23:06,P3,VPN & Remote Access,Split tunnel,Email,SMB,Service Desk L2,Vikram Patel,Resolved,24,7.57,No,None,0,No,3,No,Access request,Software defect,APAC
HD-260716-04563,2026-07-16 13:32,140,,P3,Account Provisioning,Role change,Chat,Mid-Market,Identity & Access,Farah Latif,Pending,24,,No,None,1,No,,Yes,Incident,Software defect,EMEA
HD-260604-01676,2026-06-04 18:12,161,2026-06-05 09:06,P3,Access & Identity,MFA issue,Chat,Mid-Market,Identity & Access,Deepak Nair,Resolved,24,14.91,No,None,0,No,4,No,Performance issue,Unknown,APAC
HD-260708-02077,2026-07-08 13:59,256,,P4,Performance,Disk space,Email,SMB,Service Desk L2,Vikram Patel,Open,72,,No,None,1,No,,No,Access request,User error,North America
HD-260817-01234,2026-08-17 10:00,357,2026-08-18 00:55,P4,Printing & Peripherals,Print queue,Email,Mid-Market,Service Desk L1,Rohan Mehta,Closed,72,14.93,No,None,0,No,3,No,Incident,Software defect,EMEA
HD-260312-02260,2026-03-12 14:54,162,2026-03-13 02:28,P3,Cloud & SaaS,Integration,Chat,Mid-Market,Service Desk L1,Karan Verma,Closed,24,11.57,No,None,0,No,3,No,Incident,Access policy,North America
HD-260317-03438,2026-03-17 21:02,31,2026-03-18 02:29,P3,Endpoint Security,Device compliance,Portal,Enterprise,Identity & Access,Nadia Ali,Resolved,24,5.46,No,None,2,Yes,4,No,Incident,User error,EMEA
HD-260521-01756,2026-05-21 12:11,118,,P3,Cloud & SaaS,Subscription,Chat,Mid-Market,Business Apps,Karan Verma,Open,24,,No,None,0,Yes,,No,Incident,Access policy,EMEA
HD-260604-01051,2026-06-04 14:02,49,2026-06-04 21:41,P2,Endpoint Security,EDR alert,Phone,Internal,Endpoint Ops,Vikram Patel,Resolved,8,7.66,No,None,0,Yes,4,No,Incident,Software defect,EMEA
HD-260312-02571,2026-03-12 13:24,15,2026-03-12 19:16,P1,Network,DNS/DHCP,Phone,Mid-Market,Network Ops,Zoya Hussain,Resolved,4,5.88,Yes,Complex investigation,1,No,3,No,Performance issue,Configuration,APAC
HD-260517-01536,2026-05-17 11:39,40,,P4,Cloud & SaaS,Integration,Email,Internal,Service Desk L1,Priya Shah,Open,72,,No,None,1,No,,No,Incident,Configuration,North America
HD-260401-01348,2026-04-01 15:21,129,2026-04-01 20:54,P3,Endpoint Security,Device compliance,Portal,Internal,Service Desk L1,Aisha Khan,Resolved,24,5.56,No,None,0,No,3,No,Access request,Hardware fault,APAC
HD-260304-02739,2026-03-04 16:52,126,2026-03-04 23:55,P3,Endpoint Security,Device compliance,Email,Enterprise,Identity & Access,Nadia Ali,Closed,24,7.05,No,None,0,No,4,Yes,Incident,Access policy,North America
HD-260707-01432,2026-07-07 17:42,61,2026-07-08 13:13,P3,Hardware,Docking station,Portal,Enterprise,Endpoint Ops,Neha Thomas,Resolved,24,19.53,No,None,2,No,4,No,Incident,Configuration,APAC
HD-260623-03381,2026-06-23 15:29,65,2026-06-23 22:30,P3,Account Provisioning,New starter,Email,SMB,Identity & Access,Adil Mir,Resolved,24,7.02,No,None,0,No,4,No,Incident,Vendor issue,North America
HD-260415-02200,2026-04-15 16:28,92,2026-04-16 10:26,P3,Network,Switch port,Chat,Mid-Market,Network Ops,Arjun Bhat,Resolved,24,17.97,No,None,1,No,3,No,Incident,Access policy,North America
HD-260505-01599,2026-05-05 13:43,12,2026-05-05 16:32,P1,Email & Collaboration,Teams/Meetings,Portal,Internal,Endpoint Ops,Karan Verma,Closed,4,2.83,No,None,0,No,3,No,Performance issue,Network condition,APAC
HD-260306-04022,2026-03-06 16:47,77,2026-03-08 04:56,P4,Software & Applications,Installation,Email,Internal,Business Apps,Karan Verma,Closed,72,36.15,No,None,1,No,3,No,Access request,Capacity,North America
HD-260525-01767,2026-05-25 11:01,131,2026-05-26 04:23,P3,Performance,Slow device,Chat,Enterprise,Business Apps,Priya Shah,Resolved,24,17.37,No,None,0,No,4,Yes,Service request,User error,North America
HD-260309-01742,2026-03-09 14:21,264,2026-03-10 11:49,P4,Email & Collaboration,Mailbox,Chat,Mid-Market,Service Desk L1,Neha Thomas,Resolved,72,21.48,No,None,0,No,,No,Access request,Access policy,North America
HD-260812-04123,2026-08-12 13:15,148,2026-08-15 10:00,P4,Email & Collaboration,Mailbox,Portal,Enterprise,Service Desk L1,Aisha Khan,Closed,72,68.75,No,None,0,No,,No,Incident,Network condition,APAC
HD-260518-03390,2026-05-18 12:40,249,2026-05-19 03:08,P4,Network,Switch port,Chat,Enterprise,Network Ops,Arjun Bhat,Resolved,72,14.48,No,None,1,No,3,No,Incident,Capacity,APAC
HD-260721-01146,2026-07-21 17:29,50,2026-07-21 20:05,P2,Hardware,Laptop,Chat,SMB,Service Desk L1,Neha Thomas,Resolved,8,2.61,No,None,0,No,5,No,How-to,User error,North America
HD-260320-02628,2026-03-20 15:00,114,2026-03-21 03:22,P3,Performance,High CPU,Portal,SMB,Service Desk L2,Meera Joseph,Resolved,24,12.37,No,None,1,No,4,Yes,Service request,Software defect,APAC
HD-260619-02526,2026-06-19 12:04,336,2026-06-20 03:59,P4,Telephony,Extension,Phone,Enterprise,Service Desk L2,Meera Joseph,Resolved,72,15.93,No,None,1,No,5,No,Access request,Software defect,APAC
HD-260513-03490,2026-05-13 18:23,26,2026-05-14 12:42,P4,Account Provisioning,Access package,Phone,Mid-Market,Identity & Access,Farah Latif,Resolved,72,18.32,No,None,1,No,3,No,Access request,Unknown,APAC
HD-260803-02798,2026-08-03 16:37,116,2026-08-03 22:06,P3,Performance,Disk space,Portal,Mid-Market,Service Desk L1,Priya Shah,Resolved,24,5.49,No,None,0,No,4,No,Service request,Access policy,North America
HD-260520-03922,2026-05-20 16:20,24,2026-05-21 01:32,P2,Hardware,Docking station,Email,Internal,Service Desk L1,Priya Shah,Resolved,8,9.21,Yes,Vendor response,1,No,3,No,Access request,Software defect,North America
HD-260405-02189,2026-04-05 15:27,28,2026-04-06 00:56,P3,Software & Applications,License,Email,Internal,Business Apps,Priya Shah,Closed,24,9.49,No,None,0,No,4,No,Incident,Network condition,North America
HD-260401-03459,2026-04-01 14:16,13,2026-04-02 04:32,P3,VPN & Remote Access,VPN disconnect,Email,SMB,Service Desk L2,Arjun Bhat,Closed,24,14.27,No,None,0,No,4,No,Service request,Configuration,North America
HD-260623-01499,2026-06-23 21:32,10,2026-06-24 01:37,P1,Cloud & SaaS,SSO,Portal,SMB,Service Desk L2,Vikram Patel,Closed,4,4.09,Yes,Dependency delay,0,Yes,,No,Performance issue,User error,North America
HD-260618-01184,2026-06-18 10:39,354,,P4,,Print queue,Email,Enterprise,Service Desk L1,Neha Thomas,Pending,72,,No,None,1,No,,No,Service request,Network condition,EMEA
HD-260508-04209,2026-05-08 18:07,21,2026-05-09 14:59,P3,,Laptop,Portal,Enterprise,Service Desk L2,Arjun Bhat,Resolved,24,20.87,No,None,0,No,3,No,Service request,Hardware fault,North America
HD-260602-03210,2026-06-02 11:09,141,2026-06-03 10:45,P4,,Slow device,Phone,Mid-Market,Service Desk L1,Aisha Khan,Resolved,72,23.6,No,None,0,No,4,No,Service request,Access policy,North America
HD-260512-03771,2026-05-12 11:09,87,2026-05-13 02:04,P4,Access & Identity,Password reset,Portal,SMB,Service Desk L1,Karan Verma,Resolved,72,14.92,No,None,0,No,5,No,Service request,Configuration,EMEA
HD-260408-02012,2026-04-08 11:55,57,2026-04-08 15:07,P2,Performance,Disk space,Email,Mid-Market,Service Desk L1,Imran Dar,Resolved,8,3.21,No,None,0,No,4,No,Access request,Software defect,North America
HD-260319-03291,2026-03-19 17:18,152,2026-03-20 03:34,P3,Access & Identity,Permission request,Chat,Enterprise,Endpoint Ops,Neha Thomas,Resolved,24,10.28,No,None,1,No,,Yes,Access request,Unknown,APAC
HD-260427-02762,2026-04-27 10:26,142,2026-04-27 18:57,P3,Account Provisioning,New starter,Portal,SMB,Identity & Access,Adil Mir,Closed,24,8.52,No,None,0,No,4,No,Service request,User error,EMEA
HD-260612-02808,2026-06-12 12:09,9,2026-06-12 17:52,P1,Software & Applications,License,Portal,Enterprise,Service Desk L1,Rohan Mehta,Resolved,4,5.72,Yes,High queue volume,0,Yes,4,No,Incident,Unknown,North America
HD-260721-02786,2026-07-21 17:03,85,2026-07-22 16:58,P4,VPN & Remote Access,Split tunnel,Email,Mid-Market,Network Ops,Deepak Nair,Resolved,72,23.92,No,None,0,No,,No,Incident,Configuration,North America
HD-260513-03380,2026-05-13 14:21,89,2026-05-13 23:32,P3,Network,DNS/DHCP,Portal,Enterprise,Network Ops,Farah Latif,Closed,24,9.19,No,None,1,No,3,No,Incident,Capacity,EMEA
HD-260326-04242,2026-03-26 18:36,35,2026-03-26 22:37,P2,Access & Identity,MFA issue,Chat,SMB,Identity & Access,Deepak Nair,Closed,8,4.03,No,None,0,No,3,No,Service request,User error,APAC
HD-260522-03831,2026-05-22 10:05,131,2026-05-22 15:44,P3,Access & Identity,Permission request,Portal,Enterprise,Identity & Access,Zoya Hussain,Resolved,24,5.66,No,None,0,No,4,No,Incident,User error,EMEA
HD-260424-01165,2026-04-24 12:59,134,2026-04-25 08:49,P3,Cloud & SaaS,SSO,Portal,SMB,Business Apps,Neha Thomas,Resolved,24,19.84,No,None,0,No,2,No,How-to,Unknown,North America
HD-260430-03066,2026-04-30 14:28,142,,P3,Telephony,Extension,Email,Internal,Service Desk L2,Arjun Bhat,Pending,24,,No,None,1,No,,No,Service request,Configuration,North America
HD-260417-02638,2026-04-17 13:33,140,,P3,Telephony,Call quality,Email,Mid-Market,Network Ops,Farah Latif,Open,24,,No,None,1,No,,No,Incident,Configuration,APAC
HD-260713-01205,2026-07-13 08:45,177,2026-07-13 14:42,P3,VPN & Remote Access,VPN disconnect,Portal,Enterprise,Network Ops,Farah Latif,Resolved,24,5.96,No,None,2,No,5,No,Incident,Network condition,North America
HD-260706-01735,2026-07-06 16:10,306,2026-07-07 23:10,P4,Email & Collaboration,Distribution list,Email,Internal,Identity & Access,Adil Mir,Resolved,72,31.01,No,None,1,No,3,No,Access request,Access policy,APAC
HD-260706-03118,2026-07-06 14:53,83,2026-07-08 17:37,P4,Telephony,Call quality,Portal,SMB,Network Ops,Arjun Bhat,Resolved,72,50.74,No,None,0,Yes,,No,Incident,Vendor issue,APAC
HD-260720-03547,2026-07-20 14:57,24,2026-07-20 18:10,P2,Email & Collaboration,Calendar,Portal,Internal,Service Desk L1,Imran Dar,Closed,8,3.22,No,None,0,Yes,4,No,Performance issue,Hardware fault,EMEA
HD-260330-02700,2026-03-30 12:31,160,,P3,Account Provisioning,Access package,Portal,SMB,Identity & Access,Adil Mir,Open,24,,No,None,0,No,,No,Service request,Access policy,North America
HD-260407-01019,2026-04-07 19:22,125,2026-04-09 21:02,P4,Endpoint Security,EDR alert,Portal,Internal,Identity & Access,Farah Latif,Resolved,72,49.67,No,None,0,No,2,No,Performance issue,Configuration,EMEA
HD-260823-03821,2026-08-23 15:47,227,2026-08-24 06:04,P4,Printing & Peripherals,Scanner,Portal,Internal,Endpoint Ops,Neha Thomas,Closed,72,14.29,No,None,1,No,4,No,Service request,Hardware fault,North America
HD-260621-02143,2026-06-21 09:56,207,,P4,Printing & Peripherals,Scanner,Portal,Mid-Market,Business Apps,Karan Verma,Open,72,,No,None,1,No,,No,Incident,Configuration,EMEA
HD-260703-01473,2026-07-03 11:45,43,,P2,Network,LAN connectivity,Chat,Enterprise,Network Ops,Deepak Nair,Pending,8,,No,None,1,No,,No,How-to,Network condition,APAC
HD-260826-01299,2026-08-26 10:57,13,2026-08-27 04:18,P3,VPN & Remote Access,VPN login,Portal,Mid-Market,Network Ops,Deepak Nair,Resolved,24,17.36,No,None,0,Yes,4,No,Incident,Capacity,APAC
HD-260319-01169,2026-03-19 13:39,101,2026-03-20 11:22,P3,Printing & Peripherals,Peripheral setup,Chat,Mid-Market,Endpoint Ops,Vikram Patel,Resolved,24,21.72,No,None,1,No,4,No,Access request,Configuration,North America
HD-260305-01764,2026-03-05 11:44,53,2026-03-06 05:24,P3,Cloud & SaaS,Application outage,Portal,Enterprise,Business Apps,Neha Thomas,Resolved,24,17.67,No,None,0,No,3,Yes,Incident,Configuration,North America
HD-260727-04157,2026-07-27 18:56,66,,P4,Cloud & SaaS,SSO,Email,Mid-Market,Business Apps,Imran Dar,Pending,72,,No,None,1,No,,No,Incident,User error,EMEA
HD-260417-01884,2026-04-17 13:38,133,2026-04-17 19:45,P3,Cloud & SaaS,Integration,Portal,Mid-Market,Business Apps,Priya Shah,Resolved,24,6.12,No,None,1,Yes,5,No,Incident,Hardware fault,North America
HD-260329-02385,2026-03-29 16:19,160,2026-03-31 06:11,P4,Access & Identity,Account locked,Portal,Enterprise,Service Desk L1,Aisha Khan,Resolved,72,37.87,No,None,1,No,4,No,Service request,Configuration,EMEA
HD-260528-03154,2026-05-28 11:35,229,2026-05-30 13:51,P4,Email & Collaboration,Mailbox,Chat,Internal,Service Desk L2,Arjun Bhat,Resolved,72,50.28,No,None,1,No,4,No,Service request,User error,EMEA
HD-260805-02406,2026-08-05 08:40,149,2026-08-06 14:37,P4,Access & Identity,Password reset,Portal,Enterprise,Identity & Access,Farah Latif,Closed,72,29.96,No,None,0,No,5,No,Incident,Vendor issue,EMEA
HD-260812-02178,2026-08-12 13:11,116,2026-08-13 00:15,P3,Performance,Slow device,Email,Internal,Network Ops,Deepak Nair,Resolved,24,11.08,No,None,0,No,5,Yes,Incident,Hardware fault,North America
HD-260514-01963,2026-05-14 16:45,281,2026-05-15 08:27,P4,Software & Applications,Application error,Email,Mid-Market,Service Desk L2,Vikram Patel,Resolved,72,15.71,No,None,0,No,,No,Incident,User error,APAC
HD-260731-03506,2026-07-31 10:36,62,2026-07-31 18:12,P2,Telephony,Headset,Portal,Internal,Network Ops,Arjun Bhat,Resolved,8,7.6,No,None,0,Yes,4,No,Access request,Vendor issue,APAC
HD-260312-02711,2026-03-12 17:12,111,2026-03-13 15:35,P3,Printing & Peripherals,Printer offline,Chat,Mid-Market,Network Ops,Farah Latif,Closed,24,22.39,No,None,0,No,4,No,How-to,Hardware fault,EMEA
HD-260803-02214,2026-08-03 13:03,11,,P2,Email & Collaboration,Calendar,Phone,Internal,Service Desk L2,Meera Joseph,Pending,8,,No,None,1,Yes,,No,Service request,Configuration,North America
HD-260622-04350,2026-06-22 15:26,241,2026-06-24 12:00,P4,Email & Collaboration,Distribution list,Phone,SMB,Service Desk L1,Imran Dar,Resolved,72,44.58,No,None,1,No,3,Yes,How-to,Hardware fault,APAC
HD-260623-01801,2026-06-23 11:05,43,,P4,Account Provisioning,Role change,Chat,Internal,Service Desk L1,Neha Thomas,Pending,72,,No,None,1,No,,No,Incident,Hardware fault,APAC
HD-260728-01752,2026-07-28 12:03,268,2026-07-29 05:43,P4,Access & Identity,MFA issue,Chat,Mid-Market,Identity & Access,Deepak Nair,Closed,72,17.68,No,None,0,No,4,No,How-to,Configuration,North America
HD-260429-03679,2026-04-29 18:08,55,,P2,Telephony,Softphone,Chat,SMB,Service Desk L2,Vikram Patel,Pending,8,,No,None,0,No,,No,Access request,Configuration,North America
HD-260513-03034,2026-05-13 13:47,12,2026-05-14 14:56,P3,Email & Collaboration,Mailbox,Portal,SMB,Service Desk L1,Neha Thomas,Resolved,24,25.15,Yes,High queue volume,0,No,2,No,How-to,Access policy,North America
HD-260810-02120,2026-08-10 10:07,31,2026-08-10 13:52,P2,Network,Wi-Fi,Phone,Mid-Market,Network Ops,Arjun Bhat,Resolved,8,3.76,No,None,0,No,3,No,Incident,Access policy,APAC
HD-260513-03799,2026-05-13 11:12,38,2026-05-13 16:39,P2,Endpoint Security,EDR alert,Portal,Enterprise,Identity & Access,Deepak Nair,Resolved,8,5.46,No,None,0,No,,No,Access request,Hardware fault,APAC
HD-260527-04575,2026-05-27 14:18,22,2026-05-28 01:48,P3,Endpoint Security,Device compliance,Chat,Mid-Market,Identity & Access,Zoya Hussain,Resolved,24,11.51,No,None,0,No,5,No,How-to,User error,North America
HD-260709-01199,2026-07-09 09:49,103,2026-07-10 00:28,P3,Cloud & SaaS,SSO,Portal,Mid-Market,Business Apps,Neha Thomas,Closed,24,14.65,No,None,0,No,3,No,Incident,Network condition,APAC
HD-260403-01565,2026-04-03 12:37,82,2026-04-04 14:33,P4,Account Provisioning,New starter,Email,SMB,Service Desk L1,Neha Thomas,Resolved,72,25.94,No,None,0,No,,No,Access request,Capacity,North America
HD-260508-03395,2026-05-08 21:18,23,,P2,VPN & Remote Access,Remote desktop,Portal,Mid-Market,Service Desk L2,Arjun Bhat,Pending,8,,No,None,1,No,,No,Service request,Vendor issue,EMEA
HD-260428-01926,2026-04-28 15:24,78,2026-04-29 11:46,P3,Endpoint Security,Malware check,Phone,Mid-Market,Identity & Access,Adil Mir,Resolved,24,20.37,No,None,0,No,2,No,Performance issue,Network condition,North America
HD-260413-03812,2026-04-13 15:31,238,2026-04-16 00:23,P4,Hardware,Monitor,Phone,SMB,Identity & Access,Farah Latif,Closed,72,56.87,No,None,0,No,4,No,Access request,Configuration,North America
HD-260319-02964,2026-03-19 10:01,158,2026-03-20 06:42,P3,VPN & Remote Access,Split tunnel,Email,SMB,Service Desk L2,Vikram Patel,Resolved,24,20.69,No,None,0,No,3,No,Incident,User error,North America
HD-260618-01275,2026-06-18 08:57,94,2026-06-19 05:04,P3,Access & Identity,Permission request,Phone,Mid-Market,Identity & Access,Deepak Nair,Resolved,24,20.13,No,None,0,No,,No,Incident,Software defect,North America
HD-260520-01384,2026-05-20 10:48,16,2026-05-20 17:05,P3,Performance,High memory,Email,SMB,Identity & Access,Adil Mir,Resolved,24,6.29,No,None,1,No,4,No,Incident,User error,APAC
HD-260722-02213,2026-07-22 18:47,198,2026-07-25 05:03,P4,Telephony,Extension,Portal,SMB,Service Desk L2,Meera Joseph,Resolved,72,58.27,No,None,0,No,3,No,Access request,User error,EMEA
HD-260831-04228,2026-08-31 19:28,221,2026-09-02 18:28,P4,Software & Applications,License,Chat,Internal,Service Desk L1,Neha Thomas,Closed,72,47,No,None,2,No,4,No,Performance issue,Software defect,APAC
HD-260608-02367,2026-06-08 13:01,85,2026-06-09 00:47,P3,Telephony,Headset,Phone,Mid-Market,Service Desk L2,Vikram Patel,Resolved,24,11.78,No,None,1,No,3,No,Incident,Vendor issue,APAC
HD-260615-01813,2026-06-15 12:27,113,2026-06-17 21:51,P4,Performance,High memory,Chat,SMB,Business Apps,Sana Rahman,Resolved,72,57.41,No,None,0,No,4,No,Incident,Network condition,North America
HD-260610-04410,2026-06-10 08:25,144,2026-06-12 06:54,P4,Access & Identity,MFA issue,Chat,Mid-Market,Identity & Access,Deepak Nair,Resolved,72,46.49,No,None,0,No,4,No,Service request,Software defect,North America
HD-260407-01222,2026-04-07 17:42,31,2026-04-08 01:31,P3,Printing & Peripherals,Scanner,Portal,Mid-Market,Endpoint Ops,Vikram Patel,Resolved,24,7.82,No,None,0,Yes,,No,Incident,User error,EMEA
HD-260330-01216,2026-03-30 18:18,21,2026-03-31 03:07,P3,Cloud & SaaS,Subscription,Email,SMB,Service Desk L2,Meera Joseph,Closed,24,8.83,No,None,0,No,,No,Service request,Capacity,North America
HD-260619-03834,2026-06-19 17:13,105,2026-06-19 22:41,P3,Access & Identity,Permission request,Email,Enterprise,Identity & Access,Adil Mir,Closed,24,5.48,No,None,0,No,4,No,Service request,Unknown,EMEA
HD-260401-04438,2026-04-01 12:13,30,,P2,Software & Applications,Version issue,Portal,Internal,Service Desk L1,Neha Thomas,Open,8,,No,None,0,No,,No,How-to,Software defect,EMEA
HD-260331-01786,2026-03-31 14:42,9,2026-03-31 16:02,P1,Printing & Peripherals,Print queue,Chat,Enterprise,Business Apps,Imran Dar,Resolved,4,1.34,No,None,0,No,4,Yes,Access request,Configuration,APAC
HD-260511-02334,2026-05-11 13:48,63,2026-05-11 16:02,P2,Performance,Slow device,Portal,Enterprise,Service Desk L1,Priya Shah,Resolved,8,2.24,No,None,0,No,3,No,Incident,Hardware fault,EMEA
HD-260706-02417,2026-07-06 11:46,105,2026-07-06 21:27,P3,Hardware,Laptop,Chat,SMB,Service Desk L1,Aisha Khan,Closed,24,9.69,No,None,0,No,,No,Access request,Unknown,North America
HD-260813-01461,2026-08-13 16:48,45,2026-08-13 19:30,P2,VPN & Remote Access,VPN login,Email,Enterprise,Network Ops,Farah Latif,Resolved,8,2.71,No,None,0,No,5,Yes,How-to,Access policy,EMEA
HD-260814-03535,2026-08-14 11:33,62,2026-08-14 17:31,P2,Software & Applications,Version issue,Email,Internal,Business Apps,Priya Shah,Resolved,8,5.97,No,None,0,No,3,No,Service request,Vendor issue,APAC
HD-260409-02290,2026-04-09 11:51,59,2026-04-09 21:51,P3,Network,Wi-Fi,Email,Enterprise,Network Ops,Zoya Hussain,Resolved,24,10.01,No,None,0,No,4,No,Incident,Configuration,EMEA
HD-260703-01848,2026-07-03 11:52,96,2026-07-04 03:28,P4,VPN & Remote Access,VPN disconnect,Chat,Mid-Market,Service Desk L2,Arjun Bhat,Resolved,72,15.61,No,None,0,No,5,Yes,Performance issue,Unknown,North America
HD-260608-02971,2026-06-08 13:22,98,2026-06-09 13:38,P3,Network,LAN connectivity,Portal,Enterprise,Network Ops,Zoya Hussain,Closed,24,24.27,Yes,Escalation delay,1,No,2,No,Incident,Hardware fault,North America
HD-260819-03585,2026-08-19 16:47,65,2026-08-20 08:08,P4,Performance,Slow device,Phone,Mid-Market,Service Desk L1,Karan Verma,Resolved,72,15.36,No,None,0,No,3,No,Incident,Unknown,APAC
HD-260611-03054,2026-06-11 13:18,155,2026-06-11 22:07,P3,Network,Switch port,Phone,Mid-Market,Network Ops,Zoya Hussain,Resolved,24,8.82,No,None,0,No,5,No,Performance issue,Hardware fault,North America
HD-260401-01528,2026-04-01 09:21,84,2026-04-02 02:00,P3,Access & Identity,MFA issue,Phone,Internal,Endpoint Ops,Karan Verma,Resolved,24,16.66,No,None,3,No,3,No,Access request,Network condition,North America
HD-260305-04007,2026-03-05 13:24,74,2026-03-06 06:16,P3,Network,Wi-Fi,Phone,Enterprise,Network Ops,Zoya Hussain,Closed,24,16.87,No,None,0,No,,No,Incident,User error,North America
HD-260318-04522,2026-03-18 11:09,52,,P3,Telephony,Headset,Portal,SMB,Service Desk L2,Meera Joseph,Open,24,,No,None,1,No,,No,Incident,Vendor issue,APAC
HD-260317-04420,2026-03-17 16:10,38,,P2,Software & Applications,Version issue,Portal,Enterprise,Business Apps,Priya Shah,Open,8,,No,None,0,No,,No,Service request,Vendor issue,APAC
HD-260615-01580,2026-06-15 10:31,49,2026-06-15 13:44,P2,VPN & Remote Access,VPN disconnect,Portal,Mid-Market,Network Ops,Arjun Bhat,Closed,8,3.23,No,None,0,No,4,No,Incident,Configuration,APAC
HD-260625-02778,2026-06-25 10:04,142,2026-06-25 16:47,P3,Telephony,Extension,Phone,Enterprise,Service Desk L2,Meera Joseph,Closed,24,6.72,No,None,0,No,3,No,Service request,Network condition,North America
HD-260623-04190,2026-06-23 11:02,113,2026-06-24 08:16,P4,Telephony,Call quality,Email,Enterprise,Service Desk L2,Meera Joseph,Resolved,72,21.24,No,None,0,No,4,No,Service request,Software defect,North America
HD-260826-03188,2026-08-26 13:33,174,2026-08-28 00:54,P4,Performance,Disk space,Chat,Mid-Market,Service Desk L1,Neha Thomas,Resolved,72,35.36,No,None,1,No,4,No,How-to,Software defect,EMEA
HD-260609-03251,2026-06-09 11:34,58,2026-06-09 20:23,P3,Printing & Peripherals,Peripheral setup,Portal,SMB,Service Desk L1,Neha Thomas,Resolved,24,8.82,No,None,0,No,5,No,Incident,Unknown,North America
HD-260417-01869,2026-04-17 09:19,27,2026-04-17 15:46,P3,Endpoint Security,EDR alert,Portal,SMB,Identity & Access,Farah Latif,Resolved,24,6.46,No,None,0,No,4,No,Incident,User error,EMEA
HD-260701-03287,2026-07-01 09:22,106,2026-07-02 02:27,P4,Network,LAN connectivity,Email,Enterprise,Network Ops,Farah Latif,Closed,72,17.09,No,None,1,No,4,No,How-to,Configuration,North America
HD-260727-04084,2026-07-27 11:10,51,2026-07-27 22:25,P3,Printing & Peripherals,Print queue,Portal,SMB,Identity & Access,Adil Mir,Resolved,24,11.26,No,None,0,No,3,No,Service request,Configuration,APAC
HD-260624-04201,2026-06-24 13:48,142,,P3,Access & Identity,Permission request,Chat,Enterprise,Endpoint Ops,Vikram Patel,Pending,24,,No,None,0,No,,No,Performance issue,Network condition,North America
HD-260629-03820,2026-06-29 17:10,63,,P3,Cloud & SaaS,SSO,Portal,Mid-Market,Service Desk L2,Arjun Bhat,Pending,24,,No,None,0,No,,No,Incident,Configuration,EMEA
HD-260330-02361,2026-03-30 13:06,47,2026-03-30 17:31,P2,Software & Applications,Version issue,Email,SMB,Service Desk L2,Meera Joseph,Resolved,8,4.42,No,None,0,No,5,No,Service request,Configuration,North America
HD-260710-02405,2026-07-10 14:06,276,2026-07-11 11:31,P4,Printing & Peripherals,Printer offline,Phone,Internal,Business Apps,Sana Rahman,Resolved,72,21.43,No,None,0,No,4,No,Access request,Unknown,EMEA
HD-260625-01573,2026-06-25 13:41,76,2026-06-27 02:38,P4,Hardware,Laptop,Email,Internal,Service Desk L2,Vikram Patel,Resolved,72,36.95,No,None,0,No,5,No,Access request,Software defect,EMEA
HD-260624-02548,2026-06-24 17:32,121,2026-06-25 14:58,P3,Cloud & SaaS,Subscription,Chat,Mid-Market,Service Desk L2,Vikram Patel,Closed,24,21.44,No,None,0,No,,No,Performance issue,User error,North America
HD-260327-04460,2026-03-27 12:04,25,2026-03-27 19:20,P3,Access & Identity,Account locked,Phone,Internal,Identity & Access,Adil Mir,Resolved,24,7.28,No,None,2,Yes,5,No,Incident,Software defect,APAC
HD-260520-04275,2026-05-20 19:52,236,2026-05-21 10:46,P4,Performance,Slow device,Portal,Mid-Market,Endpoint Ops,Neha Thomas,Closed,72,14.91,No,None,0,No,4,No,How-to,Configuration,EMEA
HD-260320-01198,2026-03-20 12:20,40,,P2,Software & Applications,Installation,Portal,Mid-Market,Business Apps,Karan Verma,Pending,8,,No,None,1,No,,No,Service request,Hardware fault,EMEA
HD-260715-01040,2026-07-15 11:30,19,2026-07-15 12:55,P1,Network,LAN connectivity,Phone,Enterprise,Service Desk L2,Sana Rahman,Resolved,4,1.42,No,None,1,Yes,5,Yes,Performance issue,Network condition,APAC
HD-260530-04346,2026-05-30 18:17,54,2026-06-01 01:18,P4,VPN & Remote Access,VPN disconnect,Portal,Mid-Market,Network Ops,Deepak Nair,Resolved,72,31.02,No,None,0,No,,No,Incident,Access policy,APAC
HD-260306-01240,2026-03-06 18:32,105,2026-03-08 20:04,P4,Telephony,Call quality,Portal,Mid-Market,Network Ops,Deepak Nair,Closed,72,49.54,No,None,0,No,,No,Performance issue,Network condition,APAC
HD-260407-01662,2026-04-07 14:40,42,,P2,Access & Identity,Password reset,Email,Mid-Market,Identity & Access,Deepak Nair,Pending,8,,No,None,0,No,,No,How-to,Configuration,EMEA
HD-260324-03104,2026-03-24 10:38,13,2026-03-24 14:55,P1,Software & Applications,Version issue,Email,Enterprise,Service Desk L2,Sana Rahman,Closed,4,4.29,Yes,Escalation delay,1,Yes,4,No,Access request,User error,EMEA
HD-260706-02763,2026-07-06 13:51,123,2026-07-06 22:08,P3,Cloud & SaaS,Integration,Chat,SMB,Service Desk L2,Vikram Patel,Closed,24,8.29,No,None,0,No,4,No,Incident,Vendor issue,APAC
HD-260804-01508,2026-08-04 12:24,177,2026-08-05 02:50,P4,VPN & Remote Access,Split tunnel,Phone,SMB,Network Ops,Zoya Hussain,Resolved,72,14.44,No,None,1,No,5,No,Performance issue,Network condition,EMEA
HD-260413-01861,2026-04-13 17:34,258,2026-04-15 06:00,P4,Email & Collaboration,Teams/Meetings,Portal,SMB,Network Ops,Farah Latif,Resolved,72,36.44,No,None,0,Yes,,No,Access request,Unknown,North America
HD-260317-03846,2026-03-17 11:52,108,2026-03-18 12:56,P3,VPN & Remote Access,Split tunnel,Email,Enterprise,Network Ops,Farah Latif,Resolved,24,25.07,Yes,Vendor response,1,No,4,No,Service request,User error,North America
HD-260314-01923,2026-03-14 12:19,170,2026-03-15 01:20,P3,Cloud & SaaS,Integration,Email,Internal,Service Desk L2,Sana Rahman,Resolved,24,13.02,No,None,1,No,5,No,Incident,User error,EMEA
HD-260614-01447,2026-06-14 12:52,13,2026-06-14 16:55,P2,Email & Collaboration,Calendar,Email,Internal,Network Ops,Zoya Hussain,Resolved,8,4.06,No,None,1,No,4,No,Incident,Capacity,North America
HD-260508-02520,2026-05-08 13:39,49,2026-05-09 02:16,P3,Cloud & SaaS,Application outage,Portal,SMB,Business Apps,Neha Thomas,Closed,24,12.62,No,None,0,No,4,No,Service request,Configuration,APAC
HD-260407-02103,2026-04-07 14:09,44,2026-04-07 17:16,P2,VPN & Remote Access,Split tunnel,Email,Mid-Market,Service Desk L2,Meera Joseph,Closed,8,3.13,No,None,0,No,4,Yes,Incident,Vendor issue,APAC
HD-260818-02534,2026-08-18 17:57,43,,P2,Telephony,Headset,Email,SMB,Service Desk L2,Arjun Bhat,Pending,8,,No,None,0,No,,No,How-to,User error,APAC
HD-260316-01883,2026-03-16 13:45,116,2026-03-16 21:33,P3,Email & Collaboration,Distribution list,Email,Enterprise,Service Desk L1,Neha Thomas,Closed,24,7.81,No,None,0,No,4,No,Incident,Network condition,North America
HD-260529-02184,2026-05-29 16:39,58,2026-05-29 23:39,P2,Network,Switch port,Portal,Enterprise,Network Ops,Arjun Bhat,Resolved,8,7.01,No,None,0,Yes,3,No,Incident,Software defect,EMEA
HD-260804-01829,2026-08-04 11:52,123,2026-08-05 08:55,P3,Software & Applications,Version issue,Chat,SMB,Service Desk L2,Sana Rahman,Closed,24,21.06,No,None,0,No,4,No,Incident,Configuration,EMEA
HD-260310-02780,2026-03-10 13:29,46,2026-03-10 20:19,P2,VPN & Remote Access,Remote desktop,Portal,Enterprise,Service Desk L2,Vikram Patel,Resolved,8,6.84,No,None,0,No,3,No,Incident,Unknown,APAC
HD-260320-03338,2026-03-20 13:39,62,2026-03-20 22:24,P2,Access & Identity,Account locked,Chat,Enterprise,Service Desk L1,Karan Verma,Resolved,8,8.76,Yes,Escalation delay,0,No,4,No,Service request,Configuration,APAC
HD-260807-01346,2026-08-07 09:48,56,2026-08-07 22:25,P3,Hardware,Docking station,Portal,SMB,Business Apps,Imran Dar,Closed,24,12.63,No,None,0,No,4,No,How-to,Access policy,North America
HD-260817-01575,2026-08-17 15:50,168,,P3,Software & Applications,Installation,Email,SMB,Business Apps,Imran Dar,Pending,24,,No,None,1,No,,No,Incident,Hardware fault,North America
HD-260501-01183,2026-05-01 10:59,64,2026-05-01 16:46,P3,Performance,Disk space,Chat,Mid-Market,Service Desk L1,Rohan Mehta,Resolved,24,5.79,No,None,0,No,4,No,Performance issue,User error,APAC
HD-260420-01026,2026-04-20 17:01,273,2026-04-21 22:08,P4,Access & Identity,Permission request,Phone,Enterprise,Endpoint Ops,Sana Rahman,Resolved,72,29.13,No,None,0,No,5,No,Incident,Hardware fault,EMEA
HD-260403-02264,2026-04-03 12:15,13,2026-04-03 18:19,P3,Access & Identity,MFA issue,Email,Mid-Market,Identity & Access,Zoya Hussain,Closed,24,6.08,No,None,1,No,4,Yes,Access request,Software defect,EMEA
HD-260604-01969,2026-06-04 12:13,171,2026-06-05 02:52,P4,Access & Identity,Password reset,Email,Mid-Market,Endpoint Ops,Sana Rahman,Closed,72,14.66,No,None,0,No,5,Yes,Incident,Access policy,North America
HD-260806-02318,2026-08-06 08:08,181,2026-08-06 23:20,P4,Printing & Peripherals,Scanner,Chat,Enterprise,Service Desk L2,Meera Joseph,Resolved,72,15.21,No,None,0,No,3,No,Performance issue,Access policy,EMEA
HD-260630-03302,2026-06-30 09:33,93,2026-06-30 15:25,P3,Software & Applications,Installation,Portal,Mid-Market,Service Desk L2,Meera Joseph,Closed,24,5.88,No,None,0,No,,No,Incident,Software defect,EMEA
HD-260416-01631,2026-04-16 11:58,146,,P3,Telephony,Call quality,Phone,SMB,Network Ops,Farah Latif,Open,24,,No,None,1,No,,No,Incident,Access policy,North America
HD-260827-03671,2026-08-27 11:28,63,2026-08-27 16:47,P2,Telephony,Call quality,Portal,Internal,Service Desk L2,Vikram Patel,Resolved,8,5.32,No,None,0,No,4,No,Service request,User error,EMEA
HD-260609-03347,2026-06-09 14:12,36,2026-06-09 19:29,P3,VPN & Remote Access,VPN login,Email,Mid-Market,Service Desk L2,Arjun Bhat,Closed,24,5.29,No,None,0,Yes,5,Yes,Incident,User error,North America
HD-260817-03704,2026-08-17 10:50,77,2026-08-17 18:23,P3,Access & Identity,Permission request,Email,Internal,Identity & Access,Nadia Ali,Resolved,24,7.56,No,None,0,No,4,No,Service request,User error,North America
HD-260511-03686,2026-05-11 18:51,198,2026-05-14 14:27,P4,VPN & Remote Access,VPN disconnect,Chat,Enterprise,Service Desk L2,Sana Rahman,Closed,72,67.61,No,None,1,No,4,No,Access request,Configuration,EMEA
HD-260609-02356,2026-06-09 10:50,103,2026-06-09 21:26,P3,Performance,High memory,Portal,Enterprise,Network Ops,Zoya Hussain,Resolved,24,10.6,No,None,0,No,5,No,Service request,Configuration,EMEA
HD-260723-04338,2026-07-23 11:47,153,2026-07-24 11:45,P3,Account Provisioning,Offboarding,Chat,Enterprise,Service Desk L1,Aisha Khan,Resolved,24,23.98,No,None,1,No,3,No,Service request,Configuration,EMEA
HD-260825-02416,2026-08-25 13:02,44,2026-08-25 19:14,P2,Printing & Peripherals,Printer offline,Email,SMB,Service Desk L1,Priya Shah,Resolved,8,6.2,No,None,0,No,2,No,Access request,Unknown,APAC
HD-260417-04005,2026-04-17 17:18,172,2026-04-18 00:57,P3,Access & Identity,Permission request,Phone,Enterprise,Identity & Access,Zoya Hussain,Resolved,24,7.65,No,None,1,No,3,No,Performance issue,Software defect,EMEA
HD-260526-02354,2026-05-26 11:48,151,2026-05-27 19:40,P4,Software & Applications,Application error,Chat,Internal,Service Desk L2,Meera Joseph,Closed,72,31.88,No,None,1,No,,No,Performance issue,Software defect,North America
HD-260424-04417,2026-04-24 11:03,120,2026-04-24 16:28,P3,Printing & Peripherals,Scanner,Email,Enterprise,Endpoint Ops,Neha Thomas,Closed,24,5.43,No,None,0,No,3,No,Access request,Access policy,North America
HD-260717-03797,2026-07-17 13:38,87,2026-07-17 21:36,P3,Hardware,Docking station,Portal,Enterprise,Identity & Access,Farah Latif,Resolved,24,7.97,No,None,0,No,4,No,Service request,Software defect,North America
HD-260312-02203,2026-03-12 11:23,120,2026-03-13 01:06,P3,Cloud & SaaS,SSO,Phone,SMB,Service Desk L2,Meera Joseph,Closed,24,13.73,No,None,1,No,4,Yes,Service request,Unknown,APAC
HD-260814-01246,2026-08-14 14:24,54,2026-08-14 18:47,P2,Software & Applications,License,Phone,Mid-Market,Service Desk L2,Sana Rahman,Resolved,8,4.39,No,None,0,Yes,4,No,Incident,Configuration,North America
HD-260429-02662,2026-04-29 13:22,149,2026-04-30 11:19,P4,Software & Applications,Installation,Email,Internal,Business Apps,Sana Rahman,Resolved,72,21.96,No,None,1,No,4,No,Incident,Unknown,North America
HD-260604-03285,2026-06-04 09:40,156,,P4,Printing & Peripherals,Printer offline,Portal,SMB,Identity & Access,Nadia Ali,Open,72,,No,None,1,No,,No,Service request,Software defect,EMEA
HD-260514-02790,2026-05-14 15:24,243,2026-05-15 09:22,P4,Endpoint Security,Malware check,Email,Enterprise,Identity & Access,Farah Latif,Closed,72,17.98,No,None,0,Yes,4,No,Incident,Network condition,APAC
HD-260312-01475,2026-03-12 10:00,56,2026-03-12 18:49,P2,VPN & Remote Access,Split tunnel,Phone,Mid-Market,Network Ops,Farah Latif,Closed,8,8.82,Yes,High queue volume,1,No,2,No,Incident,Network condition,APAC
HD-260516-01328,2026-05-16 17:01,196,2026-05-17 08:10,P4,Email & Collaboration,Calendar,Chat,Mid-Market,Business Apps,Sana Rahman,Resolved,72,15.16,No,None,0,No,,No,Service request,Hardware fault,North America
HD-260715-02983,2026-07-15 14:47,117,2026-07-16 04:45,P3,Hardware,Laptop,Chat,SMB,Service Desk L1,Aisha Khan,Resolved,24,13.97,No,None,1,No,,No,Incident,Vendor issue,EMEA
HD-260529-03852,2026-05-29 09:14,21,2026-05-29 11:36,P2,Endpoint Security,Device compliance,Chat,SMB,Service Desk L1,Neha Thomas,Resolved,8,2.37,No,None,0,No,4,No,Service request,Capacity,APAC
HD-260703-02207,2026-07-03 11:32,15,2026-07-03 21:48,P2,Printing & Peripherals,Scanner,Email,Mid-Market,Network Ops,Farah Latif,Resolved,8,10.28,Yes,High queue volume,0,Yes,4,No,Incident,User error,APAC
HD-260626-01732,2026-06-26 12:50,343,2026-06-27 23:44,P4,Endpoint Security,EDR alert,Chat,Enterprise,Service Desk L1,Imran Dar,Closed,72,34.9,No,None,0,No,,No,Incident,Configuration,APAC
HD-260408-03131,2026-04-08 11:18,132,2026-04-09 08:31,P3,Software & Applications,Application error,Phone,Enterprise,Service Desk L2,Meera Joseph,Closed,24,21.22,No,None,0,No,3,No,Incident,Vendor issue,EMEA
HD-260622-03711,2026-06-22 09:44,217,2026-06-23 00:15,P4,VPN & Remote Access,VPN login,Chat,Internal,Network Ops,Deepak Nair,Closed,72,14.52,No,None,0,No,4,No,Service request,User error,North America
HD-260331-02418,2026-03-31 13:29,51,2026-04-01 08:38,P3,Email & Collaboration,Teams/Meetings,Email,SMB,Endpoint Ops,Sana Rahman,Closed,24,19.15,No,None,0,No,4,No,Access request,Configuration,North America
HD-260623-02270,2026-06-23 17:01,252,2026-06-25 14:13,P4,Telephony,Call quality,Chat,Enterprise,Service Desk L2,Meera Joseph,Resolved,72,45.21,No,None,1,No,,No,Service request,Software defect,North America
HD-260423-02456,2026-04-23 10:51,150,,P4,Network,Wi-Fi,Phone,Enterprise,Network Ops,Farah Latif,Pending,72,,No,None,0,No,,Yes,Incident,Access policy,North America
HD-260723-03784,2026-07-23 12:10,210,,P4,Endpoint Security,Malware check,Chat,Enterprise,Service Desk L1,Priya Shah,Open,72,,No,None,0,No,,No,Incident,Network condition,APAC
HD-260810-04551,2026-08-10 12:10,81,2026-08-11 06:16,P4,VPN & Remote Access,Split tunnel,Email,SMB,Network Ops,Farah Latif,Closed,72,18.11,No,None,0,No,5,No,Service request,User error,North America
HD-260429-04062,2026-04-29 16:44,159,2026-04-30 06:41,P3,Access & Identity,Permission request,Chat,Mid-Market,Identity & Access,Nadia Ali,Resolved,24,13.96,No,None,0,Yes,3,No,Performance issue,Network condition,EMEA
HD-260615-02272,2026-06-15 17:45,314,2026-06-17 14:46,P4,Email & Collaboration,Teams/Meetings,Portal,Enterprise,Endpoint Ops,Neha Thomas,Resolved,72,45.02,No,None,0,No,3,No,Service request,Capacity,APAC
HD-260729-03703,2026-07-29 16:14,172,2026-07-29 23:41,P3,Email & Collaboration,Calendar,Portal,Enterprise,Business Apps,Imran Dar,Closed,24,7.46,No,None,0,No,4,No,Service request,Configuration,North America
HD-260819-01757,2026-08-19 11:52,58,2026-08-19 15:38,P2,Hardware,Keyboard/Mouse,Email,Mid-Market,Service Desk L1,Neha Thomas,Closed,8,3.78,No,None,0,No,,No,Incident,Configuration,EMEA
HD-260416-03426,2026-04-16 16:42,20,2026-04-16 22:38,P1,Software & Applications,Version issue,Email,Mid-Market,Business Apps,Sana Rahman,Resolved,4,5.94,Yes,High queue volume,0,No,3,No,Incident,Network condition,APAC
HD-260303-02372,2026-03-03 15:10,114,2026-03-04 03:35,P3,Endpoint Security,Malware check,Portal,Enterprise,Service Desk L1,Neha Thomas,Closed,24,12.42,No,None,0,No,3,No,Performance issue,Unknown,APAC
HD-260604-01871,2026-06-04 13:27,173,2026-06-05 09:55,P3,Account Provisioning,Offboarding,Portal,Internal,Service Desk L1,Aisha Khan,Closed,24,20.47,No,None,0,No,3,No,Access request,Capacity,APAC
HD-260317-02930,2026-03-17 15:53,89,2026-03-17 22:53,P3,Network,Wi-Fi,Portal,Enterprise,Service Desk L2,Vikram Patel,Closed,24,7.01,No,None,0,No,5,No,Incident,Configuration,APAC
HD-260604-02126,2026-06-04 12:49,16,2026-06-04 16:57,P2,Account Provisioning,Role change,Chat,SMB,Identity & Access,Deepak Nair,Resolved,8,4.14,No,None,0,No,3,No,Access request,User error,North America
HD-260414-01787,2026-04-14 12:39,102,2026-04-14 19:10,P3,Performance,High memory,Portal,Mid-Market,Service Desk L1,Imran Dar,Resolved,24,6.52,No,None,0,No,3,No,Incident,Configuration,APAC
HD-260614-02392,2026-06-14 09:48,22,2026-06-14 14:09,P1,Email & Collaboration,Calendar,Email,Mid-Market,Endpoint Ops,Karan Verma,Resolved,4,4.36,Yes,Dependency delay,0,No,,No,Incident,Hardware fault,EMEA
HD-260402-03203,2026-04-02 13:37,133,2026-04-02 18:58,P3,Hardware,Docking station,Email,Enterprise,Service Desk L2,Sana Rahman,Closed,24,5.36,No,None,1,Yes,4,No,Access request,Vendor issue,EMEA
HD-260616-02494,2026-06-16 15:36,104,2026-06-17 01:41,P3,Software & Applications,Installation,Portal,Enterprise,Business Apps,Neha Thomas,Resolved,24,10.09,No,None,1,No,4,No,How-to,Software defect,EMEA
HD-260317-03164,2026-03-17 14:00,36,,P2,Email & Collaboration,Distribution list,Portal,Enterprise,Service Desk L1,Karan Verma,Open,8,,No,None,0,No,,No,Performance issue,Configuration,APAC
HD-260813-03305,2026-08-13 11:49,145,2026-08-14 03:40,P4,Software & Applications,Version issue,Email,Mid-Market,Service Desk L1,Rohan Mehta,Resolved,72,15.85,No,None,0,No,,No,Incident,Hardware fault,North America
HD-260508-04216,2026-05-08 17:07,115,2026-05-11 04:32,P4,Performance,High CPU,Chat,Mid-Market,Endpoint Ops,Karan Verma,Resolved,72,59.43,No,None,0,No,2,No,Incident,Hardware fault,APAC
HD-260806-02931,2026-08-06 17:43,88,2026-08-07 00:44,P3,Network,LAN connectivity,Portal,Internal,Service Desk L2,Arjun Bhat,Resolved,24,7.02,No,None,0,No,4,Yes,Incident,Vendor issue,APAC
HD-260525-02190,2026-05-25 14:08,60,2026-05-25 16:43,P2,VPN & Remote Access,VPN disconnect,Chat,SMB,Network Ops,Zoya Hussain,Closed,8,2.59,No,None,1,No,4,Yes,Performance issue,Hardware fault,EMEA
HD-260724-02085,2026-07-24 12:25,8,2026-07-24 13:55,P1,Network,Switch port,Email,Enterprise,Network Ops,Arjun Bhat,Closed,4,1.51,No,None,0,No,,No,Access request,User error,North America
HD-260428-03668,2026-04-28 12:36,99,2026-04-30 01:52,P4,Printing & Peripherals,Peripheral setup,Portal,Mid-Market,Service Desk L1,Priya Shah,Resolved,72,37.27,No,None,0,No,5,No,Performance issue,Access policy,APAC
HD-260504-04094,2026-05-04 16:31,73,2026-05-05 05:59,P3,Email & Collaboration,Teams/Meetings,Chat,SMB,Endpoint Ops,Vikram Patel,Resolved,24,13.48,No,None,0,No,4,Yes,Incident,User error,North America
HD-260318-04218,2026-03-18 15:17,10,2026-03-18 20:41,P1,Hardware,Monitor,Phone,Enterprise,Service Desk L2,Sana Rahman,Resolved,4,5.4,Yes,Vendor response,0,No,,No,How-to,Software defect,North America
HD-260803-02172,2026-08-03 10:23,136,2026-08-04 16:29,P4,Access & Identity,Permission request,Chat,Enterprise,Endpoint Ops,Karan Verma,Resolved,72,30.1,No,None,0,Yes,4,No,Service request,User error,EMEA
HD-260313-04592,2026-03-13 13:41,275,2026-03-16 10:25,P4,Cloud & SaaS,Subscription,Email,Mid-Market,Service Desk L1,Karan Verma,Resolved,72,68.74,No,None,0,No,3,No,Incident,Network condition,EMEA
HD-260806-04211,2026-08-06 14:10,21,2026-08-06 21:49,P2,VPN & Remote Access,VPN login,Email,Enterprise,Network Ops,Farah Latif,Resolved,8,7.66,No,None,0,No,4,No,Access request,Software defect,North America
HD-260326-01128,2026-03-26 17:46,3,2026-03-26 23:49,P1,Software & Applications,Installation,Phone,Internal,Business Apps,Imran Dar,Closed,4,6.05,Yes,High queue volume,3,No,3,No,Access request,Hardware fault,APAC
HD-260714-01229,2026-07-14 11:03,125,2026-07-15 07:18,P4,Software & Applications,Version issue,Email,Mid-Market,Business Apps,Priya Shah,Closed,72,20.25,No,None,0,No,4,No,Incident,User error,North America
HD-260525-01337,2026-05-25 10:06,334,,P4,Software & Applications,Version issue,Phone,Mid-Market,Business Apps,Priya Shah,Pending,72,,No,None,0,No,,No,Service request,Network condition,EMEA
HD-260723-01130,2026-07-23 14:09,72,2026-07-24 08:06,P3,Access & Identity,MFA issue,Portal,SMB,Identity & Access,Zoya Hussain,Resolved,24,17.95,No,None,0,Yes,3,No,Incident,Access policy,APAC
HD-260724-03992,2026-07-24 16:43,150,2026-07-25 10:32,P3,Telephony,Softphone,Phone,Enterprise,Service Desk L2,,Resolved,24,17.82,No,None,0,No,3,Yes,How-to,Vendor issue,EMEA
HD-260513-02540,2026-05-13 13:53,35,2026-05-13 16:37,P2,Performance,Disk space,Chat,Enterprise,Service Desk L2,Arjun Bhat,Resolved,8,2.74,No,None,0,No,5,No,Incident,Hardware fault,APAC
HD-260310-04231,2026-03-10 14:50,59,2026-03-13 02:05,P4,Printing & Peripherals,Print queue,Phone,Mid-Market,Identity & Access,Farah Latif,Closed,72,59.26,No,None,0,No,3,No,Performance issue,User error,North America
HD-260729-03469,2026-07-29 17:14,179,,P3,Account Provisioning,Access package,Email,Enterprise,Identity & Access,Farah Latif,Pending,24,,No,None,0,No,,No,Service request,Vendor issue,North America
HD-260615-02280,2026-06-15 16:15,45,2026-06-15 19:01,P2,Email & Collaboration,Distribution list,Phone,Internal,Endpoint Ops,Neha Thomas,Closed,8,2.77,No,None,1,No,4,No,Incident,Vendor issue,North America
HD-260815-01023,2026-08-15 12:43,105,2026-08-16 07:57,P3,Network,DNS/DHCP,Email,Enterprise,Network Ops,Deepak Nair,Closed,24,19.24,No,None,0,No,3,No,Service request,Access policy,North America
HD-260311-02868,2026-03-11 16:11,39,2026-03-11 22:02,P3,Access & Identity,Password reset,Portal,Internal,Identity & Access,Zoya Hussain,Resolved,24,5.85,No,None,2,No,3,No,Incident,Vendor issue,APAC
HD-260529-04081,2026-05-29 09:58,49,2026-05-29 23:07,P3,Access & Identity,Account locked,Phone,Mid-Market,Identity & Access,,Resolved,24,13.16,No,None,0,No,4,No,Incident,Hardware fault,North America
HD-260608-03080,2026-06-08 14:53,31,2026-06-08 18:54,P2,Access & Identity,MFA issue,Email,Internal,Endpoint Ops,Neha Thomas,Resolved,8,4.03,No,None,0,Yes,4,No,Incident,Configuration,APAC
HD-260803-03876,2026-08-03 13:43,356,2026-08-04 08:59,P4,Performance,High memory,Phone,SMB,Identity & Access,Deepak Nair,Resolved,72,19.27,No,None,1,No,5,No,Service request,Hardware fault,North America
HD-260713-03162,2026-07-13 09:01,246,2026-07-15 11:02,P4,Email & Collaboration,Calendar,Portal,SMB,Service Desk L1,Karan Verma,Resolved,72,50.02,No,None,1,No,3,Yes,Incident,Capacity,APAC
HD-260810-03318,2026-08-10 12:59,106,2026-08-10 18:31,P3,Email & Collaboration,Distribution list,Portal,Internal,Business Apps,Imran Dar,Closed,24,5.54,No,None,3,No,5,No,Incident,Network condition,EMEA
HD-260706-04404,2026-07-06 18:15,293,,P4,Cloud & SaaS,Subscription,Chat,SMB,Business Apps,Neha Thomas,Pending,72,,No,None,1,No,,No,Service request,Software defect,EMEA
HD-260513-04173,2026-05-13 11:32,11,2026-05-13 15:10,P1,Software & Applications,Version issue,Email,Mid-Market,Service Desk L2,Arjun Bhat,Resolved,4,3.64,No,None,1,No,4,No,Service request,Network condition,APAC
HD-260306-01230,2026-03-06 10:57,178,2026-03-07 02:16,P4,Printing & Peripherals,Scanner,Email,Enterprise,Business Apps,Karan Verma,Resolved,72,15.32,No,None,0,No,5,No,Incident,Configuration,APAC
HD-260729-01087,2026-07-29 10:33,59,2026-07-29 15:31,P2,Account Provisioning,Role change,Portal,Mid-Market,Identity & Access,Nadia Ali,Resolved,8,4.98,No,None,0,Yes,4,No,Access request,Network condition,North America
HD-260420-04356,2026-04-20 11:55,151,2026-04-21 08:57,P3,Email & Collaboration,Teams/Meetings,Phone,Mid-Market,Service Desk L1,Imran Dar,Resolved,24,21.04,No,None,3,No,3,No,Incident,Network condition,APAC
HD-260727-03004,2026-07-27 12:29,9,2026-07-27 15:51,P1,Endpoint Security,Device compliance,Portal,SMB,Identity & Access,Farah Latif,Resolved,4,3.38,No,None,0,No,3,No,Incident,Access policy,APAC
HD-260629-02414,2026-06-29 11:05,64,2026-06-30 10:11,P3,Printing & Peripherals,Scanner,Phone,Internal,Endpoint Ops,Sana Rahman,Closed,24,23.11,No,None,0,Yes,3,Yes,Access request,User error,North America
HD-260522-02074,2026-05-22 10:30,123,2026-05-23 03:14,P3,Access & Identity,Permission request,Email,Enterprise,Identity & Access,Farah Latif,Closed,24,16.74,No,None,0,No,4,No,Incident,Software defect,EMEA
HD-260410-02098,2026-04-10 17:10,327,2026-04-12 11:16,P4,Cloud & SaaS,Subscription,Portal,SMB,Service Desk L2,Vikram Patel,Resolved,72,42.1,No,None,0,No,3,No,Incident,Configuration,APAC
HD-260807-02793,2026-08-07 11:15,36,2026-08-07 21:48,P3,Access & Identity,MFA issue,Phone,Enterprise,Service Desk L1,Aisha Khan,Resolved,24,10.56,No,None,0,No,4,No,How-to,Software defect,North America
HD-260722-04168,2026-07-22 08:19,269,2026-07-24 02:55,P4,Software & Applications,Version issue,Phone,Internal,Service Desk L2,Meera Joseph,Resolved,72,42.6,No,None,0,No,3,No,Access request,Network condition,EMEA
HD-260723-04244,2026-07-23 21:04,66,2026-07-24 04:39,P3,Performance,Disk space,Portal,Mid-Market,Service Desk L2,Vikram Patel,Closed,24,7.59,No,None,0,No,4,No,Service request,Hardware fault,EMEA
HD-260818-02676,2026-08-18 08:35,18,2026-08-18 22:41,P3,VPN & Remote Access,Remote desktop,Phone,Enterprise,Network Ops,Farah Latif,Resolved,24,14.11,No,None,0,No,3,No,Incident,Software defect,North America
HD-260401-03659,2026-04-01 18:11,116,2026-04-02 10:51,P3,Account Provisioning,Role change,Portal,Internal,Identity & Access,Adil Mir,Resolved,24,16.67,No,None,0,No,4,No,Performance issue,Configuration,EMEA
HD-260305-03271,2026-03-05 11:36,232,,P4,Telephony,Call quality,Chat,Internal,Service Desk L2,Vikram Patel,Pending,72,,No,None,1,No,,No,Service request,Network condition,EMEA
HD-260513-03516,2026-05-13 10:23,104,2026-05-15 08:46,P4,Printing & Peripherals,Peripheral setup,Portal,Mid-Market,Service Desk L1,Rohan Mehta,Closed,72,46.39,No,None,0,No,3,No,Access request,Configuration,North America
HD-260619-03048,2026-06-19 17:11,138,2026-06-22 06:40,P4,Printing & Peripherals,Printer offline,Chat,SMB,Endpoint Ops,Vikram Patel,Closed,72,61.49,No,None,0,No,4,No,Incident,Access policy,EMEA
HD-260729-03265,2026-07-29 10:37,41,2026-07-29 18:03,P2,Performance,High memory,Email,SMB,Network Ops,Zoya Hussain,Resolved,8,7.44,No,None,0,Yes,4,No,Incident,Vendor issue,EMEA
HD-260423-02127,2026-04-23 11:23,109,2026-04-23 23:29,P3,Cloud & SaaS,SSO,Email,Enterprise,Service Desk L2,Sana Rahman,Resolved,24,12.11,No,None,0,No,4,No,Incident,Software defect,EMEA
HD-260716-02547,2026-07-16 16:59,61,2026-07-17 11:07,P3,Account Provisioning,Role change,Portal,Enterprise,Service Desk L1,Aisha Khan,Resolved,24,18.14,No,None,0,No,2,Yes,Access request,Network condition,APAC
HD-260324-03101,2026-03-24 09:07,36,2026-03-24 13:27,P2,Account Provisioning,New starter,Chat,Enterprise,Service Desk L1,Karan Verma,Resolved,8,4.34,No,None,0,No,5,No,Incident,Vendor issue,EMEA
HD-260623-01484,2026-06-23 15:31,51,2026-06-24 03:04,P3,Software & Applications,Version issue,Portal,Internal,Business Apps,Imran Dar,Resolved,24,11.56,No,None,0,No,4,No,Performance issue,Software defect,North America
HD-260624-02815,2026-06-24 09:10,168,,P3,Performance,Disk space,Email,Enterprise,Service Desk L2,Sana Rahman,Pending,24,,No,None,0,No,,No,Incident,Configuration,North America
HD-260527-03447,2026-05-27 19:20,128,,P3,Endpoint Security,Security policy,Email,Enterprise,Identity & Access,Nadia Ali,Open,24,,No,None,1,No,,No,Performance issue,Unknown,North America
HD-260325-01334,2026-03-25 17:46,70,2026-03-26 11:34,P3,Endpoint Security,EDR alert,Portal,SMB,Endpoint Ops,Sana Rahman,Resolved,24,17.81,No,None,0,No,4,No,Incident,Hardware fault,North America
HD-260529-03013,2026-05-29 12:29,123,2026-05-30 12:35,P3,VPN & Remote Access,Remote desktop,Phone,Mid-Market,Service Desk L2,Sana Rahman,Resolved,24,24.11,Yes,Escalation delay,0,No,3,No,Service request,Hardware fault,North America
HD-260326-02767,2026-03-26 15:30,93,2026-03-27 00:46,P3,Cloud & SaaS,Application outage,Phone,Mid-Market,Business Apps,Sana Rahman,Resolved,24,9.27,No,None,1,Yes,4,Yes,Service request,Software defect,APAC
HD-260811-02453,2026-08-11 11:24,38,2026-08-11 17:43,P3,Access & Identity,Permission request,Chat,Enterprise,Identity & Access,Zoya Hussain,Resolved,24,6.32,No,None,0,No,4,No,Access request,Software defect,North America
HD-260827-01436,2026-08-27 15:59,297,2026-08-29 05:33,P4,Account Provisioning,Offboarding,Chat,Enterprise,Identity & Access,Nadia Ali,Resolved,72,37.57,No,None,0,No,4,No,Access request,Configuration,North America
HD-260511-02770,2026-05-11 09:06,102,2026-05-12 06:15,P3,Network,DNS/DHCP,Portal,SMB,Network Ops,Deepak Nair,Closed,24,21.16,No,None,0,No,2,No,Access request,Configuration,EMEA
HD-260828-01214,2026-08-28 14:18,30,2026-08-28 17:15,P2,Email & Collaboration,Calendar,Portal,Mid-Market,Endpoint Ops,Sana Rahman,Resolved,8,2.96,No,None,0,No,4,No,Access request,Configuration,EMEA
HD-260513-01290,2026-05-13 16:21,123,2026-05-16 11:36,P4,Printing & Peripherals,Peripheral setup,Email,Enterprise,Identity & Access,Deepak Nair,Resolved,72,67.26,No,None,0,No,3,No,Performance issue,Configuration,EMEA
HD-260317-02286,2026-03-17 08:59,354,2026-03-18 07:35,P4,Endpoint Security,EDR alert,Email,Internal,Service Desk L1,Priya Shah,Closed,72,22.61,No,None,1,No,4,No,Incident,Software defect,North America
HD-260707-02836,2026-07-07 18:54,102,,P3,Hardware,Keyboard/Mouse,Chat,Mid-Market,Service Desk L1,Priya Shah,Open,24,,No,None,0,No,,Yes,Access request,Configuration,North America
HD-260811-03818,2026-08-11 16:55,66,2026-08-12 04:43,P3,Software & Applications,Installation,Portal,Internal,Business Apps,,Resolved,24,11.81,No,None,0,No,5,No,How-to,Network condition,EMEA
HD-260722-04277,2026-07-22 18:40,10,2026-07-22 21:56,P2,Email & Collaboration,Calendar,Portal,Mid-Market,Service Desk L2,Arjun Bhat,Resolved,8,3.28,No,None,1,No,,No,Access request,Software defect,North America
HD-260630-04086,2026-06-30 15:35,61,2026-06-30 21:05,P3,Account Provisioning,Offboarding,Portal,Internal,Service Desk L1,Priya Shah,Resolved,24,5.5,No,None,0,No,,No,Incident,User error,North America
HD-260821-02475,2026-08-21 16:31,20,2026-08-21 22:14,P1,Performance,Slow device,Chat,Enterprise,Service Desk L2,Sana Rahman,Resolved,4,5.72,Yes,Vendor response,0,No,3,No,Service request,Software defect,North America
HD-260817-03560,2026-08-17 16:01,329,,P4,Software & Applications,License,Portal,Enterprise,Business Apps,Karan Verma,Pending,72,,No,None,1,Yes,,No,Incident,Network condition,EMEA
HD-260501-01235,2026-05-01 14:38,78,2026-05-03 14:56,P4,Network,Switch port,Email,Enterprise,Service Desk L2,Meera Joseph,Closed,72,48.3,No,None,0,No,3,No,Service request,Access policy,North America
HD-260519-02489,2026-05-19 14:50,252,2026-05-22 04:32,P4,Telephony,Softphone,Email,SMB,Network Ops,Farah Latif,Resolved,72,61.7,No,None,1,No,4,No,Performance issue,User error,APAC
HD-260707-03515,2026-07-07 16:21,20,2026-07-09 13:05,P4,Software & Applications,Version issue,Chat,Mid-Market,Business Apps,Imran Dar,Closed,72,44.74,No,None,1,No,2,No,Service request,Hardware fault,EMEA
HD-260716-03415,2026-07-16 18:24,75,2026-07-17 09:58,P3,Software & Applications,License,Email,Mid-Market,Service Desk L1,Karan Verma,Resolved,24,15.57,No,None,2,No,,No,How-to,Network condition,EMEA
HD-260306-03297,2026-03-06 12:35,305,2026-03-07 07:15,P4,Account Provisioning,Offboarding,Portal,Mid-Market,Endpoint Ops,Karan Verma,Closed,72,18.68,No,None,0,No,4,No,How-to,Network condition,North America
HD-260611-01364,2026-06-11 09:44,112,2026-06-11 15:47,P3,Email & Collaboration,Mailbox,Email,Mid-Market,Service Desk L1,Imran Dar,Resolved,24,6.05,No,None,0,No,5,No,Access request,User error,EMEA
HD-260728-01420,2026-07-28 17:23,30,2026-07-29 13:52,P3,Telephony,Softphone,Portal,Enterprise,Service Desk L2,Vikram Patel,Closed,24,20.49,No,None,1,No,4,No,Incident,Network condition,EMEA
HD-260324-04543,2026-03-24 11:20,11,2026-03-24 20:48,P2,Printing & Peripherals,Peripheral setup,Email,SMB,Service Desk L1,Neha Thomas,Closed,8,9.48,Yes,Complex investigation,0,Yes,3,No,Incident,Configuration,EMEA
HD-260716-02586,2026-07-16 15:58,19,2026-07-17 11:43,P3,Cloud & SaaS,Subscription,Portal,Mid-Market,Service Desk L1,Imran Dar,Closed,24,19.76,No,None,0,No,3,No,Incident,Configuration,North America
HD-260806-02817,2026-08-06 14:59,49,,P2,VPN & Remote Access,VPN disconnect,Email,Mid-Market,Network Ops,Deepak Nair,Pending,8,,No,None,0,No,,No,How-to,Hardware fault,North America
HD-260302-03826,2026-03-02 10:47,284,2026-03-03 02:30,P4,Cloud & SaaS,Integration,Chat,Mid-Market,Service Desk L1,Karan Verma,Closed,72,15.72,No,None,0,No,4,No,Incident,User error,APAC
HD-260828-03445,2026-08-28 09:15,350,,P4,Endpoint Security,EDR alert,Portal,SMB,Identity & Access,Adil Mir,Pending,72,,No,None,1,No,,No,Service request,User error,APAC
HD-260328-01873,2026-03-28 14:31,105,2026-03-28 20:49,P3,Printing & Peripherals,Printer offline,Portal,Internal,Business Apps,Karan Verma,Closed,24,6.31,No,None,1,No,4,No,How-to,Vendor issue,EMEA
HD-260608-01491,2026-06-08 09:55,25,2026-06-09 03:26,P3,Hardware,Keyboard/Mouse,Portal,Mid-Market,Service Desk L1,Imran Dar,Resolved,24,17.53,No,None,1,No,4,No,Incident,User error,APAC
HD-260330-03536,2026-03-30 18:51,250,2026-04-02 13:42,P4,Account Provisioning,Offboarding,Email,Mid-Market,Identity & Access,,Resolved,72,66.86,No,None,1,No,,No,Incident,Access policy,APAC
HD-260819-01219,2026-08-19 12:21,134,2026-08-19 18:58,P3,Performance,Disk space,Portal,SMB,Service Desk L1,Priya Shah,Closed,24,6.63,No,None,0,No,4,No,How-to,Network condition,APAC
HD-260511-01531,2026-05-11 10:30,52,2026-05-11 12:48,P2,Printing & Peripherals,Peripheral setup,Email,SMB,Service Desk L1,Neha Thomas,Closed,8,2.3,No,None,3,Yes,3,Yes,Service request,Vendor issue,APAC
HD-260819-03016,2026-08-19 18:20,174,2026-08-20 03:16,P3,Software & Applications,Application error,Portal,Enterprise,Service Desk L2,Meera Joseph,Resolved,24,8.94,No,None,0,No,4,No,Access request,Hardware fault,APAC
HD-260825-02747,2026-08-25 19:38,202,2026-08-26 11:25,P4,Access & Identity,Password reset,Email,Mid-Market,Identity & Access,Adil Mir,Resolved,72,15.79,No,None,0,No,5,No,Incident,Software defect,North America
HD-260302-03587,2026-03-02 16:19,234,2026-03-05 08:18,P4,Network,Wi-Fi,Portal,Enterprise,Network Ops,Farah Latif,Resolved,72,63.99,No,None,0,No,2,No,Incident,User error,APAC
HD-260611-04468,2026-06-11 13:39,29,,P3,Telephony,Call quality,Phone,Enterprise,Service Desk L2,Sana Rahman,Pending,24,,No,None,0,Yes,,No,Incident,Configuration,North America
HD-260804-04118,2026-08-04 08:07,25,2026-08-04 14:05,P2,Software & Applications,Application error,Phone,SMB,Service Desk L1,Karan Verma,Closed,8,5.97,No,None,1,No,3,No,Service request,User error,EMEA
HD-260702-02316,2026-07-02 08:41,254,2026-07-03 04:38,P4,Email & Collaboration,Teams/Meetings,Email,Mid-Market,Service Desk L2,Vikram Patel,Resolved,72,19.95,No,None,0,No,,No,Performance issue,Configuration,APAC
HD-260406-03478,2026-04-06 11:12,241,2026-04-07 03:43,P4,Account Provisioning,Offboarding,Chat,SMB,Identity & Access,Deepak Nair,Closed,72,16.52,No,None,0,No,4,No,Incident,Software defect,EMEA
HD-260324-03003,2026-03-24 17:08,19,2026-03-24 21:34,P1,Cloud & SaaS,Subscription,Email,Mid-Market,Business Apps,Karan Verma,Resolved,4,4.44,Yes,Vendor response,0,Yes,3,No,How-to,Network condition,APAC
HD-260303-02479,2026-03-03 13:31,32,,P2,Account Provisioning,Access package,Email,Mid-Market,Identity & Access,Adil Mir,Open,8,,No,None,0,No,,No,Incident,Software defect,APAC
HD-260424-04098,2026-04-24 11:33,130,2026-04-25 02:06,P3,Account Provisioning,New starter,Chat,Mid-Market,Service Desk L1,Aisha Khan,Closed,24,14.56,No,None,1,No,,No,Incident,Configuration,North America
HD-260306-01418,2026-03-06 13:25,46,,P2,Cloud & SaaS,Subscription,Portal,SMB,Service Desk L2,Vikram Patel,Pending,8,,No,None,1,Yes,,No,How-to,Vendor issue,EMEA
HD-260720-01175,2026-07-20 10:32,144,2026-07-21 08:20,P3,Access & Identity,Account locked,Chat,SMB,Identity & Access,Deepak Nair,Resolved,24,21.81,No,None,0,Yes,3,No,Incident,Network condition,North America
HD-260305-04476,2026-03-05 12:38,93,2026-03-05 18:18,P3,VPN & Remote Access,Remote desktop,Portal,SMB,Network Ops,Farah Latif,Resolved,24,5.68,No,None,1,Yes,5,No,Access request,Software defect,EMEA
HD-260729-03990,2026-07-29 12:34,63,2026-07-29 23:29,P3,Telephony,Headset,Portal,Mid-Market,Network Ops,Deepak Nair,Closed,24,10.93,No,None,0,No,4,No,Incident,User error,North America
HD-260806-03084,2026-08-06 11:31,9,2026-08-06 16:56,P1,Hardware,Monitor,Chat,Mid-Market,Network Ops,Farah Latif,Resolved,4,5.43,Yes,Escalation delay,0,No,4,No,Incident,Access policy,North America
HD-260413-01335,2026-04-13 15:50,68,2026-04-13 23:42,P3,VPN & Remote Access,VPN disconnect,Email,SMB,Network Ops,Deepak Nair,Closed,24,7.87,No,None,0,No,3,No,Service request,User error,North America
HD-260624-01768,2026-06-24 15:46,25,,P2,Access & Identity,Account locked,Chat,Enterprise,Identity & Access,Zoya Hussain,Pending,8,,No,None,0,No,,Yes,Service request,User error,North America
HD-260619-04196,2026-06-19 13:04,143,2026-06-22 01:45,P4,Performance,Disk space,Email,Enterprise,Identity & Access,Nadia Ali,Resolved,72,60.69,No,None,0,No,2,No,Access request,Hardware fault,North America
HD-260302-03871,2026-03-02 11:15,321,,P4,Account Provisioning,Offboarding,Portal,SMB,Identity & Access,Farah Latif,Pending,72,,No,None,1,No,,No,Incident,Access policy,North America
HD-260806-03561,2026-08-06 09:36,338,2026-08-07 18:43,P4,Email & Collaboration,Teams/Meetings,Phone,Mid-Market,Endpoint Ops,Sana Rahman,Closed,72,33.13,No,None,2,No,4,No,Access request,Access policy,APAC
HD-260403-02264,2026-04-03 12:15,13,2026-04-03 18:19,P3,Access & Identity,MFA issue,Email,Mid-Market,Identity & Access,Zoya Hussain,Closed,24,6.08,No,None,1,No,4,Yes,Access request,Software defect,EMEA
HD-260716-01836,2026-07-16 11:51,82,2026-07-17 03:44,P4,Network,LAN connectivity,Phone,Mid-Market,Service Desk L2,Sana Rahman,Resolved,72,15.89,No,None,0,No,,No,Incident,Hardware fault,EMEA
HD-260825-03259,2026-08-25 17:03,34,2026-08-26 23:21,P4,Network,LAN connectivity,Chat,SMB,Service Desk L2,Arjun Bhat,Resolved,72,30.3,No,None,0,No,4,No,Incident,Software defect,APAC
HD-260330-01156,2026-03-30 15:51,27,2026-03-30 22:31,P3,Hardware,Keyboard/Mouse,Email,Mid-Market,Service Desk L1,Priya Shah,Closed,24,6.68,No,None,1,No,4,No,Performance issue,User error,North America
HD-260321-03767,2026-03-21 08:15,298,,P4,Account Provisioning,Offboarding,Phone,Mid-Market,Service Desk L1,Neha Thomas,Pending,72,,No,None,0,No,,No,Incident,Configuration,APAC
HD-260727-02805,2026-07-27 09:14,83,2026-07-27 15:20,P3,Hardware,Monitor,Chat,Mid-Market,Service Desk L2,Vikram Patel,Resolved,24,6.11,No,None,0,No,4,Yes,How-to,Access policy,North America
HD-260403-01632,2026-04-03 12:52,75,2026-04-03 21:06,P3,Access & Identity,Account locked,Portal,SMB,Service Desk L1,Priya Shah,Closed,24,8.24,No,None,0,No,5,No,Access request,Configuration,EMEA
HD-260612-04090,2026-06-12 16:12,107,2026-06-13 21:18,P4,Performance,Slow device,Email,SMB,Service Desk L2,Sana Rahman,Resolved,72,29.11,No,None,0,No,4,No,How-to,Access policy,North America
HD-260427-02136,2026-04-27 14:51,134,2026-04-28 13:45,P3,Access & Identity,Password reset,Chat,Enterprise,Service Desk L1,Karan Verma,Closed,24,22.91,No,None,1,No,3,No,Incident,Configuration,EMEA
HD-260508-02582,2026-05-08 17:47,43,,P2,Account Provisioning,Access package,Email,Mid-Market,Identity & Access,Nadia Ali,Pending,8,,No,None,1,No,,No,Performance issue,Vendor issue,North America
HD-260515-03428,2026-05-15 13:42,167,,P3,Cloud & SaaS,Application outage,Email,SMB,Business Apps,Imran Dar,Open,24,,No,None,0,No,,No,Service request,User error,North America
HD-260413-02746,2026-04-13 08:55,86,2026-04-13 15:29,P3,Cloud & SaaS,SSO,Email,SMB,Service Desk L1,Neha Thomas,Resolved,24,6.58,No,None,0,No,5,Yes,Service request,Configuration,EMEA
HD-260514-01376,2026-05-14 20:46,199,2026-05-15 15:04,P4,,Keyboard/Mouse,Email,Mid-Market,Service Desk L1,Aisha Khan,Resolved,72,18.3,No,None,0,No,5,No,How-to,Vendor issue,North America
HD-260325-04182,2026-03-25 09:22,85,,P4,Telephony,Headset,Email,Internal,Service Desk L2,Vikram Patel,Open,72,,No,None,0,No,,No,Access request,Software defect,EMEA
HD-260423-04457,2026-04-23 10:47,20,2026-04-23 13:23,P2,Software & Applications,Installation,Portal,Internal,Service Desk L1,Karan Verma,Resolved,8,2.6,No,None,0,No,4,No,Access request,Configuration,EMEA
HD-260421-04594,2026-04-21 11:54,55,2026-04-24 02:48,P4,Account Provisioning,New starter,Portal,SMB,Endpoint Ops,Neha Thomas,Resolved,72,62.91,No,None,1,No,4,No,Service request,User error,North America
HD-260402-01294,2026-04-02 09:09,167,,P3,Email & Collaboration,Mailbox,Portal,Mid-Market,Network Ops,Zoya Hussain,Pending,24,,No,None,1,No,,No,Incident,User error,EMEA
HD-260720-03254,2026-07-20 15:09,33,2026-07-20 18:43,P2,Printing & Peripherals,Scanner,Chat,Mid-Market,Service Desk L1,Imran Dar,Resolved,8,3.58,No,None,0,No,,No,How-to,Configuration,North America
HD-260507-02411,2026-05-07 10:21,150,2026-05-08 01:42,P4,VPN & Remote Access,VPN disconnect,Email,Enterprise,Network Ops,Zoya Hussain,Resolved,72,15.35,No,None,0,No,4,No,Service request,Configuration,North America
HD-260416-01569,2026-04-16 10:07,156,,P3,Account Provisioning,Offboarding,Email,Internal,Identity & Access,Farah Latif,Open,24,,No,None,0,No,,No,Incident,Vendor issue,APAC
HD-260507-02727,2026-05-07 11:03,65,2026-05-07 19:43,P3,Printing & Peripherals,Peripheral setup,Phone,Mid-Market,Endpoint Ops,Sana Rahman,Resolved,24,8.67,No,None,0,No,,No,How-to,Access policy,EMEA
HD-260312-02357,2026-03-12 16:27,282,2026-03-14 12:16,P4,Hardware,Laptop,Portal,Mid-Market,Business Apps,Priya Shah,Closed,72,43.82,No,None,1,No,4,No,Incident,Access policy,North America
HD-260501-03314,2026-05-01 12:33,16,2026-05-02 08:53,P3,Software & Applications,License,Chat,SMB,Service Desk L1,Karan Verma,Resolved,24,20.34,No,None,0,No,3,No,Access request,User error,EMEA
HD-260420-03586,2026-04-20 14:06,179,2026-04-21 04:16,P3,Account Provisioning,Role change,Chat,Mid-Market,Service Desk L1,Karan Verma,Closed,24,14.18,No,None,0,No,3,No,Service request,Access policy,APAC
HD-260724-03284,2026-07-24 16:14,57,2026-07-24 21:53,P2,VPN & Remote Access,Remote desktop,Email,SMB,Network Ops,Farah Latif,Resolved,8,5.66,No,None,1,Yes,3,Yes,Incident,Network condition,North America
HD-260415-04261,2026-04-15 17:44,3,2026-04-15 21:11,P1,Printing & Peripherals,Peripheral setup,Portal,Enterprise,Service Desk L2,Sana Rahman,Resolved,4,3.46,No,None,1,No,3,No,Incident,Hardware fault,EMEA
HD-260430-02854,2026-04-30 13:54,51,2026-05-01 05:45,P3,Cloud & SaaS,Subscription,Email,Mid-Market,Service Desk L2,Arjun Bhat,Closed,24,15.85,No,None,0,No,3,No,Service request,User error,North America
HD-260713-03637,2026-07-13 09:49,309,2026-07-14 19:02,P4,Telephony,Call quality,Portal,Enterprise,Service Desk L2,Meera Joseph,Closed,72,33.22,No,None,1,No,3,No,Incident,Hardware fault,North America
HD-260709-01928,2026-07-09 14:42,129,2026-07-09 21:53,P3,Software & Applications,Application error,Email,SMB,Business Apps,Karan Verma,Resolved,24,7.19,No,None,0,No,3,No,Performance issue,Hardware fault,EMEA
HD-260520-01582,2026-05-20 16:21,46,2026-05-20 22:13,P3,VPN & Remote Access,VPN login,Portal,SMB,Service Desk L2,Meera Joseph,Resolved,24,5.88,No,None,0,No,4,No,Service request,Software defect,North America
HD-260812-01204,2026-08-12 16:05,174,,P3,Email & Collaboration,Calendar,Phone,Enterprise,Business Apps,Imran Dar,Open,24,,No,None,1,No,,No,Service request,User error,North America
HD-260319-01663,2026-03-19 12:12,168,2026-03-19 19:31,P3,Email & Collaboration,Calendar,Portal,Mid-Market,Service Desk L2,Vikram Patel,Resolved,24,7.33,No,None,2,No,4,No,Service request,Network condition,North America
HD-260730-02404,2026-07-30 16:57,100,2026-07-31 14:49,P3,Access & Identity,Permission request,Email,Mid-Market,Service Desk L1,Aisha Khan,Closed,24,21.88,No,None,1,No,2,No,Service request,Software defect,EMEA
HD-260820-04237,2026-08-20 17:45,39,2026-08-20 22:16,P2,VPN & Remote Access,Remote desktop,Chat,Internal,Network Ops,Farah Latif,Resolved,8,4.52,No,None,0,Yes,4,No,Service request,Hardware fault,EMEA
HD-260513-03978,2026-05-13 09:45,203,2026-05-15 17:59,P4,Access & Identity,Permission request,Email,Enterprise,Service Desk L1,Neha Thomas,Resolved,72,56.24,No,None,1,No,4,No,How-to,Configuration,North America
HD-260316-02965,2026-03-16 17:08,26,2026-03-18 20:06,P4,Network,DNS/DHCP,Chat,Internal,Service Desk L2,Sana Rahman,Resolved,72,50.98,No,None,3,No,3,No,Service request,Hardware fault,North America
HD-260804-01857,2026-08-04 12:46,98,2026-08-04 20:59,P3,Telephony,Softphone,Chat,Internal,Service Desk L2,Meera Joseph,Resolved,24,8.22,No,None,0,No,,No,Access request,Configuration,APAC
HD-260709-01428,2026-07-09 13:56,124,2026-07-09 19:30,P3,Access & Identity,Permission request,Chat,SMB,Service Desk L1,Karan Verma,Resolved,24,5.57,No,None,1,No,4,No,Service request,Vendor issue,North America
HD-260401-03075,2026-04-01 21:54,176,2026-04-04 16:33,P4,Telephony,Softphone,Portal,Mid-Market,Service Desk L2,,Closed,72,66.65,No,None,3,No,4,No,Access request,Access policy,North America
HD-260718-03579,2026-07-18 09:15,144,,P4,Hardware,Keyboard/Mouse,Phone,Enterprise,Service Desk L1,Aisha Khan,Open,72,,No,None,1,No,,Yes,Service request,User error,EMEA
HD-260311-01718,2026-03-11 21:33,16,2026-03-12 04:38,P3,VPN & Remote Access,Remote desktop,Portal,Enterprise,Network Ops,Zoya Hussain,Closed,24,7.09,No,None,0,No,4,No,Incident,Software defect,North America
HD-260402-02108,2026-04-02 16:19,124,2026-04-03 16:03,P3,Performance,High memory,Portal,Enterprise,Network Ops,Deepak Nair,Closed,24,23.74,No,None,1,Yes,3,No,Incident,User error,North America
HD-260611-03964,2026-06-11 17:15,22,2026-06-11 20:39,P1,Network,LAN connectivity,Phone,SMB,Service Desk L2,Arjun Bhat,Resolved,4,3.4,No,None,0,No,3,No,Service request,Configuration,EMEA
HD-260723-02425,2026-07-23 14:28,120,2026-07-24 04:02,P3,Software & Applications,Installation,Email,SMB,Business Apps,Neha Thomas,Resolved,24,13.58,No,None,2,No,3,No,How-to,User error,North America
HD-260421-03500,2026-04-21 09:43,334,2026-04-22 03:47,P4,Email & Collaboration,Mailbox,Portal,SMB,Service Desk L1,Imran Dar,Resolved,72,18.07,No,None,0,No,,No,Incident,Hardware fault,North America
HD-260502-02111,2026-05-02 15:51,173,2026-05-03 07:46,P3,Cloud & SaaS,Application outage,Phone,Mid-Market,Service Desk L1,Priya Shah,Closed,24,15.93,No,None,0,No,4,No,Access request,Hardware fault,APAC
HD-260826-04329,2026-08-26 17:19,48,,P2,Printing & Peripherals,Scanner,Portal,Internal,Service Desk L2,Vikram Patel,Pending,8,,No,None,1,No,,No,Performance issue,User error,APAC
HD-260324-01695,2026-03-24 12:03,19,2026-03-24 14:18,P2,Email & Collaboration,Teams/Meetings,Email,Enterprise,Service Desk L2,Sana Rahman,Resolved,8,2.25,No,None,1,No,5,No,Service request,Configuration,North America
HD-260605-03060,2026-06-05 20:12,182,2026-06-07 06:01,P4,,Security policy,Portal,Enterprise,Endpoint Ops,Karan Verma,Resolved,72,33.82,No,None,0,No,4,No,Service request,Software defect,North America
HD-260611-01421,2026-06-11 11:10,27,2026-06-12 11:43,P4,Account Provisioning,Access package,Portal,SMB,Identity & Access,Deepak Nair,Closed,72,24.56,No,None,0,Yes,5,No,Access request,Unknown,APAC
HD-260504-03594,2026-05-04 14:47,19,2026-05-04 20:18,P2,Network,LAN connectivity,Email,SMB,Network Ops,Deepak Nair,Resolved,8,5.52,No,None,0,No,3,No,Incident,Access policy,EMEA
HD-260826-03241,2026-08-26 12:03,121,,P3,Access & Identity,Permission request,Portal,SMB,Identity & Access,Nadia Ali,Pending,24,,No,None,1,No,,No,Performance issue,User error,EMEA
HD-260430-01359,2026-04-30 11:50,80,2026-04-30 19:14,P3,Account Provisioning,Access package,Chat,Enterprise,Service Desk L1,Neha Thomas,Closed,24,7.4,No,None,0,No,,No,Incident,Configuration,APAC
HD-260415-04452,2026-04-15 14:45,100,2026-04-16 06:58,P3,Printing & Peripherals,Scanner,Portal,Mid-Market,Service Desk L2,Arjun Bhat,Resolved,24,16.22,No,None,3,No,3,No,Incident,Network condition,EMEA
HD-260429-01824,2026-04-29 10:22,12,2026-04-29 16:26,P2,Performance,High CPU,Chat,SMB,Identity & Access,Zoya Hussain,Resolved,8,6.08,No,None,0,Yes,4,No,How-to,Hardware fault,EMEA
HD-260416-03427,2026-04-16 15:20,41,2026-04-17 00:32,P3,Endpoint Security,Security policy,Email,Enterprise,Service Desk L1,Neha Thomas,Closed,24,9.2,No,None,0,No,4,No,Incident,Hardware fault,North America
HD-260806-02909,2026-08-06 18:00,300,2026-08-09 05:39,P4,VPN & Remote Access,Split tunnel,Portal,SMB,Service Desk L2,Meera Joseph,Closed,72,59.65,No,None,0,No,4,No,Incident,Configuration,North America
HD-260511-02681,2026-05-11 15:49,123,2026-05-12 13:13,P3,Cloud & SaaS,Integration,Email,Enterprise,Service Desk L1,Karan Verma,Closed,24,21.41,No,None,0,No,3,No,Incident,Software defect,EMEA
HD-260324-03371,2026-03-24 13:52,51,2026-03-26 05:34,P4,Software & Applications,Version issue,Portal,Mid-Market,Business Apps,Imran Dar,Resolved,72,39.7,No,None,1,No,4,No,Service request,Software defect,EMEA
HD-260805-02302,2026-08-05 17:10,178,2026-08-06 21:37,P4,Endpoint Security,EDR alert,Chat,SMB,Identity & Access,Farah Latif,Closed,72,28.46,No,None,0,No,4,No,Performance issue,Network condition,EMEA
HD-260717-03811,2026-07-17 14:04,129,,P3,Telephony,Softphone,Phone,SMB,Service Desk L2,Arjun Bhat,Pending,24,,No,None,1,No,,No,Incident,Software defect,EMEA
HD-260521-01991,2026-05-21 10:01,132,2026-05-21 21:04,P3,Account Provisioning,Offboarding,Email,SMB,Identity & Access,Deepak Nair,Resolved,24,11.05,No,None,0,No,4,No,Service request,User error,APAC
HD-260721-03782,2026-07-21 18:45,94,2026-07-22 06:30,P3,Printing & Peripherals,Scanner,Email,Enterprise,Service Desk L1,Karan Verma,Resolved,24,11.76,No,None,0,No,,No,Access request,Capacity,North America
HD-260415-01568,2026-04-15 10:23,250,2026-04-18 03:42,P4,Performance,High CPU,Phone,SMB,Endpoint Ops,Vikram Patel,Resolved,72,65.32,No,None,0,No,3,No,Service request,Configuration,EMEA
HD-260826-03629,2026-08-26 15:33,19,2026-08-26 21:28,P1,Access & Identity,MFA issue,Chat,Mid-Market,Identity & Access,Zoya Hussain,Resolved,4,5.92,Yes,Vendor response,0,No,3,No,Incident,Capacity,APAC
HD-260323-02929,2026-03-23 12:34,64,2026-03-25 22:34,P4,Performance,Slow device,Portal,Enterprise,Service Desk L1,Imran Dar,Resolved,72,58,No,None,0,No,2,No,Access request,User error,North America
HD-260404-03773,2026-04-04 08:03,88,2026-04-04 18:09,P3,Software & Applications,Version issue,Portal,Internal,Business Apps,Neha Thomas,Closed,24,10.1,No,None,0,No,4,No,Incident,Configuration,EMEA
HD-260317-02409,2026-03-17 13:21,9,2026-03-17 15:45,P1,Telephony,Call quality,Email,Internal,Service Desk L2,Sana Rahman,Resolved,4,2.41,No,None,0,No,3,Yes,Incident,Network condition,North America
HD-260507-02869,2026-05-07 15:12,230,2026-05-10 08:42,P4,Endpoint Security,Device compliance,Phone,Internal,Service Desk L1,Priya Shah,Closed,72,65.51,No,None,0,Yes,3,No,How-to,Network condition,North America
HD-260814-02922,2026-08-14 12:56,236,2026-08-16 17:50,P4,Network,Switch port,Email,Internal,Network Ops,Zoya Hussain,Resolved,72,52.91,No,None,0,No,,No,Service request,Configuration,North America
HD-260822-04465,2026-08-22 19:45,298,2026-08-25 06:33,P4,Software & Applications,Installation,Chat,Mid-Market,Service Desk L2,Vikram Patel,Resolved,72,58.81,No,None,0,No,4,Yes,Service request,User error,APAC
HD-260629-02378,2026-06-29 15:28,43,2026-06-30 10:26,P4,Access & Identity,Account locked,Chat,Mid-Market,Identity & Access,Deepak Nair,Closed,72,18.97,No,None,0,No,,No,Incident,User error,North America
HD-260327-02927,2026-03-27 15:28,279,2026-03-29 02:54,P4,Account Provisioning,New starter,Portal,Mid-Market,Identity & Access,Adil Mir,Resolved,72,35.44,No,None,2,No,4,No,Service request,User error,North America
HD-260830-03971,2026-08-30 11:58,189,2026-08-31 02:25,P4,Telephony,Softphone,Portal,Mid-Market,Service Desk L2,Vikram Patel,Resolved,72,14.46,No,None,0,No,4,No,Incident,Software defect,North America
HD-260505-02377,2026-05-05 08:10,58,2026-05-05 17:41,P2,Endpoint Security,Security policy,Email,Mid-Market,Service Desk L1,Neha Thomas,Resolved,8,9.52,Yes,Escalation delay,0,Yes,,No,Access request,Access policy,North America
HD-260610-04538,2026-06-10 11:36,130,2026-06-11 03:20,P4,Cloud & SaaS,SSO,Chat,Enterprise,Business Apps,Priya Shah,Resolved,72,15.74,No,None,0,No,,No,Incident,Software defect,EMEA
HD-260311-01876,2026-03-11 11:52,112,2026-03-11 20:52,P3,Endpoint Security,Malware check,Email,SMB,Identity & Access,Zoya Hussain,Closed,24,9,No,None,0,No,4,No,Service request,Access policy,North America
HD-260731-01800,2026-07-31 16:44,15,2026-07-31 18:08,P1,Cloud & SaaS,Integration,Portal,Mid-Market,Service Desk L2,Sana Rahman,Resolved,4,1.4,No,None,0,No,4,No,Access request,Hardware fault,North America
HD-260517-02275,2026-05-17 16:58,111,2026-05-18 00:53,P3,Software & Applications,Version issue,Email,Enterprise,Business Apps,Priya Shah,Resolved,24,7.93,No,None,0,No,5,Yes,Access request,User error,North America
HD-260821-02908,2026-08-21 09:35,7,2026-08-21 10:59,P1,Hardware,Docking station,Phone,Enterprise,Business Apps,Imran Dar,Resolved,4,1.4,No,None,0,Yes,3,Yes,Incident,Hardware fault,APAC
HD-260303-01638,2026-03-03 18:30,26,2026-03-06 14:31,P4,Software & Applications,License,Portal,Internal,Service Desk L2,Vikram Patel,Resolved,72,68.02,No,None,0,No,3,No,Access request,Capacity,North America
HD-260415-02916,2026-04-15 11:49,106,2026-04-15 21:20,P3,Email & Collaboration,Distribution list,Email,Enterprise,Service Desk L1,Neha Thomas,Resolved,24,9.53,No,None,0,No,4,No,Service request,Unknown,North America
HD-260312-01909,2026-03-12 09:50,44,2026-03-13 03:00,P4,Hardware,Monitor,Chat,Internal,Service Desk L2,Sana Rahman,Resolved,72,17.17,No,None,1,No,4,No,Service request,Hardware fault,EMEA
HD-260402-01548,2026-04-02 19:28,17,,P2,,Disk space,Portal,Enterprise,Endpoint Ops,Karan Verma,Open,8,,No,None,0,Yes,,No,Incident,Network condition,North America
HD-260821-01881,2026-08-21 14:40,61,2026-08-22 07:37,P3,Software & Applications,Version issue,Email,Enterprise,Service Desk L2,Meera Joseph,Resolved,24,16.95,No,None,0,No,4,No,How-to,User error,EMEA
HD-260803-04025,2026-08-03 11:49,126,2026-08-03 21:24,P3,Endpoint Security,Device compliance,Chat,Enterprise,Endpoint Ops,Karan Verma,Resolved,24,9.59,No,None,0,No,3,No,Service request,Vendor issue,EMEA
HD-260302-01862,2026-03-02 17:13,77,2026-03-03 15:58,P3,Printing & Peripherals,Scanner,Email,SMB,Identity & Access,Farah Latif,Resolved,24,22.76,No,None,0,No,2,No,Performance issue,Network condition,North America
HD-260803-02497,2026-08-03 13:51,22,2026-08-03 16:54,P2,VPN & Remote Access,VPN login,Chat,Mid-Market,Network Ops,Farah Latif,Resolved,8,3.05,No,None,0,No,3,No,Incident,Vendor issue,APAC
HD-260703-03256,2026-07-03 13:23,121,2026-07-04 04:30,P4,Hardware,Monitor,Portal,SMB,Service Desk L1,Aisha Khan,Resolved,72,15.13,No,None,1,No,4,No,Service request,Software defect,EMEA
HD-260605-01139,2026-06-05 12:46,126,2026-06-08 05:36,P4,Access & Identity,MFA issue,Email,SMB,Endpoint Ops,Karan Verma,Resolved,72,64.84,No,None,0,No,3,No,Service request,Access policy,APAC
HD-260325-02546,2026-03-25 11:01,108,2026-03-26 04:31,P4,Hardware,Docking station,Phone,SMB,Service Desk L1,Karan Verma,Closed,72,17.5,No,None,0,No,,No,Access request,User error,EMEA
HD-260423-01170,2026-04-23 20:09,20,2026-04-23 22:30,P1,Performance,Disk space,Portal,SMB,Service Desk L1,Karan Verma,Closed,4,2.36,No,None,0,No,3,No,Service request,Unknown,EMEA
HD-260407-02040,2026-04-07 13:23,100,2026-04-08 08:50,P3,Account Provisioning,Access package,Phone,Mid-Market,Identity & Access,Farah Latif,Closed,24,19.46,No,None,0,No,4,No,Access request,User error,North America
HD-260817-03184,2026-08-17 09:23,15,,P2,VPN & Remote Access,VPN disconnect,Email,Enterprise,Network Ops,Arjun Bhat,Pending,8,,No,None,0,No,,No,How-to,Software defect,APAC
HD-260328-02872,2026-03-28 11:04,90,,P3,Email & Collaboration,Distribution list,Portal,SMB,Service Desk L1,Neha Thomas,Pending,24,,No,None,0,No,,No,Incident,Unknown,APAC
HD-260317-02413,2026-03-17 11:42,110,2026-03-18 01:19,P3,Endpoint Security,Security policy,Chat,SMB,Service Desk L1,Rohan Mehta,Resolved,24,13.63,No,None,0,No,5,No,Performance issue,Hardware fault,EMEA
HD-260806-01672,2026-08-06 18:31,347,2026-08-07 10:03,P4,Cloud & SaaS,Subscription,Portal,Mid-Market,Business Apps,Karan Verma,Resolved,72,15.54,No,None,0,Yes,4,No,Access request,Software defect,EMEA
HD-260715-03559,2026-07-15 08:53,25,2026-07-15 18:49,P2,Network,LAN connectivity,Portal,Internal,Network Ops,Deepak Nair,Resolved,8,9.94,Yes,High queue volume,0,No,3,No,Incident,Network condition,North America
HD-260728-01523,2026-07-28 15:15,310,2026-07-29 21:30,P4,Endpoint Security,Device compliance,Email,Internal,Identity & Access,Farah Latif,Resolved,72,30.26,No,None,0,No,4,No,Incident,Access policy,North America
HD-260413-03341,2026-04-13 11:52,304,,P4,Performance,High memory,Portal,Internal,Service Desk L1,Karan Verma,Pending,72,,No,None,0,No,,No,Performance issue,Network condition,EMEA
HD-260316-03537,2026-03-16 08:16,74,2026-03-17 05:14,P3,Email & Collaboration,Distribution list,Email,Mid-Market,Network Ops,Deepak Nair,Closed,24,20.97,No,None,3,No,3,No,Incident,Hardware fault,North America
HD-260323-04335,2026-03-23 17:35,44,,P4,Email & Collaboration,Teams/Meetings,Portal,Enterprise,Endpoint Ops,Vikram Patel,Open,72,,No,None,0,No,,Yes,Incident,Capacity,North America
HD-260520-03242,2026-05-20 10:42,227,2026-05-21 12:21,P4,Endpoint Security,EDR alert,Chat,Mid-Market,Identity & Access,Zoya Hussain,Closed,72,25.66,No,None,0,No,3,No,Service request,Software defect,EMEA
HD-260619-02960,2026-06-19 12:59,328,2026-06-20 21:42,P4,Account Provisioning,New starter,Portal,SMB,Endpoint Ops,Neha Thomas,Resolved,72,32.72,No,None,0,No,5,No,Incident,Capacity,North America
HD-260304-02844,2026-03-04 11:21,237,2026-03-06 23:24,P4,Network,Switch port,Portal,Enterprise,Network Ops,Farah Latif,Closed,72,60.06,No,None,0,No,4,No,Performance issue,Vendor issue,North America
HD-260824-01967,2026-08-24 12:43,54,2026-08-24 18:52,P3,Account Provisioning,Offboarding,Portal,Enterprise,Endpoint Ops,Karan Verma,Resolved,24,6.15,No,None,0,No,4,No,Access request,Vendor issue,EMEA
HD-260423-02174,2026-04-23 12:14,37,2026-04-23 18:24,P3,Performance,Slow device,Portal,Internal,Network Ops,Farah Latif,Closed,24,6.18,No,None,0,No,5,No,Service request,Configuration,North America
HD-260324-01681,2026-03-24 11:21,101,2026-03-24 17:09,P3,Network,Wi-Fi,Phone,Mid-Market,Network Ops,Zoya Hussain,Resolved,24,5.81,No,None,1,Yes,4,No,Service request,Hardware fault,North America
HD-260403-04437,2026-04-03 11:44,145,2026-04-04 01:37,P3,Account Provisioning,Offboarding,Portal,Enterprise,Service Desk L1,Imran Dar,Closed,24,13.89,No,None,1,No,5,Yes,Incident,Configuration,APAC
HD-260309-03330,2026-03-09 15:23,104,,P4,Telephony,Headset,Portal,Enterprise,Service Desk L2,Sana Rahman,Pending,72,,No,None,1,No,,No,Performance issue,Network condition,North America
HD-260426-03948,2026-04-26 08:50,58,2026-04-26 22:30,P3,Telephony,Extension,Chat,Mid-Market,Service Desk L2,Arjun Bhat,Resolved,24,13.68,No,None,0,No,4,No,Service request,Configuration,EMEA
HD-260707-03801,2026-07-07 14:33,14,2026-07-07 16:42,P1,Account Provisioning,Offboarding,Email,SMB,Identity & Access,Deepak Nair,Resolved,4,2.16,No,None,1,No,,No,How-to,Vendor issue,North America
HD-260730-04489,2026-07-30 19:11,84,2026-08-01 03:45,P4,Software & Applications,License,Chat,Internal,Business Apps,Imran Dar,Resolved,72,32.57,No,None,0,No,4,No,Service request,Network condition,EMEA
HD-260827-01138,2026-08-27 09:56,22,2026-08-27 12:45,P2,Endpoint Security,EDR alert,Email,Enterprise,Endpoint Ops,Vikram Patel,Resolved,8,2.82,No,None,1,Yes,4,No,Incident,Access policy,EMEA
HD-260518-03592,2026-05-18 14:35,193,,P4,Cloud & SaaS,Subscription,Portal,Mid-Market,Business Apps,Sana Rahman,Pending,72,,No,None,1,No,,No,Incident,Configuration,EMEA
HD-260506-01640,2026-05-06 09:33,43,2026-05-06 12:54,P2,Hardware,Keyboard/Mouse,Portal,Mid-Market,Service Desk L1,Rohan Mehta,Resolved,8,3.36,No,None,1,Yes,4,No,Service request,Software defect,North America
HD-260305-03393,2026-03-05 15:09,247,2026-03-06 05:31,P4,Account Provisioning,Access package,Portal,Internal,Endpoint Ops,Neha Thomas,Resolved,72,14.38,No,None,0,No,4,No,Performance issue,Network condition,APAC
HD-260501-01710,2026-05-01 10:32,156,2026-05-02 05:13,P3,Cloud & SaaS,Subscription,Chat,Mid-Market,Business Apps,Priya Shah,Resolved,24,18.69,No,None,0,No,2,No,Service request,Vendor issue,EMEA
HD-260721-02482,2026-07-21 14:03,94,2026-07-21 19:49,P3,Performance,Disk space,Email,SMB,Service Desk L1,Neha Thomas,Closed,24,5.77,No,None,0,Yes,,No,Incident,Capacity,North America
HD-260727-04286,2026-07-27 17:01,26,2026-07-28 16:16,P3,Software & Applications,Application error,Chat,Mid-Market,Service Desk L2,Meera Joseph,Closed,24,23.25,No,None,2,No,3,No,Access request,Access policy,EMEA
HD-260724-01265,2026-07-24 09:46,83,2026-07-25 00:28,P3,Printing & Peripherals,Peripheral setup,Email,SMB,Business Apps,Priya Shah,Closed,24,14.7,No,None,0,No,3,No,Service request,User error,North America
HD-260608-02584,2026-06-08 11:50,38,2026-06-08 22:00,P3,Printing & Peripherals,Print queue,Email,SMB,Identity & Access,Zoya Hussain,Closed,24,10.18,No,None,1,No,3,No,How-to,Configuration,EMEA
HD-260806-01118,2026-08-06 14:23,16,2026-08-07 11:30,P3,Access & Identity,MFA issue,Portal,SMB,Identity & Access,Deepak Nair,Closed,24,21.12,No,None,0,No,4,No,Incident,Configuration,EMEA
HD-260610-01157,2026-06-10 09:47,159,,P4,Telephony,Call quality,Chat,Mid-Market,Service Desk L2,Vikram Patel,Pending,72,,No,None,1,No,,Yes,Incident,User error,North America
HD-260331-03120,2026-03-31 10:37,30,2026-03-31 14:46,P2,Software & Applications,Installation,Portal,Enterprise,Business Apps,Karan Verma,Resolved,8,4.15,No,None,0,No,4,No,Service request,Configuration,APAC
HD-260402-03886,2026-04-02 10:10,58,2026-04-03 08:46,P3,Performance,Disk space,Email,Enterprise,Service Desk L1,Rohan Mehta,Resolved,24,22.61,No,None,0,No,4,No,Incident,Software defect,APAC
HD-260806-04441,2026-08-06 09:53,41,2026-08-06 13:53,P2,Access & Identity,Account locked,Portal,Enterprise,Identity & Access,Adil Mir,Resolved,8,4.01,No,None,0,No,4,No,Access request,Software defect,APAC
HD-260521-02857,2026-05-21 13:31,74,2026-05-23 15:18,P4,Access & Identity,Password reset,Phone,SMB,Identity & Access,Adil Mir,Resolved,72,49.79,No,None,3,No,3,No,Service request,Configuration,EMEA
HD-260323-01570,2026-03-23 15:42,25,2026-03-23 23:54,P2,Cloud & SaaS,Subscription,Chat,Internal,Service Desk L1,Aisha Khan,Resolved,8,8.2,Yes,Escalation delay,0,No,3,No,Access request,Access policy,North America
HD-260811-01055,2026-08-11 15:36,128,2026-08-12 04:48,P3,Hardware,Laptop,Portal,Mid-Market,Service Desk L1,Rohan Mehta,Resolved,24,13.21,No,None,0,No,3,No,Incident,Capacity,North America
HD-260401-01741,2026-04-01 16:50,34,2026-04-01 22:42,P2,,Keyboard/Mouse,Email,Enterprise,Endpoint Ops,Neha Thomas,Closed,8,5.88,No,None,0,No,3,No,Service request,Capacity,North America
HD-260413-01105,2026-04-13 14:21,73,2026-04-13 23:10,P3,Software & Applications,Installation,Chat,Enterprise,Service Desk L2,Meera Joseph,Resolved,24,8.83,No,None,1,No,3,Yes,Incident,Vendor issue,EMEA
HD-260714-01885,2026-07-14 15:34,62,2026-07-15 09:13,P3,Performance,High memory,Email,Enterprise,Service Desk L1,Aisha Khan,Resolved,24,17.66,No,None,1,No,4,No,Service request,Network condition,North America
HD-260609-03939,2026-06-09 15:19,353,2026-06-10 05:47,P4,VPN & Remote Access,VPN login,Portal,SMB,Service Desk L2,Arjun Bhat,Resolved,72,14.48,No,None,1,No,,No,Service request,User error,EMEA
HD-260624-01816,2026-06-24 14:22,94,2026-06-27 08:22,P4,Printing & Peripherals,Scanner,Chat,Internal,Service Desk L1,Aisha Khan,Closed,72,66,No,None,0,No,,No,Access request,Software defect,North America
HD-260824-03643,2026-08-24 16:53,72,2026-08-25 00:00,P3,Access & Identity,Permission request,Email,SMB,Service Desk L1,Imran Dar,Resolved,24,7.12,No,None,0,No,4,No,Service request,Vendor issue,EMEA
HD-260403-02756,2026-04-03 15:55,43,2026-04-04 00:49,P2,Account Provisioning,Role change,Phone,Enterprise,Service Desk L1,Imran Dar,Resolved,8,8.91,Yes,Complex investigation,2,No,3,Yes,Service request,Software defect,North America
HD-260522-03014,2026-05-22 16:04,152,2026-05-25 01:30,P4,Telephony,Call quality,Email,Mid-Market,Service Desk L2,Sana Rahman,Closed,72,57.44,No,None,2,No,,Yes,Service request,Hardware fault,North America
HD-260316-02164,2026-03-16 20:24,31,2026-03-17 19:01,P3,Endpoint Security,EDR alert,Chat,Enterprise,Identity & Access,Farah Latif,Closed,24,22.63,No,None,1,No,3,Yes,Performance issue,Access policy,APAC
HD-260416-04313,2026-04-16 14:43,107,2026-04-17 00:25,P3,Endpoint Security,EDR alert,Email,SMB,Identity & Access,Farah Latif,Resolved,24,9.7,No,None,0,No,4,No,Incident,User error,EMEA
HD-260625-01232,2026-06-25 09:41,93,2026-06-26 01:26,P3,Account Provisioning,Access package,Email,Internal,Endpoint Ops,Karan Verma,Resolved,24,15.75,No,None,0,No,,No,Service request,Vendor issue,APAC
HD-260518-02095,2026-05-18 16:57,32,2026-05-18 22:40,P3,Account Provisioning,Offboarding,Phone,SMB,Identity & Access,Zoya Hussain,Closed,24,5.72,No,None,0,No,4,No,How-to,Capacity,North America
HD-260625-01639,2026-06-25 15:19,182,2026-06-26 09:35,P4,Software & Applications,Application error,Phone,Enterprise,Business Apps,Priya Shah,Closed,72,18.28,No,None,0,No,4,No,Incident,Unknown,EMEA
HD-260418-02498,2026-04-18 18:07,14,,P2,Network,DNS/DHCP,Phone,Enterprise,Service Desk L2,Vikram Patel,Open,8,,No,None,0,No,,No,Performance issue,Network condition,North America
HD-260821-02225,2026-08-21 19:55,42,2026-08-22 01:13,P3,VPN & Remote Access,VPN login,Portal,SMB,Network Ops,Zoya Hussain,Resolved,24,5.31,No,None,0,No,5,No,Performance issue,Vendor issue,APAC
HD-260819-04212,2026-08-19 19:32,100,2026-08-22 12:47,P4,Network,DNS/DHCP,Portal,Enterprise,Network Ops,Deepak Nair,Closed,72,65.26,No,None,0,No,3,No,Performance issue,Access policy,North America
HD-260623-03122,2026-06-23 17:01,156,2026-06-24 11:46,P4,Software & Applications,Application error,Email,Enterprise,Business Apps,Priya Shah,Resolved,72,18.76,No,None,1,No,5,No,How-to,Network condition,EMEA
HD-260330-01771,2026-03-30 18:34,25,2026-03-31 10:36,P3,Software & Applications,Version issue,Portal,Mid-Market,Service Desk L2,Sana Rahman,Closed,24,16.04,No,None,0,No,3,No,Service request,Software defect,EMEA
HD-260528-03957,2026-05-28 16:36,93,2026-05-29 12:44,P3,Network,DNS/DHCP,Portal,Enterprise,Network Ops,Arjun Bhat,Resolved,24,20.14,No,None,0,No,3,No,Incident,Hardware fault,APAC
HD-260618-01853,2026-06-18 12:38,160,2026-06-19 10:15,P3,Hardware,Docking station,Email,SMB,Service Desk L2,Meera Joseph,Resolved,24,21.63,No,None,1,No,3,No,Service request,Vendor issue,APAC
HD-260708-02109,2026-07-08 09:52,113,2026-07-09 03:27,P3,Network,Wi-Fi,Phone,Mid-Market,Network Ops,Deepak Nair,Resolved,24,17.59,No,None,0,No,4,No,Access request,Configuration,North America
HD-260330-03086,2026-03-30 10:33,42,2026-03-30 14:31,P2,Hardware,Keyboard/Mouse,Phone,Enterprise,Network Ops,Farah Latif,Resolved,8,3.97,No,None,0,Yes,,No,Incident,Hardware fault,EMEA
HD-260515-03607,2026-05-15 10:04,105,2026-05-15 16:07,P3,Access & Identity,Permission request,Chat,Enterprise,Identity & Access,Adil Mir,Closed,24,6.06,No,None,0,No,5,No,Access request,Configuration,EMEA
HD-260527-01794,2026-05-27 12:23,23,2026-05-27 15:52,P2,Cloud & SaaS,Application outage,Phone,SMB,Business Apps,Neha Thomas,Resolved,8,3.49,No,None,0,Yes,4,No,Incident,Access policy,EMEA
HD-260515-03660,2026-05-15 15:06,32,2026-05-15 21:10,P3,Access & Identity,Permission request,Portal,Mid-Market,Service Desk L1,Imran Dar,Resolved,24,6.07,No,None,0,No,4,No,Access request,User error,APAC
HD-260522-03991,2026-05-22 13:02,89,2026-05-22 19:03,P3,Telephony,Headset,Email,SMB,Service Desk L2,Vikram Patel,Resolved,24,6.03,No,None,0,No,,No,How-to,Access policy,APAC
HD-260623-03501,2026-06-23 21:58,124,2026-06-24 18:02,P3,Network,Wi-Fi,Chat,Enterprise,Network Ops,Deepak Nair,Resolved,24,20.07,No,None,1,No,4,No,Incident,Configuration,North America
HD-260603-03441,2026-06-03 21:45,196,2026-06-05 19:22,P4,Printing & Peripherals,Scanner,Portal,SMB,Endpoint Ops,Sana Rahman,Closed,72,45.62,No,None,1,No,4,No,Service request,Configuration,North America
HD-260512-03449,2026-05-12 17:34,76,2026-05-13 02:31,P3,VPN & Remote Access,VPN login,Email,Internal,Network Ops,Zoya Hussain,Resolved,24,8.96,No,None,1,No,4,No,Performance issue,Access policy,North America
HD-260716-02048,2026-07-16 11:15,23,2026-07-16 20:09,P2,Software & Applications,Version issue,Portal,SMB,Business Apps,Priya Shah,Closed,8,8.91,Yes,High queue volume,0,No,3,No,Access request,Software defect,APAC
HD-260412-02407,2026-04-12 10:23,337,2026-04-13 11:03,P4,Network,Wi-Fi,Portal,SMB,Network Ops,Zoya Hussain,Closed,72,24.67,No,None,0,No,,No,How-to,User error,EMEA
HD-260701-03833,2026-07-01 11:02,137,2026-07-04 03:47,P4,Software & Applications,Application error,Email,SMB,Service Desk L2,Vikram Patel,Closed,72,64.75,No,None,1,No,3,No,Performance issue,User error,North America
HD-260731-02716,2026-07-31 10:40,22,2026-07-31 15:17,P1,Performance,High CPU,Chat,Mid-Market,Service Desk L1,Rohan Mehta,Resolved,4,4.62,Yes,Vendor response,1,Yes,4,No,Access request,Software defect,APAC
HD-260714-03707,2026-07-14 11:18,45,2026-07-14 20:01,P2,Hardware,Laptop,Email,SMB,Service Desk L1,Priya Shah,Resolved,8,8.72,Yes,Dependency delay,0,No,4,Yes,Service request,Unknown,EMEA
HD-260807-02901,2026-08-07 10:34,118,2026-08-08 05:45,P3,Telephony,Call quality,Portal,SMB,Network Ops,Arjun Bhat,Resolved,24,19.19,No,None,2,Yes,4,No,Incident,Software defect,APAC
HD-260516-01083,2026-05-16 16:57,69,2026-05-17 11:42,P3,Account Provisioning,Access package,Email,SMB,Identity & Access,Nadia Ali,Resolved,24,18.75,No,None,0,No,4,No,Performance issue,Capacity,EMEA
HD-260316-03963,2026-03-16 15:52,22,2026-03-19 00:47,P4,Software & Applications,Installation,Portal,Mid-Market,Business Apps,Karan Verma,Resolved,72,56.93,No,None,0,No,3,No,Performance issue,User error,APAC
HD-260819-02255,2026-08-19 12:45,68,2026-08-20 08:57,P4,,Monitor,Email,Mid-Market,Service Desk L1,Neha Thomas,Resolved,72,20.2,No,None,0,No,4,Yes,Incident,User error,APAC
HD-260304-02867,2026-03-04 08:32,14,,P3,Access & Identity,MFA issue,Chat,Mid-Market,Identity & Access,Zoya Hussain,Open,24,,No,None,1,No,,No,Service request,User error,EMEA
HD-260729-03207,2026-07-29 18:42,115,2026-07-30 17:07,P3,Network,LAN connectivity,Phone,Mid-Market,Network Ops,Deepak Nair,Resolved,24,22.42,No,None,0,Yes,2,No,Access request,User error,EMEA
HD-260313-01769,2026-03-13 11:15,147,2026-03-13 18:35,P3,Account Provisioning,Offboarding,Portal,SMB,Identity & Access,Zoya Hussain,Resolved,24,7.34,No,None,2,No,,No,Access request,Capacity,APAC
HD-260313-01842,2026-03-13 16:08,150,2026-03-14 01:50,P3,Hardware,Laptop,Phone,Mid-Market,Service Desk L2,Vikram Patel,Resolved,24,9.7,No,None,0,No,4,No,Incident,Hardware fault,North America
HD-260811-04013,2026-08-11 08:49,112,2026-08-11 16:31,P3,Performance,High CPU,Email,Mid-Market,Service Desk L1,Neha Thomas,Resolved,24,7.71,No,None,0,No,3,No,Performance issue,Hardware fault,North America
HD-260608-02551,2026-06-08 18:59,19,2026-06-08 23:24,P1,Access & Identity,Password reset,Portal,Internal,Endpoint Ops,Sana Rahman,Resolved,4,4.43,Yes,High queue volume,2,No,,No,How-to,Hardware fault,EMEA
HD-260309-03793,2026-03-09 16:39,87,2026-03-10 01:25,P3,Hardware,Keyboard/Mouse,Email,SMB,Service Desk L1,Imran Dar,Closed,24,8.77,No,None,0,No,4,No,Service request,Vendor issue,EMEA
HD-260705-02592,2026-07-05 11:40,131,2026-07-06 02:36,P3,Hardware,Docking station,Phone,Enterprise,Identity & Access,Deepak Nair,Closed,24,14.94,No,None,0,No,3,No,Access request,Software defect,North America
HD-260410-01143,2026-04-10 15:34,134,2026-04-11 14:26,P3,Performance,High CPU,Email,Internal,Endpoint Ops,Vikram Patel,Resolved,24,22.87,No,None,0,No,3,No,Performance issue,Configuration,EMEA
HD-260713-03334,2026-07-13 10:11,92,2026-07-14 02:12,P3,Performance,High memory,Email,Enterprise,Service Desk L1,Priya Shah,Resolved,24,16.03,No,None,0,No,,No,Incident,Software defect,North America
HD-260330-02702,2026-03-30 15:51,18,2026-03-30 20:01,P2,Access & Identity,MFA issue,Portal,Mid-Market,Identity & Access,Deepak Nair,Resolved,8,4.17,No,None,0,Yes,3,No,Service request,User error,EMEA
HD-260727-01583,2026-07-27 18:33,16,,P2,Performance,High memory,Chat,Mid-Market,Service Desk L1,Karan Verma,Pending,8,,No,None,1,No,,No,Service request,Vendor issue,APAC
HD-260319-02283,2026-03-19 16:14,111,,P3,Performance,High CPU,Portal,Internal,Service Desk L2,Arjun Bhat,Open,24,,No,None,0,No,,No,Incident,Network condition,EMEA
HD-260303-04016,2026-03-03 18:59,63,2026-03-04 00:26,P3,Hardware,Laptop,Portal,SMB,Service Desk L1,Karan Verma,Resolved,24,5.46,No,None,2,No,5,No,How-to,Unknown,EMEA
HD-260805-01049,2026-08-05 12:25,13,2026-08-06 03:14,P3,Endpoint Security,Security policy,Portal,Mid-Market,Identity & Access,Zoya Hussain,Resolved,24,14.82,No,None,0,No,4,No,Access request,User error,EMEA
HD-260331-01627,2026-03-31 12:24,173,2026-03-31 18:16,P3,Software & Applications,Installation,Email,Enterprise,Business Apps,Imran Dar,Closed,24,5.88,No,None,2,No,4,No,Incident,Network condition,EMEA
HD-260722-01336,2026-07-22 20:18,208,2026-07-24 20:34,P4,VPN & Remote Access,VPN disconnect,Email,Enterprise,Network Ops,Zoya Hussain,Closed,72,48.27,No,None,0,No,3,No,Incident,Software defect,APAC
HD-260720-02691,2026-07-20 11:38,9,2026-07-20 15:17,P2,VPN & Remote Access,Remote desktop,Chat,SMB,Network Ops,Farah Latif,Resolved,8,3.65,No,None,0,Yes,,No,Incident,Unknown,EMEA
HD-260601-02785,2026-06-01 11:42,75,2026-06-02 10:03,P3,Endpoint Security,Malware check,Portal,Internal,Identity & Access,Nadia Ali,Resolved,24,22.35,No,None,0,No,3,Yes,Incident,User error,North America
HD-260324-01394,2026-03-24 12:42,154,2026-03-24 22:37,P3,Printing & Peripherals,Printer offline,Email,Enterprise,Business Apps,Sana Rahman,Closed,24,9.92,No,None,0,No,,No,Service request,Software defect,North America
HD-260403-03382,2026-04-03 10:27,20,2026-04-04 04:33,P3,Printing & Peripherals,Scanner,Chat,Mid-Market,Service Desk L1,Imran Dar,Closed,24,18.1,No,None,0,No,3,Yes,Performance issue,Vendor issue,North America
HD-260512-04490,2026-05-12 09:35,179,2026-05-13 09:56,P3,Network,Wi-Fi,Email,SMB,Network Ops,Deepak Nair,Resolved,24,24.35,Yes,Dependency delay,2,No,3,No,Access request,Network condition,North America
HD-260320-03997,2026-03-20 14:34,72,2026-03-22 21:07,P4,Printing & Peripherals,Peripheral setup,Chat,SMB,Service Desk L1,Neha Thomas,Resolved,72,54.55,No,None,0,No,3,No,Access request,Unknown,EMEA
HD-260325-03018,2026-03-25 13:58,19,2026-03-25 21:48,P3,Cloud & SaaS,Integration,Portal,Enterprise,Business Apps,Sana Rahman,Resolved,24,7.84,No,None,0,No,4,No,Incident,User error,APAC
HD-260421-03183,2026-04-21 10:20,305,2026-04-23 05:40,P4,Cloud & SaaS,Subscription,Email,Enterprise,Service Desk L1,Priya Shah,Closed,72,43.34,No,None,1,No,3,No,How-to,Access policy,North America
HD-260424-04512,2026-04-24 12:42,33,2026-04-26 12:40,P4,Network,DNS/DHCP,Phone,Mid-Market,Network Ops,Farah Latif,Resolved,72,47.97,No,None,0,No,3,No,How-to,Hardware fault,North America
HD-260706-04049,2026-07-06 17:51,175,2026-07-07 18:17,P3,Software & Applications,Version issue,Portal,Mid-Market,Service Desk L2,Meera Joseph,Closed,24,24.44,Yes,Escalation delay,0,No,2,No,Service request,User error,APAC
HD-260826-01549,2026-08-26 13:24,64,,P3,Access & Identity,Account locked,Email,Enterprise,Identity & Access,Farah Latif,Pending,24,,No,None,1,No,,No,Incident,Network condition,North America
HD-260708-01460,2026-07-08 11:27,139,2026-07-10 18:05,P4,Endpoint Security,Device compliance,Email,Mid-Market,Service Desk L1,Karan Verma,Closed,72,54.64,No,None,2,No,3,No,Incident,Network condition,EMEA
HD-260827-04087,2026-08-27 15:12,164,2026-08-29 02:25,P4,Software & Applications,Application error,Email,Enterprise,Service Desk L2,Meera Joseph,Resolved,72,35.23,No,None,0,Yes,4,Yes,Performance issue,Configuration,North America
HD-260728-02942,2026-07-28 13:50,129,2026-07-30 11:42,P4,Performance,High memory,Chat,Internal,Business Apps,Karan Verma,Resolved,72,45.87,No,None,1,No,3,No,Incident,Unknown,North America
HD-260611-04202,2026-06-11 13:46,19,2026-06-11 16:32,P2,Printing & Peripherals,Print queue,Portal,Mid-Market,Service Desk L1,Imran Dar,Resolved,8,2.78,No,None,0,Yes,4,No,Incident,User error,North America
HD-260729-03193,2026-07-29 15:53,258,2026-07-30 22:27,P4,Telephony,Extension,Chat,SMB,Service Desk L2,Meera Joseph,Resolved,72,30.58,No,None,0,No,4,No,How-to,Configuration,APAC
HD-260416-03119,2026-04-16 09:02,40,2026-04-16 18:26,P2,Account Provisioning,Access package,Portal,Enterprise,Endpoint Ops,Karan Verma,Resolved,8,9.41,Yes,Complex investigation,0,No,3,No,Incident,Access policy,APAC
HD-260428-01084,2026-04-28 11:56,47,2026-04-28 15:26,P2,Hardware,Laptop,Email,Mid-Market,Service Desk L2,Arjun Bhat,Resolved,8,3.51,No,None,0,No,5,No,Incident,Configuration,EMEA
HD-260305-01625,2026-03-05 12:07,120,2026-03-05 17:51,P3,Network,LAN connectivity,Portal,Enterprise,Network Ops,Farah Latif,Resolved,24,5.74,No,None,1,No,3,No,How-to,Configuration,North America
HD-260504-01279,2026-05-04 13:14,178,2026-05-04 18:43,P3,Access & Identity,Permission request,Phone,Enterprise,Identity & Access,Farah Latif,Resolved,24,5.49,No,None,0,No,4,No,Service request,Access policy,APAC
HD-260401-02709,2026-04-01 15:36,105,,P3,Printing & Peripherals,Printer offline,Email,Enterprise,Endpoint Ops,Karan Verma,Pending,24,,No,None,1,No,,No,Service request,User error,EMEA
HD-260420-04153,2026-04-20 15:30,48,2026-04-21 09:23,P3,Network,Switch port,Email,Enterprise,Network Ops,Arjun Bhat,Resolved,24,17.89,No,None,0,No,3,No,Incident,Network condition,EMEA
HD-260612-01320,2026-06-12 09:51,10,2026-06-12 11:28,P1,Software & Applications,Version issue,Chat,Enterprise,Service Desk L2,Meera Joseph,Resolved,4,1.63,No,None,1,Yes,,No,How-to,Access policy,EMEA
HD-260325-04466,2026-03-25 16:42,84,,P3,Printing & Peripherals,Print queue,Portal,SMB,Identity & Access,Nadia Ali,Open,24,,No,None,1,No,,No,Incident,Hardware fault,North America
HD-260817-03391,2026-08-17 09:32,39,2026-08-17 17:53,P2,Printing & Peripherals,Print queue,Email,Enterprise,Service Desk L2,Arjun Bhat,Resolved,8,8.36,Yes,High queue volume,0,No,3,No,Service request,Vendor issue,EMEA
HD-260423-03276,2026-04-23 10:37,222,2026-04-25 02:19,P4,Access & Identity,Password reset,Email,Mid-Market,Endpoint Ops,Neha Thomas,Closed,72,39.7,No,None,0,No,4,No,Performance issue,User error,APAC
HD-260520-01795,2026-05-20 09:24,176,2026-05-20 23:16,P3,Endpoint Security,Malware check,Portal,SMB,Endpoint Ops,Vikram Patel,Resolved,24,13.87,No,None,0,No,4,No,Incident,Configuration,APAC
HD-260810-03902,2026-08-10 20:14,41,2026-08-10 23:32,P2,Account Provisioning,Access package,Portal,Mid-Market,Endpoint Ops,Sana Rahman,Closed,8,3.31,No,None,2,Yes,5,No,How-to,User error,APAC
HD-260617-02236,2026-06-17 11:10,41,2026-06-17 19:50,P3,Access & Identity,MFA issue,Portal,Internal,Service Desk L1,Imran Dar,Resolved,24,8.67,No,None,1,No,4,Yes,Service request,Access policy,North America
HD-260310-01905,2026-03-10 17:25,7,2026-03-10 21:04,P1,VPN & Remote Access,Split tunnel,Portal,Internal,Network Ops,Deepak Nair,Resolved,4,3.65,No,None,1,No,3,No,Incident,User error,North America
HD-260525-03133,2026-05-25 17:57,179,2026-05-26 09:01,P3,Endpoint Security,Security policy,Portal,SMB,Identity & Access,Nadia Ali,Resolved,24,15.07,No,None,1,No,3,No,Access request,Software defect,EMEA
HD-260612-04236,2026-06-12 11:34,350,2026-06-14 13:40,P4,Printing & Peripherals,Peripheral setup,Email,Enterprise,Network Ops,Deepak Nair,Resolved,72,50.11,No,None,1,No,4,No,Service request,Software defect,North America
HD-260702-02783,2026-07-02 12:01,106,,P3,Account Provisioning,New starter,Email,Internal,Identity & Access,Adil Mir,Open,24,,No,None,0,No,,No,How-to,Access policy,APAC
HD-260325-02779,2026-03-25 11:59,170,2026-03-26 12:09,P3,VPN & Remote Access,Split tunnel,Chat,Mid-Market,Service Desk L2,Vikram Patel,Resolved,24,24.17,Yes,High queue volume,0,No,3,No,Incident,Hardware fault,APAC
HD-260531-04505,2026-05-31 10:51,27,,P2,Cloud & SaaS,Application outage,Email,SMB,Business Apps,Sana Rahman,Pending,8,,No,None,0,No,,No,Service request,Software defect,EMEA
HD-260805-01703,2026-08-05 14:11,285,,P4,VPN & Remote Access,VPN login,Phone,SMB,Service Desk L2,Meera Joseph,Pending,72,,No,None,0,No,,Yes,Performance issue,User error,APAC
HD-260514-02007,2026-05-14 20:37,355,2026-05-16 07:19,P4,Endpoint Security,EDR alert,Portal,Enterprise,Identity & Access,Nadia Ali,Resolved,72,34.7,No,None,1,No,3,No,How-to,Software defect,EMEA
HD-260324-04333,2026-03-24 10:02,54,2026-03-25 02:24,P3,Printing & Peripherals,Scanner,Chat,Mid-Market,Service Desk L1,Rohan Mehta,Resolved,24,16.37,No,None,0,No,3,No,Service request,Configuration,EMEA
HD-260710-02269,2026-07-10 16:09,284,2026-07-12 09:45,P4,Telephony,Call quality,Email,Internal,Service Desk L2,Vikram Patel,Resolved,72,41.61,No,None,1,No,5,No,Service request,User error,EMEA
HD-260805-03569,2026-08-05 18:52,322,2026-08-07 00:59,P4,Performance,Slow device,Chat,Mid-Market,Endpoint Ops,Karan Verma,Closed,72,30.13,No,None,1,No,5,No,Service request,Software defect,North America
HD-260504-03498,2026-05-04 15:13,348,2026-05-06 07:49,P4,Performance,Slow device,Email,SMB,Identity & Access,Zoya Hussain,Closed,72,40.61,No,None,0,No,5,No,Service request,Network condition,APAC
HD-260629-02436,2026-06-29 20:56,44,2026-07-01 08:26,P4,Telephony,Call quality,Chat,SMB,Service Desk L2,Arjun Bhat,Resolved,72,35.5,No,None,0,No,4,No,Incident,Hardware fault,North America
HD-260505-04295,2026-05-05 10:57,46,2026-05-05 20:22,P2,Printing & Peripherals,Print queue,Email,Internal,Business Apps,Sana Rahman,Closed,8,9.43,Yes,High queue volume,1,No,3,No,How-to,Configuration,APAC
HD-260303-02291,2026-03-03 09:16,133,2026-03-03 15:51,P3,Software & Applications,Application error,Email,Mid-Market,Service Desk L1,Neha Thomas,Resolved,24,6.59,No,None,0,No,5,No,Performance issue,Network condition,North America
HD-260324-03197,2026-03-24 09:39,13,2026-03-24 12:21,P1,Network,Wi-Fi,Portal,Enterprise,Network Ops,Farah Latif,Resolved,4,2.71,No,None,2,No,4,Yes,Incident,Hardware fault,EMEA
HD-260605-01714,2026-06-05 12:25,141,2026-06-07 05:54,P4,VPN & Remote Access,Remote desktop,Portal,Enterprise,Network Ops,Zoya Hussain,Closed,72,41.49,No,None,1,Yes,3,No,Service request,Configuration,North America
HD-260305-01089,2026-03-05 18:07,99,2026-03-06 01:21,P3,Account Provisioning,Access package,Portal,Internal,Identity & Access,Zoya Hussain,Resolved,24,7.24,No,None,0,Yes,4,No,Incident,Configuration,APAC
HD-260309-03779,2026-03-09 10:37,27,2026-03-10 03:26,P3,Telephony,Headset,Phone,Enterprise,Service Desk L2,Meera Joseph,Closed,24,16.82,No,None,1,No,3,No,Service request,User error,North America
HD-260831-03777,2026-08-31 12:56,165,2026-08-31 21:45,P3,Hardware,Monitor,Email,SMB,Service Desk L1,Aisha Khan,Closed,24,8.82,No,None,0,No,4,No,Incident,Hardware fault,EMEA
HD-260816-04200,2026-08-16 15:29,14,2026-08-16 19:18,P2,Endpoint Security,Malware check,Chat,Enterprise,Identity & Access,Farah Latif,Resolved,8,3.83,No,None,0,Yes,,No,Access request,Network condition,North America
HD-260630-01601,2026-06-30 14:28,65,2026-07-03 07:01,P4,Performance,High CPU,Portal,Mid-Market,Endpoint Ops,Karan Verma,Closed,72,64.56,No,None,1,No,2,No,How-to,User error,North America
HD-260724-02717,2026-07-24 14:19,47,2026-07-24 22:23,P3,VPN & Remote Access,Split tunnel,Portal,Internal,Network Ops,Deepak Nair,Closed,24,8.07,No,None,2,No,,No,Incident,Hardware fault,APAC
HD-260328-01780,2026-03-28 09:28,3,2026-03-28 10:47,P1,Printing & Peripherals,Peripheral setup,Phone,SMB,Service Desk L1,Karan Verma,Resolved,4,1.32,No,None,0,Yes,4,Yes,Incident,User error,APAC
HD-260427-03492,2026-04-27 11:32,63,2026-04-27 18:47,P2,Account Provisioning,Access package,Email,Enterprise,Service Desk L1,Imran Dar,Resolved,8,7.25,No,None,0,No,4,No,Incident,Network condition,APAC
HD-260506-02564,2026-05-06 09:16,22,2026-05-06 11:32,P2,VPN & Remote Access,Remote desktop,Phone,SMB,Network Ops,Arjun Bhat,Resolved,8,2.28,No,None,1,Yes,5,No,Incident,Hardware fault,North America
HD-260512-01284,2026-05-12 12:35,81,2026-05-12 20:00,P3,Hardware,Keyboard/Mouse,Portal,SMB,Service Desk L1,Aisha Khan,Closed,24,7.42,No,None,0,No,3,No,Incident,Hardware fault,EMEA
HD-260616-02672,2026-06-16 12:04,179,2026-06-16 22:07,P3,Endpoint Security,Device compliance,Phone,SMB,Identity & Access,Nadia Ali,Resolved,24,10.05,No,None,0,No,5,No,Service request,Capacity,EMEA
HD-260305-01241,2026-03-05 09:55,105,2026-03-05 17:20,P3,Hardware,Laptop,Chat,Mid-Market,Service Desk L1,Imran Dar,Resolved,24,7.42,No,None,1,No,4,No,Incident,Configuration,North America
HD-260826-02557,2026-08-26 13:08,29,2026-08-28 02:02,P4,Printing & Peripherals,Peripheral setup,Portal,Internal,Business Apps,Priya Shah,Resolved,72,36.91,No,None,0,No,4,No,Incident,Network condition,EMEA
HD-260803-03960,2026-08-03 13:07,169,2026-08-03 18:26,P3,Telephony,Softphone,Phone,Mid-Market,Network Ops,Farah Latif,Resolved,24,5.32,No,None,0,No,5,No,Incident,User error,APAC
HD-260727-01527,2026-07-27 10:03,157,2026-07-28 05:34,P3,Account Provisioning,Role change,Email,Mid-Market,Endpoint Ops,Neha Thomas,Resolved,24,19.53,No,None,0,No,3,No,Access request,Configuration,EMEA
HD-260805-04303,2026-08-05 12:39,215,2026-08-07 07:24,P4,Software & Applications,Version issue,Phone,Enterprise,Business Apps,Sana Rahman,Resolved,72,42.76,No,None,0,No,3,Yes,Incident,Access policy,APAC
HD-260514-02574,2026-05-14 13:57,33,2026-05-14 16:56,P2,Telephony,Extension,Portal,SMB,Service Desk L2,Sana Rahman,Resolved,8,2.99,No,None,0,No,4,No,Service request,Vendor issue,North America
HD-260303-03417,2026-03-03 12:03,191,2026-03-04 21:11,P4,Account Provisioning,Role change,Email,Mid-Market,Identity & Access,Adil Mir,Resolved,72,33.14,No,None,0,No,3,No,Incident,Configuration,North America
HD-260810-02001,2026-08-10 14:10,139,2026-08-12 20:29,P4,Performance,High memory,Phone,SMB,Service Desk L1,Priya Shah,Resolved,72,54.32,No,None,0,No,3,No,Incident,User error,APAC
HD-260305-03116,2026-03-05 13:33,10,2026-03-05 19:04,P1,Network,DNS/DHCP,Portal,Internal,Service Desk L2,Sana Rahman,Closed,4,5.53,Yes,After-hours coverage,0,No,4,No,Incident,Unknown,EMEA
HD-260419-01077,2026-04-19 16:05,61,2026-04-19 23:47,P3,Performance,Disk space,Chat,Enterprise,Network Ops,Arjun Bhat,Resolved,24,7.7,No,None,1,No,5,No,Performance issue,Software defect,EMEA
HD-260324-04349,2026-03-24 16:01,65,2026-03-25 14:08,P3,Endpoint Security,Device compliance,Chat,Enterprise,Identity & Access,Zoya Hussain,Resolved,24,22.12,No,None,0,No,4,No,Incident,User error,North America
HD-260615-03143,2026-06-15 11:17,91,2026-06-15 17:51,P3,VPN & Remote Access,Remote desktop,Email,Enterprise,Service Desk L2,Meera Joseph,Closed,24,6.58,No,None,1,No,4,No,Service request,User error,APAC
HD-260626-04138,2026-06-26 11:52,33,,P2,Account Provisioning,New starter,Chat,Internal,Service Desk L1,Aisha Khan,Open,8,,No,None,0,No,,No,Service request,Configuration,EMEA
HD-260525-02731,2026-05-25 09:52,296,2026-05-27 09:40,P4,Hardware,Keyboard/Mouse,Chat,Mid-Market,Service Desk L1,Neha Thomas,Closed,72,47.8,No,None,0,No,3,No,Incident,Hardware fault,North America
HD-260724-01731,2026-07-24 10:54,63,2026-07-24 20:33,P2,Account Provisioning,Access package,Email,Mid-Market,Identity & Access,Deepak Nair,Closed,8,9.65,Yes,Complex investigation,0,No,4,No,How-to,Network condition,North America
HD-260303-03880,2026-03-03 13:35,144,2026-03-04 04:10,P3,Software & Applications,Application error,Portal,SMB,Business Apps,Sana Rahman,Closed,24,14.59,No,None,1,No,,No,Service request,Configuration,North America
HD-260722-02313,2026-07-22 16:52,42,2026-07-23 01:54,P3,Performance,High CPU,Portal,Enterprise,Service Desk L1,Karan Verma,Resolved,24,9.04,No,None,0,No,5,No,Incident,Configuration,EMEA
HD-260601-02118,2026-06-01 15:34,147,2026-06-02 21:25,P4,Telephony,Softphone,Chat,Internal,Service Desk L2,Vikram Patel,Resolved,72,29.86,No,None,0,No,,No,Incident,Vendor issue,North America
HD-260324-03634,2026-03-24 08:44,17,2026-03-24 10:15,P1,VPN & Remote Access,Split tunnel,Portal,Enterprise,Network Ops,Arjun Bhat,Resolved,4,1.53,No,None,0,Yes,,No,Service request,User error,EMEA
HD-260630-01715,2026-06-30 18:55,118,2026-07-01 04:38,P3,Email & Collaboration,Mailbox,Chat,Internal,Service Desk L1,Priya Shah,Resolved,24,9.73,No,None,1,No,3,No,Service request,Hardware fault,APAC
HD-260318-02678,2026-03-18 11:23,79,2026-03-20 03:00,P4,Cloud & SaaS,Integration,Portal,Enterprise,Service Desk L2,Meera Joseph,Closed,72,39.63,No,None,0,No,5,No,Performance issue,User error,EMEA
HD-260527-02233,2026-05-27 13:46,273,2026-05-30 06:07,P4,VPN & Remote Access,Remote desktop,Portal,SMB,Network Ops,Deepak Nair,Closed,72,64.35,No,None,0,No,,Yes,How-to,Network condition,EMEA
HD-260804-02375,2026-08-04 11:29,62,2026-08-05 00:36,P3,Endpoint Security,Security policy,Email,Enterprise,Identity & Access,Nadia Ali,Closed,24,13.12,No,None,0,No,4,No,How-to,Network condition,EMEA
HD-260811-02683,2026-08-11 19:40,101,2026-08-12 20:59,P3,Performance,High CPU,Email,Mid-Market,Business Apps,Karan Verma,Resolved,24,25.33,Yes,Vendor response,0,No,4,No,Service request,Configuration,APAC
HD-260702-03840,2026-07-02 10:47,18,2026-07-02 16:33,P2,Hardware,Keyboard/Mouse,Chat,Mid-Market,Business Apps,Neha Thomas,Resolved,8,5.77,No,None,0,Yes,3,Yes,Service request,Vendor issue,North America
HD-260717-01309,2026-07-17 14:53,43,2026-07-18 15:52,P3,Hardware,Monitor,Chat,SMB,Endpoint Ops,Karan Verma,Resolved,24,24.99,Yes,Vendor response,0,No,,No,Service request,Capacity,EMEA
HD-260813-03682,2026-08-13 14:46,54,2026-08-13 22:56,P2,Software & Applications,Application error,Phone,Enterprise,Business Apps,Sana Rahman,Closed,8,8.18,Yes,After-hours coverage,0,No,4,No,Service request,Vendor issue,EMEA
HD-260826-01975,2026-08-26 12:51,178,2026-08-27 08:28,P3,Email & Collaboration,Calendar,Chat,Internal,Identity & Access,Deepak Nair,Resolved,24,19.63,No,None,0,No,4,No,Service request,Configuration,APAC
HD-260507-01973,2026-05-07 15:31,33,2026-05-07 23:21,P2,Hardware,Laptop,Email,Mid-Market,Service Desk L1,Rohan Mehta,Closed,8,7.84,No,None,0,No,3,No,Incident,Hardware fault,EMEA
HD-260310-04414,2026-03-10 13:51,37,2026-03-10 21:13,P3,VPN & Remote Access,VPN disconnect,Chat,Mid-Market,Network Ops,,Closed,24,7.38,No,None,2,No,4,No,Service request,Unknown,EMEA
HD-260302-03178,2026-03-02 10:14,27,2026-03-02 15:34,P3,Printing & Peripherals,Peripheral setup,Portal,Internal,Service Desk L2,Sana Rahman,Closed,24,5.34,No,None,0,No,5,No,Access request,Network condition,North America
HD-260706-03326,2026-07-06 10:49,134,2026-07-08 23:24,P4,Software & Applications,Version issue,Email,SMB,Service Desk L1,Aisha Khan,Resolved,72,60.59,No,None,0,Yes,,No,Incident,User error,North America
HD-260306-03770,2026-03-06 12:22,257,2026-03-07 14:06,P4,Hardware,Docking station,Portal,Mid-Market,Service Desk L1,Karan Verma,Resolved,72,25.74,No,None,0,No,4,No,Service request,Vendor issue,EMEA
HD-260318-04472,2026-03-18 13:54,22,2026-03-19 11:43,P3,Hardware,Laptop,Portal,Mid-Market,Service Desk L1,Rohan Mehta,Closed,24,21.83,No,None,0,No,4,No,Incident,Network condition,North America
HD-260605-03189,2026-06-05 08:28,162,,P3,Access & Identity,Password reset,Portal,Mid-Market,Service Desk L1,Neha Thomas,Pending,24,,No,None,0,No,,No,Incident,Access policy,North America
HD-260422-03011,2026-04-22 13:23,17,,P1,Hardware,Laptop,Email,Internal,Service Desk L2,Sana Rahman,Pending,4,,No,None,1,No,,No,Incident,Unknown,APAC
HD-260819-04208,2026-08-19 19:25,166,2026-08-20 17:26,P3,Email & Collaboration,Distribution list,Portal,Internal,Service Desk L1,Aisha Khan,Resolved,24,22.03,No,None,0,No,3,No,Service request,Configuration,North America
HD-260602-01661,2026-06-02 13:44,54,2026-06-02 16:13,P2,Telephony,Call quality,Email,Mid-Market,Service Desk L2,Meera Joseph,Resolved,8,2.49,No,None,0,No,3,No,How-to,User error,North America
HD-260407-01812,2026-04-07 09:16,119,2026-04-07 23:50,P3,Network,Switch port,Portal,Enterprise,Network Ops,Arjun Bhat,Resolved,24,14.58,No,None,0,No,4,No,Service request,Configuration,APAC
HD-260810-02326,2026-08-10 19:01,52,,P4,Email & Collaboration,Mailbox,Chat,SMB,Business Apps,Neha Thomas,Pending,72,,No,None,1,No,,No,Performance issue,Network condition,EMEA
HD-260828-02344,2026-08-28 09:55,48,2026-08-28 14:34,P2,VPN & Remote Access,Remote desktop,Portal,SMB,Service Desk L2,Vikram Patel,Resolved,8,4.65,No,None,0,No,3,No,Access request,Software defect,North America
HD-260306-04332,2026-03-06 14:45,309,,P4,Telephony,Softphone,Phone,Mid-Market,Network Ops,Farah Latif,Pending,72,,No,None,1,No,,No,Service request,Configuration,North America
HD-260527-01281,2026-05-27 11:07,122,2026-05-28 07:30,P3,Email & Collaboration,Mailbox,Portal,Enterprise,Business Apps,Sana Rahman,Resolved,24,20.39,No,None,0,No,3,No,Service request,Software defect,North America
HD-260616-02467,2026-06-16 12:45,164,2026-06-19 03:46,P4,Cloud & SaaS,SSO,Portal,Enterprise,Service Desk L2,Meera Joseph,Resolved,72,63.02,No,None,0,No,3,No,How-to,Configuration,EMEA
HD-260408-03768,2026-04-08 12:26,65,2026-04-08 20:32,P2,Telephony,Softphone,Portal,Mid-Market,Service Desk L2,Arjun Bhat,Resolved,8,8.1,Yes,Dependency delay,0,No,4,No,Incident,Network condition,EMEA
HD-260701-02216,2026-07-01 12:00,48,2026-07-01 19:39,P2,Access & Identity,MFA issue,Email,Enterprise,Endpoint Ops,Sana Rahman,Closed,8,7.66,No,None,1,No,3,No,Incident,Software defect,EMEA
HD-260511-02522,2026-05-11 19:46,50,2026-05-12 16:59,P3,Printing & Peripherals,Print queue,Chat,SMB,Business Apps,Sana Rahman,Resolved,24,21.23,No,None,1,No,3,No,Performance issue,Configuration,EMEA
HD-260828-02274,2026-08-28 14:10,60,2026-08-29 14:40,P3,Cloud & SaaS,SSO,Chat,Enterprise,Business Apps,Priya Shah,Closed,24,24.5,Yes,High queue volume,1,No,3,No,Incident,Hardware fault,EMEA
HD-260803-03446,2026-08-03 15:03,63,2026-08-03 21:58,P3,Software & Applications,Version issue,Portal,Mid-Market,Business Apps,Imran Dar,Resolved,24,6.92,No,None,0,No,3,No,Service request,Access policy,North America
HD-260421-01826,2026-04-21 12:04,102,2026-04-22 08:57,P4,VPN & Remote Access,VPN login,Portal,SMB,Network Ops,Zoya Hussain,Closed,72,20.89,No,None,0,Yes,5,No,Incident,Hardware fault,APAC
HD-260720-02000,2026-07-20 13:30,90,2026-07-21 18:11,P4,Performance,Disk space,Email,Enterprise,Service Desk L1,Imran Dar,Closed,72,28.69,No,None,0,No,4,No,Incident,Network condition,North America
HD-260327-02476,2026-03-27 14:36,256,2026-03-29 00:34,P4,Cloud & SaaS,Subscription,Chat,Mid-Market,Service Desk L1,Rohan Mehta,Resolved,72,33.98,No,None,1,No,5,No,Service request,Capacity,North America
HD-260703-01860,2026-07-03 14:39,15,2026-07-04 00:21,P2,Cloud & SaaS,Application outage,Portal,Mid-Market,Business Apps,Sana Rahman,Resolved,8,9.71,Yes,Complex investigation,0,No,3,No,Performance issue,Hardware fault,APAC
HD-260312-01341,2026-03-12 13:54,107,2026-03-13 01:55,P3,Performance,Slow device,Chat,Mid-Market,Service Desk L1,Rohan Mehta,Resolved,24,12.03,No,None,0,No,4,No,Service request,Configuration,EMEA
HD-260403-02652,2026-04-03 12:37,146,2026-04-03 17:56,P3,Telephony,Call quality,Portal,Mid-Market,Network Ops,Arjun Bhat,Resolved,24,5.32,No,None,1,No,4,No,Incident,Capacity,APAC
HD-260630-02195,2026-06-30 15:58,145,2026-07-01 01:58,P3,Telephony,Headset,Phone,Mid-Market,Network Ops,Farah Latif,Resolved,24,10,No,None,0,No,4,No,Performance issue,Hardware fault,North America
HD-260401-01331,2026-04-01 10:30,145,2026-04-01 18:51,P3,Cloud & SaaS,Subscription,Phone,Mid-Market,Business Apps,Karan Verma,Resolved,24,8.35,No,None,0,No,5,No,How-to,Network condition,EMEA
HD-260429-01038,2026-04-29 13:57,49,2026-04-29 19:47,P2,Software & Applications,License,Chat,Mid-Market,Service Desk L2,Sana Rahman,Resolved,8,5.84,No,None,0,No,3,No,Incident,User error,North America
HD-260515-03610,2026-05-15 11:46,57,2026-05-15 22:04,P2,Network,LAN connectivity,Chat,Enterprise,Network Ops,Farah Latif,Resolved,8,10.31,Yes,Escalation delay,1,No,2,No,Performance issue,Configuration,APAC
HD-260731-02114,2026-07-31 17:38,54,2026-08-01 16:59,P3,Telephony,Headset,Portal,Mid-Market,Network Ops,Arjun Bhat,Closed,24,23.35,No,None,0,No,2,No,Incident,Network condition,North America
HD-260302-01961,2026-03-02 10:21,56,2026-03-03 08:24,P4,Endpoint Security,EDR alert,Portal,Enterprise,Identity & Access,Deepak Nair,Resolved,72,22.05,No,None,0,Yes,5,No,Access request,User error,North America
HD-260401-01634,2026-04-01 14:36,121,2026-04-02 13:51,P3,VPN & Remote Access,VPN login,Portal,SMB,Service Desk L2,Meera Joseph,Closed,24,23.25,No,None,0,No,3,No,Access request,User error,EMEA
HD-260615-02176,2026-06-15 11:16,62,2026-06-15 17:02,P3,Endpoint Security,EDR alert,Portal,SMB,Identity & Access,Adil Mir,Resolved,24,5.78,No,None,0,No,5,No,Service request,Hardware fault,North America
HD-260806-02795,2026-08-06 09:29,106,2026-08-07 10:18,P3,Printing & Peripherals,Print queue,Portal,Mid-Market,Service Desk L2,Arjun Bhat,Closed,24,24.82,Yes,Escalation delay,1,No,4,No,Access request,Vendor issue,APAC
HD-260812-04451,2026-08-12 10:44,65,2026-08-12 17:53,P2,Printing & Peripherals,Scanner,Email,Enterprise,Service Desk L1,Priya Shah,Resolved,8,7.16,No,None,0,No,3,No,Incident,Configuration,APAC
HD-260729-04374,2026-07-29 12:48,109,,P3,Printing & Peripherals,Print queue,Portal,Mid-Market,Service Desk L1,Karan Verma,Pending,24,,No,None,0,No,,No,Service request,User error,North America
HD-260615-02310,2026-06-15 15:17,123,2026-06-16 06:18,P4,Access & Identity,Permission request,Portal,Mid-Market,Identity & Access,Deepak Nair,Resolved,72,15.02,No,None,0,No,5,No,Performance issue,Hardware fault,EMEA
HD-260713-01057,2026-07-13 16:57,47,2026-07-14 04:55,P3,Printing & Peripherals,Scanner,Portal,SMB,Network Ops,Farah Latif,Resolved,24,11.97,No,None,0,No,4,No,Incident,Software defect,EMEA
HD-260618-01224,2026-06-18 11:46,123,2026-06-19 05:37,P3,Hardware,Docking station,Portal,Mid-Market,Service Desk L2,Vikram Patel,Resolved,24,17.85,No,None,0,No,2,No,Service request,Configuration,APAC
HD-260508-04115,2026-05-08 09:13,31,2026-05-09 09:24,P3,Printing & Peripherals,Print queue,Email,Enterprise,Service Desk L1,Aisha Khan,Resolved,24,24.19,Yes,Dependency delay,1,No,,No,How-to,Capacity,EMEA
HD-260511-03701,2026-05-11 14:12,52,2026-05-11 16:51,P2,Email & Collaboration,Distribution list,Email,SMB,Business Apps,Sana Rahman,Resolved,8,2.65,No,None,0,No,4,No,Service request,Access policy,APAC
HD-260515-03049,2026-05-15 13:56,77,2026-05-16 00:33,P3,Email & Collaboration,Distribution list,Chat,Internal,Identity & Access,Adil Mir,Resolved,24,10.63,No,None,0,No,3,No,Access request,Access policy,APAC
HD-260310-04478,2026-03-10 10:10,323,2026-03-12 17:01,P4,Network,DNS/DHCP,Chat,Enterprise,Network Ops,Farah Latif,Closed,72,54.86,No,None,0,No,2,No,How-to,Network condition,North America
HD-260623-01678,2026-06-23 12:49,9,2026-06-23 15:32,P2,Access & Identity,Account locked,Portal,Enterprise,Identity & Access,Nadia Ali,Resolved,8,2.73,No,None,0,No,5,No,Service request,User error,North America
HD-260827-01822,2026-08-27 10:37,155,2026-08-27 18:09,P3,Telephony,Headset,Email,SMB,Service Desk L2,Meera Joseph,Resolved,24,7.54,No,None,0,No,4,No,Incident,Capacity,North America
HD-260409-03655,2026-04-09 12:09,180,2026-04-09 17:34,P3,Telephony,Headset,Portal,Enterprise,Service Desk L2,Meera Joseph,Closed,24,5.43,No,None,0,No,3,Yes,Service request,Network condition,North America
HD-260507-03726,2026-05-07 18:02,12,2026-05-08 03:30,P2,Telephony,Headset,Email,SMB,Network Ops,Farah Latif,Resolved,8,9.47,Yes,Escalation delay,1,No,4,No,Performance issue,Configuration,EMEA
HD-260427-02335,2026-04-27 15:56,37,2026-04-30 06:01,P4,Printing & Peripherals,Scanner,Email,Internal,Service Desk L1,Priya Shah,Resolved,72,62.09,No,None,1,No,2,Yes,Incident,Unknown,EMEA
HD-260427-01613,2026-04-27 14:50,158,2026-04-30 00:23,P4,Software & Applications,Version issue,Phone,SMB,Business Apps,Imran Dar,Resolved,72,57.56,No,None,1,No,4,No,Incident,User error,EMEA
HD-260601-01034,2026-06-01 15:19,170,2026-06-02 09:34,P3,Account Provisioning,Access package,Portal,Mid-Market,Service Desk L1,Aisha Khan,Resolved,24,18.26,No,None,0,No,2,No,How-to,User error,North America
HD-260425-04268,2026-04-25 12:49,309,2026-04-27 03:53,P4,Network,DNS/DHCP,Phone,Mid-Market,Network Ops,Arjun Bhat,Closed,72,39.07,No,None,0,No,4,No,Incident,Capacity,APAC
HD-260401-02062,2026-04-01 19:08,100,2026-04-02 03:00,P3,Software & Applications,Version issue,Phone,SMB,Service Desk L2,,Closed,24,7.87,No,None,0,No,4,No,Incident,Software defect,North America
HD-260407-02884,2026-04-07 11:58,135,2026-04-08 07:27,P4,Telephony,Extension,Chat,SMB,Service Desk L2,Arjun Bhat,Resolved,72,19.49,No,None,2,No,5,No,Access request,Configuration,EMEA
HD-260528-03367,2026-05-28 08:39,175,2026-05-28 23:46,P4,Endpoint Security,EDR alert,Chat,Enterprise,Identity & Access,Deepak Nair,Resolved,72,15.13,No,None,0,No,3,No,Access request,Capacity,APAC
HD-260701-02918,2026-07-01 13:07,93,2026-07-02 07:33,P4,Account Provisioning,Role change,Email,Internal,Identity & Access,Deepak Nair,Resolved,72,18.44,No,None,0,No,3,No,Access request,Network condition,APAC
HD-260803-04155,2026-08-03 12:59,77,2026-08-03 21:32,P3,Hardware,Monitor,Email,SMB,Business Apps,Karan Verma,Resolved,24,8.55,No,None,0,No,5,No,Access request,Capacity,APAC
HD-260427-03755,2026-04-27 13:03,106,2026-04-28 03:58,P3,Endpoint Security,Device compliance,Phone,Enterprise,Identity & Access,Farah Latif,Resolved,24,14.93,No,None,0,No,3,No,Access request,Software defect,APAC
HD-260512-03368,2026-05-12 16:48,11,2026-05-12 22:50,P1,Access & Identity,MFA issue,Email,SMB,Endpoint Ops,Sana Rahman,Resolved,4,6.04,Yes,Dependency delay,0,No,4,No,Incident,Capacity,EMEA
HD-260622-04546,2026-06-22 16:57,140,2026-06-24 07:36,P4,,Mailbox,Phone,Enterprise,Endpoint Ops,Neha Thomas,Resolved,72,38.66,No,None,0,No,5,No,Service request,Capacity,North America
HD-260413-01009,2026-04-13 16:27,42,2026-04-15 04:27,P4,Cloud & SaaS,SSO,Chat,Enterprise,Business Apps,Karan Verma,Resolved,72,36,No,None,0,Yes,4,No,How-to,Unknown,APAC
HD-260629-01212,2026-06-29 20:26,116,2026-06-30 18:41,P3,VPN & Remote Access,Remote desktop,Phone,Enterprise,Network Ops,Arjun Bhat,Resolved,24,22.26,No,None,0,No,4,No,How-to,User error,North America
HD-260806-03045,2026-08-06 13:26,159,2026-08-07 09:56,P4,,EDR alert,Chat,SMB,Service Desk L1,Aisha Khan,Resolved,72,20.5,No,None,0,No,4,Yes,Service request,User error,North America
HD-260528-03181,2026-05-28 11:08,177,2026-05-29 01:36,P4,Telephony,Call quality,Chat,Enterprise,Service Desk L2,Vikram Patel,Closed,72,14.48,No,None,2,No,4,No,Service request,Capacity,North America
HD-260804-02061,2026-08-04 14:17,119,2026-08-05 15:21,P4,VPN & Remote Access,VPN disconnect,Email,Enterprise,Network Ops,Deepak Nair,Closed,72,25.08,No,None,0,No,4,No,How-to,Software defect,North America
HD-260722-02082,2026-07-22 14:10,334,2026-07-24 14:52,P4,Hardware,Keyboard/Mouse,Portal,Mid-Market,Endpoint Ops,Sana Rahman,Resolved,72,48.7,No,None,1,No,3,No,Access request,Hardware fault,EMEA
HD-260602-03467,2026-06-02 13:21,38,2026-06-02 19:45,P2,Performance,Disk space,Portal,SMB,Service Desk L1,Rohan Mehta,Closed,8,6.4,No,None,0,Yes,4,No,Incident,User error,APAC
HD-260716-03529,2026-07-16 13:39,61,2026-07-17 01:31,P3,Cloud & SaaS,SSO,Email,SMB,Service Desk L1,Karan Verma,Resolved,24,11.87,No,None,0,No,,No,Service request,Configuration,North America
HD-260324-03105,2026-03-24 10:46,67,2026-03-24 16:56,P3,Network,DNS/DHCP,Portal,Mid-Market,Network Ops,Zoya Hussain,Resolved,24,6.17,No,None,2,No,4,No,Incident,Software defect,North America
HD-260608-02222,2026-06-08 14:19,105,2026-06-09 03:40,P3,Hardware,Docking station,Portal,SMB,Identity & Access,Zoya Hussain,Closed,24,13.36,No,None,0,No,4,No,Service request,Software defect,EMEA
HD-260706-03764,2026-07-06 15:09,170,2026-07-06 22:12,P3,Endpoint Security,Device compliance,Phone,Internal,Identity & Access,Zoya Hussain,Closed,24,7.06,No,None,0,No,5,No,How-to,Configuration,EMEA
HD-260403-02113,2026-04-03 13:13,149,,P3,Performance,High memory,Email,SMB,Service Desk L2,Meera Joseph,Open,24,,No,None,1,No,,No,Incident,Hardware fault,EMEA
HD-260504-03206,2026-05-04 12:00,129,2026-05-05 10:28,P3,Email & Collaboration,Calendar,Portal,Mid-Market,Service Desk L1,Rohan Mehta,Resolved,24,22.47,No,None,0,No,,No,Performance issue,Capacity,North America
HD-260428-03215,2026-04-28 18:43,15,2026-04-29 10:55,P3,Email & Collaboration,Calendar,Portal,Internal,Service Desk L1,Priya Shah,Resolved,24,16.2,No,None,0,No,,No,Service request,Vendor issue,EMEA
HD-260519-02197,2026-05-19 21:45,49,,P3,Cloud & SaaS,SSO,Phone,Mid-Market,Business Apps,Karan Verma,Pending,24,,No,None,1,No,,No,How-to,Network condition,EMEA
HD-260525-04152,2026-05-25 12:07,196,2026-05-26 05:28,P4,Software & Applications,Installation,Portal,Mid-Market,Service Desk L2,Vikram Patel,Closed,72,17.35,No,None,0,No,4,No,Service request,User error,North America
HD-260817-01481,2026-08-17 16:59,40,2026-08-18 01:40,P2,Performance,Disk space,Email,Mid-Market,Service Desk L1,Neha Thomas,Resolved,8,8.69,Yes,After-hours coverage,0,Yes,,No,Service request,Configuration,North America
HD-260505-01462,2026-05-05 15:40,221,2026-05-07 12:01,P4,,Access package,Portal,Mid-Market,Service Desk L1,Priya Shah,Resolved,72,44.35,No,None,1,No,2,No,Incident,Software defect,APAC
HD-260317-02424,2026-03-17 14:42,246,2026-03-19 23:13,P4,VPN & Remote Access,Split tunnel,Phone,Enterprise,Network Ops,Arjun Bhat,Closed,72,56.53,No,None,0,No,4,No,Performance issue,Software defect,APAC
HD-260730-01081,2026-07-30 16:22,17,2026-07-31 10:46,P3,Hardware,Docking station,Portal,Mid-Market,Service Desk L2,Arjun Bhat,Resolved,24,18.41,No,None,0,Yes,4,No,Incident,Network condition,APAC
HD-260612-01490,2026-06-12 11:30,173,2026-06-13 08:58,P3,Network,DNS/DHCP,Email,Enterprise,Network Ops,Farah Latif,Resolved,24,21.47,No,None,0,No,4,No,Incident,User error,North America
HD-260805-02161,2026-08-05 15:34,23,2026-08-06 06:05,P3,Telephony,Headset,Portal,SMB,Service Desk L2,Sana Rahman,Closed,24,14.52,No,None,1,No,3,No,Performance issue,Access policy,EMEA
HD-260710-02245,2026-07-10 14:26,316,2026-07-11 11:45,P4,Printing & Peripherals,Print queue,Phone,Mid-Market,Service Desk L1,Priya Shah,Resolved,72,21.32,No,None,0,No,4,No,Incident,Software defect,APAC
HD-260702-04141,2026-07-02 12:31,70,2026-07-03 16:26,P4,Account Provisioning,Offboarding,Phone,Mid-Market,Identity & Access,Deepak Nair,Resolved,72,27.93,No,None,1,No,4,No,Service request,Vendor issue,North America
HD-260311-02396,2026-03-11 16:25,50,2026-03-11 22:01,P3,Printing & Peripherals,Scanner,Portal,Internal,Service Desk L1,Imran Dar,Resolved,24,5.6,No,None,2,No,4,No,How-to,Vendor issue,EMEA
HD-260805-01363,2026-08-05 11:54,27,2026-08-05 14:28,P2,Printing & Peripherals,Printer offline,Chat,Internal,Endpoint Ops,Neha Thomas,Resolved,8,2.58,No,None,0,Yes,5,No,Access request,Unknown,EMEA
HD-260812-02796,2026-08-12 11:45,149,2026-08-13 05:07,P3,Email & Collaboration,Calendar,Portal,SMB,Service Desk L1,Priya Shah,Resolved,24,17.38,No,None,0,No,3,No,Incident,User error,North America
HD-260423-04026,2026-04-23 09:17,174,2026-04-24 02:11,P3,Performance,High CPU,Email,Mid-Market,Service Desk L2,Sana Rahman,Resolved,24,16.91,No,None,0,No,3,No,Access request,User error,APAC
HD-260416-04381,2026-04-16 09:59,131,2026-04-16 15:17,P3,,Docking station,Chat,SMB,Service Desk L1,Priya Shah,Resolved,24,5.31,No,None,0,No,5,No,Access request,Configuration,EMEA
HD-260608-04432,2026-06-08 10:29,306,2026-06-10 09:16,P4,VPN & Remote Access,Split tunnel,Chat,Mid-Market,Network Ops,,Resolved,72,46.79,No,None,0,No,4,No,Service request,Unknown,EMEA
HD-260417-03213,2026-04-17 15:15,43,2026-04-17 19:08,P2,Cloud & SaaS,Integration,Phone,Mid-Market,Business Apps,Sana Rahman,Resolved,8,3.89,No,None,0,Yes,4,No,Access request,Vendor issue,APAC
HD-260714-01007,2026-07-14 15:49,171,2026-07-15 10:12,P3,Software & Applications,License,Email,SMB,Service Desk L2,Meera Joseph,Closed,24,18.39,No,None,3,No,4,No,Incident,Access policy,North America
HD-260601-04063,2026-06-01 09:20,69,2026-06-01 22:35,P3,Access & Identity,Account locked,Portal,Internal,Identity & Access,Zoya Hussain,Closed,24,13.26,No,None,1,No,4,No,Service request,Access policy,EMEA
HD-260407-03932,2026-04-07 12:50,69,2026-04-07 18:59,P3,Printing & Peripherals,Print queue,Phone,Mid-Market,Service Desk L2,Vikram Patel,Resolved,24,6.16,No,None,1,No,3,No,Performance issue,User error,APAC
HD-260813-03763,2026-08-13 11:12,302,2026-08-14 13:15,P4,Telephony,Call quality,Chat,Enterprise,Network Ops,Zoya Hussain,Resolved,72,26.05,No,None,1,No,,Yes,How-to,Software defect,EMEA
HD-260803-04089,2026-08-03 16:29,60,2026-08-04 00:49,P3,Endpoint Security,EDR alert,Chat,Mid-Market,Identity & Access,Adil Mir,Resolved,24,8.34,No,None,0,No,3,No,Service request,Network condition,North America
HD-260817-03482,2026-08-17 08:29,45,2026-08-17 18:56,P2,Printing & Peripherals,Peripheral setup,Chat,Mid-Market,Business Apps,Karan Verma,Resolved,8,10.45,Yes,Vendor response,0,No,4,No,Service request,Hardware fault,APAC
HD-260715-02823,2026-07-15 14:37,20,2026-07-15 16:50,P2,VPN & Remote Access,Split tunnel,Chat,SMB,Network Ops,Arjun Bhat,Resolved,8,2.23,No,None,0,No,5,No,Incident,Capacity,APAC
HD-260513-02505,2026-05-13 11:39,49,,P2,Software & Applications,License,Chat,Mid-Market,Service Desk L2,Arjun Bhat,Pending,8,,No,None,0,No,,No,Service request,Software defect,EMEA
HD-260522-03580,2026-05-22 10:03,92,2026-05-23 05:43,P3,Network,Wi-Fi,Chat,Internal,Network Ops,Zoya Hussain,Closed,24,19.67,No,None,0,No,4,No,Incident,Hardware fault,EMEA
HD-260316-03670,2026-03-16 16:45,165,,P3,Software & Applications,License,Chat,SMB,Business Apps,Karan Verma,Open,24,,No,None,0,No,,No,Service request,User error,EMEA
HD-260401-01459,2026-04-01 16:25,160,2026-04-01 22:31,P3,Endpoint Security,Device compliance,Portal,Internal,Service Desk L1,Priya Shah,Resolved,24,6.11,No,None,1,No,3,No,Service request,Configuration,APAC
HD-260803-02879,2026-08-03 18:49,25,2026-08-04 02:37,P3,Network,Switch port,Email,Internal,Network Ops,Arjun Bhat,Closed,24,7.8,No,None,0,No,4,No,Access request,Network condition,North America
HD-260408-03134,2026-04-08 12:29,51,2026-04-08 15:51,P2,Access & Identity,Account locked,Portal,Enterprise,Identity & Access,Nadia Ali,Resolved,8,3.38,No,None,0,No,4,No,Access request,Capacity,EMEA
HD-260831-02645,2026-08-31 14:27,20,2026-09-01 08:07,P3,Software & Applications,License,Email,Mid-Market,Business Apps,Karan Verma,Closed,24,17.67,No,None,0,No,,No,How-to,Unknown,EMEA
HD-260421-03631,2026-04-21 11:12,151,2026-04-21 16:50,P3,Email & Collaboration,Distribution list,Phone,SMB,Service Desk L1,Priya Shah,Resolved,24,5.64,No,None,0,No,4,No,Access request,Capacity,APAC
HD-260715-02033,2026-07-15 15:45,279,2026-07-16 07:13,P4,VPN & Remote Access,VPN login,Portal,Mid-Market,Service Desk L2,Sana Rahman,Resolved,72,15.47,No,None,0,No,,No,Incident,Software defect,EMEA
HD-260615-01404,2026-06-15 08:16,168,2026-06-16 07:40,P3,Performance,Slow device,Email,SMB,Business Apps,Priya Shah,Resolved,24,23.41,No,None,0,No,3,No,Access request,Configuration,North America
HD-260725-02442,2026-07-25 15:10,120,2026-07-26 09:52,P4,Performance,High CPU,Chat,Enterprise,Endpoint Ops,Vikram Patel,Resolved,72,18.7,No,None,1,No,3,No,Performance issue,Network condition,APAC
HD-260331-03687,2026-03-31 09:27,35,,P4,Cloud & SaaS,Application outage,Phone,SMB,Service Desk L1,Rohan Mehta,Open,72,,No,None,1,No,,No,Incident,Configuration,North America
HD-260723-01070,2026-07-23 18:49,17,2026-07-23 20:16,P1,Access & Identity,Password reset,Phone,Internal,Identity & Access,Nadia Ali,Closed,4,1.46,No,None,1,Yes,,No,How-to,Capacity,North America
HD-260831-04265,2026-08-31 16:44,43,2026-09-01 16:46,P4,Printing & Peripherals,Scanner,Phone,Mid-Market,Network Ops,Deepak Nair,Resolved,72,24.04,No,None,0,No,5,No,Incident,Configuration,North America
HD-260411-03727,2026-04-11 21:03,54,2026-04-12 04:08,P3,Endpoint Security,Security policy,Email,SMB,Identity & Access,Adil Mir,Resolved,24,7.09,No,None,2,No,4,No,Access request,Software defect,North America
HD-260511-02408,2026-05-11 10:50,38,2026-05-11 17:14,P3,Email & Collaboration,Distribution list,Email,Mid-Market,Service Desk L1,Imran Dar,Closed,24,6.4,No,None,1,Yes,4,No,Incident,Software defect,North America
HD-260819-02509,2026-08-19 11:47,23,2026-08-19 21:03,P2,Network,DNS/DHCP,Email,SMB,Network Ops,Deepak Nair,Closed,8,9.27,Yes,Vendor response,0,Yes,3,No,Incident,Access policy,EMEA
HD-260313-02684,2026-03-13 16:09,107,,P3,Email & Collaboration,Mailbox,Chat,SMB,Service Desk L2,Vikram Patel,Pending,24,,No,None,0,No,,No,Service request,Configuration,APAC
HD-260410-03223,2026-04-10 18:12,36,,P2,Network,Wi-Fi,Email,Mid-Market,Network Ops,Zoya Hussain,Pending,8,,No,None,0,No,,No,Access request,User error,North America
HD-260811-02211,2026-08-11 12:03,353,2026-08-14 00:57,P4,Printing & Peripherals,Print queue,Chat,Enterprise,Service Desk L2,Sana Rahman,Resolved,72,60.9,No,None,0,No,3,No,Access request,Network condition,EMEA
HD-260308-01317,2026-03-08 17:56,35,,P3,Software & Applications,Version issue,Chat,SMB,Business Apps,Sana Rahman,Pending,24,,No,None,1,No,,No,Access request,Configuration,North America
HD-260516-01505,2026-05-16 14:19,58,2026-05-17 09:08,P3,,Disk space,Chat,Enterprise,Network Ops,Farah Latif,Resolved,24,18.82,No,None,0,Yes,4,No,Incident,Access policy,EMEA
HD-260805-01075,2026-08-05 21:07,82,2026-08-06 05:28,P3,Endpoint Security,Security policy,Portal,Mid-Market,Service Desk L1,Rohan Mehta,Closed,24,8.36,No,None,0,No,5,No,Incident,User error,North America
HD-260526-03778,2026-05-26 12:03,312,2026-05-29 01:55,P4,Network,LAN connectivity,Email,Mid-Market,Network Ops,Farah Latif,Resolved,72,61.87,No,None,1,Yes,4,No,Incident,User error,APAC
HD-260309-04387,2026-03-09 10:35,197,2026-03-10 10:36,P4,Software & Applications,Installation,Phone,Mid-Market,Service Desk L2,Sana Rahman,Resolved,72,24.02,No,None,0,No,5,No,Performance issue,Access policy,North America
HD-260705-03408,2026-07-05 13:47,14,2026-07-05 16:46,P2,Network,Wi-Fi,Chat,Mid-Market,Network Ops,Farah Latif,Closed,8,2.99,No,None,0,No,4,No,Access request,User error,APAC
HD-260831-02301,2026-08-31 12:06,61,2026-08-31 14:33,P2,Cloud & SaaS,Integration,Portal,Internal,Service Desk L1,Imran Dar,Closed,8,2.46,No,None,0,Yes,3,No,Incident,Access policy,EMEA
HD-260728-01072,2026-07-28 14:21,213,2026-07-30 10:27,P4,Cloud & SaaS,Integration,Portal,SMB,Business Apps,Karan Verma,Resolved,72,44.11,No,None,0,No,2,No,Incident,Access policy,North America
HD-260713-01894,2026-07-13 18:45,91,2026-07-14 09:07,P4,Telephony,Headset,Portal,Mid-Market,Service Desk L2,Arjun Bhat,Resolved,72,14.37,No,None,0,No,,No,Incident,Network condition,EMEA
HD-260619-02940,2026-06-19 11:02,19,2026-06-19 16:57,P3,Software & Applications,Installation,Phone,Internal,Business Apps,Imran Dar,Closed,24,5.93,No,None,0,No,4,No,Incident,User error,North America
HD-260319-03937,2026-03-19 18:57,39,,P4,Email & Collaboration,Teams/Meetings,Phone,Enterprise,Identity & Access,Nadia Ali,Pending,72,,No,None,1,No,,No,Incident,Unknown,EMEA
HD-260709-03920,2026-07-09 10:26,338,2026-07-10 01:51,P4,Software & Applications,Application error,Email,Enterprise,Business Apps,Sana Rahman,Closed,72,15.43,No,None,0,No,,No,Performance issue,Configuration,North America
HD-260729-02327,2026-07-29 12:53,12,2026-07-30 06:45,P3,,Installation,Email,Enterprise,Business Apps,Imran Dar,Resolved,24,17.88,No,None,0,No,,No,How-to,User error,APAC
HD-260421-03303,2026-04-21 16:19,60,2026-04-22 00:41,P3,Email & Collaboration,Distribution list,Email,Mid-Market,Identity & Access,Deepak Nair,Closed,24,8.38,No,None,0,No,3,No,Access request,Configuration,EMEA
HD-260320-04526,2026-03-20 15:39,34,2026-03-20 21:11,P3,VPN & Remote Access,Split tunnel,Portal,Internal,Network Ops,Deepak Nair,Resolved,24,5.54,No,None,0,No,4,No,Service request,Software defect,APAC
HD-260528-03216,2026-05-28 11:40,148,2026-05-28 17:05,P3,VPN & Remote Access,Split tunnel,Chat,Enterprise,Network Ops,Deepak Nair,Resolved,24,5.43,No,None,0,No,,No,Access request,Access policy,EMEA
HD-260528-03294,2026-05-28 16:18,187,2026-05-30 10:45,P4,VPN & Remote Access,VPN disconnect,Phone,Mid-Market,Network Ops,Arjun Bhat,Resolved,72,42.45,No,None,0,No,2,No,Access request,Software defect,North America
HD-260821-02223,2026-08-21 11:47,28,2026-08-23 23:29,P4,VPN & Remote Access,VPN login,Email,Internal,Network Ops,Zoya Hussain,Resolved,72,59.71,No,None,0,No,4,No,Incident,Access policy,EMEA
HD-260318-04194,2026-03-18 13:15,56,2026-03-19 02:15,P3,Endpoint Security,Security policy,Email,Internal,Endpoint Ops,Neha Thomas,Resolved,24,13,No,None,1,Yes,4,No,Incident,Capacity,North America
HD-260402-01154,2026-04-02 10:38,145,2026-04-03 11:17,P3,Telephony,Softphone,Portal,SMB,Service Desk L2,Meera Joseph,Resolved,24,24.66,Yes,After-hours coverage,1,No,4,Yes,Service request,Capacity,North America
HD-260514-02734,2026-05-14 14:36,180,2026-05-16 23:14,P4,Network,LAN connectivity,Chat,Enterprise,Network Ops,Deepak Nair,Resolved,72,56.64,No,None,0,No,3,No,Service request,Network condition,APAC
HD-260810-04449,2026-08-10 21:51,178,2026-08-11 12:08,P3,Endpoint Security,EDR alert,Email,SMB,Service Desk L1,Aisha Khan,Resolved,24,14.29,No,None,3,No,4,No,Service request,Access policy,APAC
HD-260417-04371,2026-04-17 12:19,20,2026-04-17 17:11,P2,Printing & Peripherals,Scanner,Chat,Internal,Identity & Access,Deepak Nair,Closed,8,4.87,No,None,0,No,3,No,Incident,Access policy,EMEA
HD-260519-04380,2026-05-19 11:44,109,2026-05-20 12:59,P3,Telephony,Softphone,Phone,Internal,Network Ops,Zoya Hussain,Closed,24,25.25,Yes,Escalation delay,0,No,2,No,Incident,Configuration,EMEA
HD-260406-03024,2026-04-06 12:18,104,2026-04-06 17:35,P3,Network,LAN connectivity,Phone,Enterprise,Service Desk L2,Vikram Patel,Resolved,24,5.29,No,None,1,No,4,Yes,Service request,Network condition,EMEA
HD-260831-01355,2026-08-31 20:01,57,2026-09-01 03:19,P3,Email & Collaboration,Calendar,Phone,Mid-Market,Business Apps,Sana Rahman,Resolved,24,7.3,No,None,0,No,,No,Access request,Access policy,EMEA
HD-260813-04085,2026-08-13 20:18,64,2026-08-14 08:03,P3,Email & Collaboration,Distribution list,Chat,SMB,Service Desk L2,Sana Rahman,Resolved,24,11.76,No,None,1,No,5,No,Incident,Network condition,APAC
HD-260814-02419,2026-08-14 11:55,178,2026-08-15 03:14,P3,Telephony,Extension,Chat,SMB,Service Desk L2,Arjun Bhat,Closed,24,15.32,No,None,0,No,3,No,Access request,Software defect,EMEA
HD-260803-02541,2026-08-03 15:56,37,2026-08-04 02:38,P3,Telephony,Call quality,Email,Internal,Service Desk L2,Sana Rahman,Resolved,24,10.7,No,None,0,No,5,Yes,Access request,User error,APAC
HD-260706-03575,2026-07-06 13:00,152,2026-07-06 20:16,P3,Cloud & SaaS,Subscription,Chat,SMB,Service Desk L2,Arjun Bhat,Resolved,24,7.28,No,None,1,No,3,No,Access request,Hardware fault,EMEA
HD-260518-04532,2026-05-18 15:58,27,2026-05-18 22:50,P3,Software & Applications,Installation,Portal,Mid-Market,Service Desk L2,Arjun Bhat,Resolved,24,6.88,No,None,0,Yes,5,No,How-to,Configuration,EMEA
HD-260810-02166,2026-08-10 11:19,164,2026-08-11 12:13,P3,Hardware,Keyboard/Mouse,Chat,SMB,Identity & Access,Farah Latif,Resolved,24,24.91,Yes,Complex investigation,1,No,3,No,Service request,User error,North America
HD-260312-04469,2026-03-12 14:37,58,2026-03-13 01:30,P3,Network,LAN connectivity,Email,Internal,Service Desk L2,Vikram Patel,Resolved,24,10.89,No,None,0,No,,No,Service request,Access policy,EMEA
HD-260723-03633,2026-07-23 13:28,73,2026-07-24 08:59,P3,Access & Identity,Account locked,Portal,Enterprise,Service Desk L1,Imran Dar,Resolved,24,19.53,No,None,0,No,3,No,Access request,Capacity,EMEA
HD-260412-02631,2026-04-12 12:05,39,2026-04-14 21:59,P4,Access & Identity,Password reset,Portal,Internal,Service Desk L1,Neha Thomas,Resolved,72,57.91,No,None,0,No,,No,Incident,Configuration,North America
HD-260327-02079,2026-03-27 16:00,28,2026-03-28 15:00,P4,Telephony,Call quality,Portal,Mid-Market,Service Desk L2,Vikram Patel,Resolved,72,23.01,No,None,0,No,5,No,Incident,Unknown,EMEA
HD-260416-01922,2026-04-16 16:25,150,,P4,Endpoint Security,Security policy,Portal,Mid-Market,Identity & Access,Zoya Hussain,Pending,72,,No,None,1,No,,No,Incident,User error,North America
HD-260407-01433,2026-04-07 13:52,21,2026-04-08 17:37,P4,Access & Identity,Permission request,Chat,Internal,Identity & Access,Nadia Ali,Closed,72,27.76,No,None,1,No,3,Yes,Incident,Capacity,North America
HD-260521-01950,2026-05-21 17:37,220,2026-05-23 12:32,P4,Network,Switch port,Portal,SMB,Network Ops,Arjun Bhat,Closed,72,42.93,No,None,0,No,4,No,Incident,Network condition,EMEA
HD-260819-02220,2026-08-19 16:36,41,2026-08-20 08:19,P3,Cloud & SaaS,Application outage,Email,Enterprise,Business Apps,Sana Rahman,Closed,24,15.72,No,None,0,No,3,No,Performance issue,Access policy,APAC
HD-260410-04056,2026-04-10 14:46,40,2026-04-11 10:49,P3,Hardware,Laptop,Chat,SMB,Service Desk L1,Karan Verma,Closed,24,20.06,No,None,1,No,4,No,Incident,Network condition,North America
HD-260420-02792,2026-04-20 18:24,39,2026-04-20 20:51,P2,Hardware,Keyboard/Mouse,Email,Mid-Market,Service Desk L2,Vikram Patel,Closed,8,2.45,No,None,0,Yes,5,Yes,Service request,Hardware fault,North America
HD-260522-04159,2026-05-22 20:49,47,2026-05-22 23:25,P2,Printing & Peripherals,Printer offline,Portal,SMB,Network Ops,Farah Latif,Closed,8,2.61,No,None,1,No,4,No,How-to,Capacity,North America
HD-260518-03699,2026-05-18 10:56,6,2026-05-18 12:21,P1,Hardware,Laptop,Email,Mid-Market,Identity & Access,Nadia Ali,Closed,4,1.43,No,None,0,No,4,No,Incident,User error,North America
HD-260416-04262,2026-04-16 11:00,352,2026-04-17 12:42,P4,Cloud & SaaS,SSO,Phone,SMB,Service Desk L1,Rohan Mehta,Resolved,72,25.71,No,None,0,No,5,No,Access request,Vendor issue,EMEA
HD-260529-04302,2026-05-29 15:23,28,2026-05-30 09:24,P3,Printing & Peripherals,Printer offline,Chat,Enterprise,Service Desk L1,Neha Thomas,Resolved,24,18.03,No,None,0,No,3,No,Incident,User error,North America
HD-260719-02665,2026-07-19 14:16,151,2026-07-20 11:21,P3,Access & Identity,Account locked,Phone,Enterprise,Service Desk L1,Imran Dar,Closed,24,21.09,No,None,0,No,,No,Incident,Network condition,EMEA
HD-260323-03566,2026-03-23 18:59,155,2026-03-24 16:38,P3,Software & Applications,Installation,Email,Enterprise,Service Desk L2,Arjun Bhat,Resolved,24,21.66,No,None,1,No,4,No,Service request,Hardware fault,EMEA
HD-260805-02403,2026-08-05 14:29,16,2026-08-05 16:42,P2,Endpoint Security,Security policy,Portal,SMB,Endpoint Ops,Vikram Patel,Closed,8,2.22,No,None,0,Yes,4,No,Incident,Configuration,APAC
HD-260720-04180,2026-07-20 15:40,38,2026-07-21 06:17,P4,VPN & Remote Access,VPN disconnect,Chat,SMB,Network Ops,Arjun Bhat,Resolved,72,14.62,No,None,0,No,4,No,Service request,Hardware fault,North America
HD-260624-03324,2026-06-24 13:10,24,2026-06-24 15:52,P2,,Account locked,Portal,Enterprise,Identity & Access,Zoya Hussain,Resolved,8,2.71,No,None,0,No,4,No,Incident,Software defect,APAC
HD-260706-01918,2026-07-06 14:52,178,2026-07-07 10:11,P4,Access & Identity,MFA issue,Chat,Mid-Market,Service Desk L1,Priya Shah,Closed,72,19.33,No,None,0,No,4,No,How-to,Unknown,EMEA
HD-260421-01382,2026-04-21 18:54,288,2026-04-24 10:41,P4,Email & Collaboration,Mailbox,Portal,Mid-Market,Identity & Access,Nadia Ali,Resolved,72,63.79,No,None,2,Yes,,No,How-to,Configuration,EMEA
HD-260825-02858,2026-08-25 17:12,60,2026-08-26 11:31,P4,Email & Collaboration,Calendar,Phone,Enterprise,Endpoint Ops,Karan Verma,Closed,72,18.32,No,None,1,No,4,Yes,Service request,Configuration,North America
HD-260520-02094,2026-05-20 13:22,307,2026-05-22 07:12,P4,Network,Switch port,Chat,Enterprise,Service Desk L2,Sana Rahman,Resolved,72,41.84,No,None,0,No,3,No,Incident,User error,North America
HD-260308-02128,2026-03-08 17:15,152,2026-03-09 14:04,P4,Endpoint Security,Malware check,Portal,Enterprise,Identity & Access,Nadia Ali,Resolved,72,20.82,No,None,2,No,4,No,Incident,Access policy,EMEA
HD-260713-04511,2026-07-13 15:44,44,2026-07-13 18:45,P2,Cloud & SaaS,Application outage,Email,Mid-Market,Service Desk L2,Vikram Patel,Resolved,8,3.03,No,None,0,No,5,No,Performance issue,Capacity,APAC
HD-260624-02493,2026-06-24 10:46,63,2026-06-24 13:14,P2,Telephony,Call quality,Phone,Internal,Service Desk L2,Vikram Patel,Resolved,8,2.48,No,None,0,No,3,No,Performance issue,User error,EMEA
HD-260610-04069,2026-06-10 14:33,105,2026-06-10 20:08,P3,Hardware,Monitor,Portal,Mid-Market,Service Desk L1,Imran Dar,Resolved,24,5.59,No,None,1,No,4,No,Performance issue,User error,North America
HD-260602-01904,2026-06-02 10:44,41,2026-06-02 14:30,P2,VPN & Remote Access,VPN disconnect,Chat,Mid-Market,Network Ops,Farah Latif,Resolved,8,3.78,No,None,0,No,4,No,Access request,Configuration,EMEA
HD-260311-02191,2026-03-11 09:33,14,2026-03-11 14:09,P1,VPN & Remote Access,Remote desktop,Chat,Internal,Network Ops,Zoya Hussain,Closed,4,4.61,Yes,Dependency delay,0,Yes,4,No,Service request,Capacity,APAC
HD-260618-02309,2026-06-18 12:28,15,2026-06-18 14:07,P1,Performance,High memory,Email,Enterprise,Business Apps,Neha Thomas,Resolved,4,1.66,No,None,0,No,3,No,Incident,Capacity,North America
HD-260520-02514,2026-05-20 13:50,56,2026-05-21 10:56,P3,Access & Identity,Account locked,Portal,SMB,Service Desk L1,Aisha Khan,Closed,24,21.11,No,None,3,No,3,No,Incident,Capacity,APAC
HD-260723-01060,2026-07-23 09:40,67,2026-07-26 01:52,P4,Account Provisioning,Access package,Chat,SMB,Endpoint Ops,Karan Verma,Resolved,72,64.2,No,None,0,No,3,No,Incident,Hardware fault,EMEA
HD-260313-02303,2026-03-13 19:00,62,2026-03-14 09:22,P4,Hardware,Keyboard/Mouse,Portal,Internal,Network Ops,Deepak Nair,Closed,72,14.37,No,None,2,No,5,No,Performance issue,Configuration,APAC
HD-260529-03360,2026-05-29 15:32,22,2026-05-29 17:08,P1,Telephony,Softphone,Portal,Mid-Market,Network Ops,Zoya Hussain,Resolved,4,1.6,No,None,0,No,5,Yes,Service request,Software defect,APAC
HD-260807-02005,2026-08-07 16:14,14,2026-08-07 22:31,P2,Account Provisioning,New starter,Chat,Enterprise,Identity & Access,Nadia Ali,Resolved,8,6.29,No,None,0,No,,No,Incident,Capacity,North America
HD-260827-03612,2026-08-27 11:19,62,2026-08-27 15:23,P2,Network,LAN connectivity,Phone,Enterprise,Network Ops,Zoya Hussain,Resolved,8,4.07,No,None,0,No,3,No,Service request,Software defect,EMEA
HD-260420-02242,2026-04-20 11:03,53,2026-04-20 15:14,P2,Network,LAN connectivity,Phone,Mid-Market,Service Desk L2,Vikram Patel,Resolved,8,4.19,No,None,0,No,5,No,Incident,Access policy,EMEA
HD-260429-04296,2026-04-29 15:59,53,2026-04-30 14:20,P3,Printing & Peripherals,Scanner,Email,Mid-Market,Service Desk L1,Karan Verma,Closed,24,22.36,No,None,1,No,,No,Incident,Configuration,North America
HD-260710-03639,2026-07-10 11:13,44,,P4,Email & Collaboration,Mailbox,Chat,Internal,Service Desk L1,Neha Thomas,Pending,72,,No,None,1,No,,No,Service request,Vendor issue,APAC
HD-260807-02722,2026-08-07 10:27,173,2026-08-08 11:12,P3,Account Provisioning,Access package,Email,SMB,Service Desk L1,Neha Thomas,Closed,24,24.75,Yes,Escalation delay,0,No,4,No,Service request,Access policy,EMEA
HD-260519-03662,2026-05-19 10:44,169,,P3,Printing & Peripherals,Printer offline,Email,Mid-Market,Service Desk L1,Aisha Khan,Open,24,,No,None,0,No,,No,Service request,Software defect,APAC
HD-260831-02486,2026-08-31 15:05,46,2026-08-31 20:42,P2,Account Provisioning,New starter,Portal,Mid-Market,Identity & Access,Deepak Nair,Closed,8,5.63,No,None,0,No,4,No,Access request,Vendor issue,EMEA
HD-260824-02632,2026-08-24 19:59,135,2026-08-25 02:11,P3,Hardware,Laptop,Email,SMB,Endpoint Ops,Sana Rahman,Closed,24,6.21,No,None,0,No,3,No,Incident,Access policy,North America
HD-260825-02032,2026-08-25 11:23,248,2026-08-26 01:54,P4,Hardware,Docking station,Email,SMB,Endpoint Ops,Vikram Patel,Resolved,72,14.53,No,None,0,No,3,No,Access request,Configuration,EMEA
HD-260701-04001,2026-07-01 11:37,111,2026-07-01 20:10,P3,Software & Applications,Version issue,Email,Internal,Service Desk L2,Vikram Patel,Resolved,24,8.55,No,None,0,No,5,No,Incident,Configuration,APAC
HD-260814-01534,2026-08-14 11:34,179,2026-08-14 18:51,P3,Email & Collaboration,Distribution list,Phone,Mid-Market,Service Desk L2,Sana Rahman,Resolved,24,7.29,No,None,1,No,4,No,Performance issue,User error,North America
HD-260624-03077,2026-06-24 10:47,103,2026-06-25 03:38,P3,Performance,Disk space,Portal,Enterprise,Service Desk L1,Karan Verma,Resolved,24,16.85,No,None,0,Yes,3,Yes,Incident,Vendor issue,EMEA
HD-260320-02311,2026-03-20 11:52,124,2026-03-20 17:10,P3,Cloud & SaaS,SSO,Phone,Enterprise,Business Apps,Imran Dar,Resolved,24,5.3,No,None,1,No,5,No,Performance issue,Hardware fault,EMEA
HD-260611-02853,2026-06-11 16:42,43,2026-06-12 00:11,P3,Telephony,Call quality,Email,Enterprise,Network Ops,Deepak Nair,Resolved,24,7.49,No,None,0,No,4,No,Performance issue,Unknown,EMEA
HD-260619-02468,2026-06-19 10:44,40,2026-06-19 15:42,P2,Printing & Peripherals,Peripheral setup,Chat,SMB,Service Desk L1,Aisha Khan,Closed,8,4.97,No,None,0,No,4,No,Incident,Hardware fault,EMEA
HD-260813-02518,2026-08-13 13:47,31,2026-08-13 19:37,P2,Account Provisioning,Role change,Portal,Enterprise,Service Desk L1,Neha Thomas,Resolved,8,5.84,No,None,0,No,3,No,Incident,Network condition,APAC
HD-260824-03115,2026-08-24 13:23,213,2026-08-26 10:45,P4,Account Provisioning,Role change,Chat,Enterprise,Service Desk L1,Imran Dar,Resolved,72,45.37,No,None,0,No,4,No,Service request,Hardware fault,APAC
HD-260501-03532,2026-05-01 16:47,22,2026-05-02 14:59,P4,Performance,Disk space,Chat,Enterprise,Service Desk L1,Priya Shah,Resolved,72,22.2,No,None,0,No,5,No,Incident,User error,APAC
HD-260325-02749,2026-03-25 11:17,90,2026-03-25 23:35,P3,VPN & Remote Access,Remote desktop,Portal,Enterprise,Network Ops,Arjun Bhat,Resolved,24,12.3,No,None,0,No,4,No,How-to,Configuration,EMEA
HD-260427-03850,2026-04-27 11:36,349,2026-04-29 23:05,P4,Email & Collaboration,Calendar,Portal,Mid-Market,Endpoint Ops,Neha Thomas,Resolved,72,59.49,No,None,1,No,4,Yes,Service request,User error,EMEA
HD-260824-02464,2026-08-24 12:21,38,2026-08-26 11:10,P4,VPN & Remote Access,Remote desktop,Phone,Mid-Market,Network Ops,Zoya Hussain,Resolved,72,46.83,No,None,1,No,4,Yes,Access request,Access policy,EMEA
HD-260417-02096,2026-04-17 15:52,253,2026-04-19 20:57,P4,Performance,High memory,Chat,Mid-Market,Endpoint Ops,Sana Rahman,Closed,72,53.09,No,None,1,No,4,No,Access request,Software defect,APAC
HD-260506-03489,2026-05-06 11:03,83,2026-05-06 23:45,P3,Cloud & SaaS,Subscription,Portal,SMB,Business Apps,Neha Thomas,Closed,24,12.71,No,None,0,No,3,No,Incident,Access policy,APAC
HD-260324-01152,2026-03-24 12:38,298,2026-03-25 04:42,P4,VPN & Remote Access,Split tunnel,Portal,SMB,Service Desk L2,Arjun Bhat,Closed,72,16.07,No,None,0,No,4,Yes,Incident,Capacity,North America
HD-260512-02970,2026-05-12 10:05,306,2026-05-13 10:17,P4,Email & Collaboration,Calendar,Email,SMB,Network Ops,Farah Latif,Closed,72,24.2,No,None,0,No,4,No,Incident,Hardware fault,EMEA
HD-260529-02455,2026-05-29 11:41,165,2026-05-30 05:03,P3,Email & Collaboration,Mailbox,Chat,Mid-Market,Service Desk L1,Aisha Khan,Resolved,24,17.38,No,None,1,No,2,No,Access request,Access policy,North America
HD-260324-01915,2026-03-24 11:43,221,2026-03-25 04:52,P4,Cloud & SaaS,Application outage,Portal,Mid-Market,Business Apps,Priya Shah,Closed,72,17.15,No,None,0,No,5,No,Incident,Software defect,EMEA
HD-260302-02648,2026-03-02 14:18,41,,P4,Hardware,Docking station,Phone,Mid-Market,Service Desk L1,Neha Thomas,Pending,72,,No,None,1,No,,No,Incident,Access policy,North America
HD-260813-04384,2026-08-13 11:08,23,2026-08-13 17:38,P3,Network,LAN connectivity,Portal,Mid-Market,Service Desk L2,Meera Joseph,Resolved,24,6.5,No,None,1,No,4,No,Incident,Software defect,APAC
HD-260710-03068,2026-07-10 12:38,63,2026-07-11 05:11,P3,Performance,Disk space,Portal,SMB,Service Desk L1,Karan Verma,Closed,24,16.55,No,None,1,No,2,Yes,Incident,Hardware fault,North America
HD-260616-02412,2026-06-16 12:34,129,2026-06-17 05:58,P4,Email & Collaboration,Mailbox,Email,Mid-Market,Endpoint Ops,Karan Verma,Closed,72,17.4,No,None,0,No,4,No,How-to,Hardware fault,EMEA
HD-260622-03050,2026-06-22 11:12,149,2026-06-23 08:13,P4,Cloud & SaaS,Application outage,Portal,Internal,Business Apps,,Resolved,72,21.03,No,None,0,No,4,No,Incident,User error,North America
HD-260501-02466,2026-05-01 13:29,70,2026-05-01 18:51,P3,Printing & Peripherals,Scanner,Email,SMB,Identity & Access,Zoya Hussain,Resolved,24,5.38,No,None,0,No,5,No,Incident,User error,EMEA
HD-260715-04534,2026-07-15 17:36,14,2026-07-15 19:09,P1,VPN & Remote Access,VPN disconnect,Phone,Mid-Market,Network Ops,Deepak Nair,Resolved,4,1.56,No,None,0,No,5,No,Access request,Software defect,APAC
HD-260611-02070,2026-06-11 12:03,46,2026-06-12 01:11,P3,Endpoint Security,EDR alert,Chat,SMB,Identity & Access,Nadia Ali,Closed,24,13.14,No,None,0,No,5,No,Service request,Network condition,EMEA
HD-260303-01867,2026-03-03 13:29,135,2026-03-04 01:04,P3,Network,LAN connectivity,Email,SMB,Network Ops,Arjun Bhat,Closed,24,11.59,No,None,1,Yes,5,No,Service request,User error,APAC
HD-260720-01153,2026-07-20 15:03,112,2026-07-21 08:51,P4,Cloud & SaaS,SSO,Phone,Mid-Market,Service Desk L1,Neha Thomas,Resolved,72,17.81,No,None,0,No,5,No,Performance issue,User error,APAC
HD-260625-01799,2026-06-25 13:34,129,2026-06-26 17:21,P4,Cloud & SaaS,SSO,Email,SMB,Service Desk L1,Neha Thomas,Closed,72,27.79,No,None,0,No,5,No,Incident,User error,APAC
HD-260326-03860,2026-03-26 12:21,21,2026-03-27 08:48,P3,Telephony,Headset,Portal,SMB,Service Desk L2,Meera Joseph,Resolved,24,20.46,No,None,0,No,4,No,Service request,Configuration,EMEA
HD-260617-01843,2026-06-17 12:33,39,2026-06-17 22:43,P2,Hardware,Monitor,Email,Internal,Service Desk L1,Neha Thomas,Closed,8,10.18,Yes,Dependency delay,1,No,,No,Incident,Software defect,North America
HD-260424-03494,2026-04-24 18:22,77,2026-04-25 11:09,P3,Printing & Peripherals,Print queue,Portal,Mid-Market,Service Desk L1,Aisha Khan,Resolved,24,16.79,No,None,0,No,3,No,How-to,User error,EMEA
HD-260424-04484,2026-04-24 13:59,328,2026-04-25 16:41,P4,Software & Applications,Installation,Portal,Mid-Market,Business Apps,Karan Verma,Resolved,72,26.7,No,None,1,No,3,No,Performance issue,Network condition,APAC
HD-260807-02047,2026-08-07 11:29,74,2026-08-08 12:36,P3,Access & Identity,Account locked,Chat,Mid-Market,Identity & Access,Adil Mir,Resolved,24,25.12,Yes,Dependency delay,0,No,4,Yes,Performance issue,Unknown,North America
HD-260326-01008,2026-03-26 09:41,298,,P4,Account Provisioning,Offboarding,Portal,Mid-Market,Service Desk L1,Rohan Mehta,Pending,72,,No,None,1,No,,No,Access request,Software defect,APAC
HD-260421-03000,2026-04-21 12:26,107,2026-04-21 21:52,P3,Access & Identity,Permission request,Chat,Internal,Service Desk L1,Neha Thomas,Resolved,24,9.44,No,None,1,No,5,No,Performance issue,Capacity,EMEA
HD-260401-01654,2026-04-01 10:42,128,2026-04-01 21:01,P3,Endpoint Security,Security policy,Portal,Mid-Market,Service Desk L1,Priya Shah,Resolved,24,10.32,No,None,3,No,5,No,How-to,Network condition,EMEA
HD-260722-04031,2026-07-22 15:35,82,2026-07-23 07:43,P3,Account Provisioning,New starter,Email,Enterprise,Identity & Access,Zoya Hussain,Resolved,24,16.14,No,None,3,Yes,4,No,Incident,Vendor issue,EMEA
HD-260623-01439,2026-06-23 13:35,98,2026-06-25 02:27,P4,Software & Applications,License,Chat,Mid-Market,Service Desk L1,Imran Dar,Resolved,72,36.88,No,None,0,No,,No,Performance issue,Software defect,APAC
HD-260312-02248,2026-03-12 14:38,57,2026-03-13 12:27,P3,Telephony,Softphone,Chat,Enterprise,Service Desk L2,Meera Joseph,Resolved,24,21.83,No,None,0,No,4,No,How-to,Configuration,EMEA
HD-260520-03539,2026-05-20 16:56,303,2026-05-21 21:14,P4,Hardware,Keyboard/Mouse,Chat,SMB,Service Desk L1,Imran Dar,Resolved,72,28.3,No,None,1,No,3,No,Performance issue,Capacity,North America
HD-260708-03275,2026-07-08 12:03,63,2026-07-09 04:07,P4,Performance,High CPU,Portal,Mid-Market,Service Desk L1,Aisha Khan,Closed,72,16.08,No,None,0,No,4,No,Performance issue,User error,EMEA
HD-260824-01688,2026-08-24 11:48,144,2026-08-24 20:56,P3,Telephony,Softphone,Chat,SMB,Network Ops,Deepak Nair,Closed,24,9.14,No,None,0,No,4,No,Incident,Configuration,North America
HD-260323-03952,2026-03-23 10:07,148,2026-03-23 19:16,P3,Printing & Peripherals,Printer offline,Email,Enterprise,Identity & Access,Zoya Hussain,Resolved,24,9.16,No,None,0,No,5,Yes,Incident,Network condition,North America
HD-260615-02944,2026-06-15 11:37,161,2026-06-16 03:43,P3,Software & Applications,License,Portal,Enterprise,Business Apps,Neha Thomas,Resolved,24,16.1,No,None,1,No,3,No,Access request,User error,EMEA
HD-260330-02719,2026-03-30 08:32,14,2026-03-30 14:15,P2,Email & Collaboration,Calendar,Portal,Enterprise,Network Ops,,Closed,8,5.72,No,None,2,No,4,No,Service request,Software defect,North America
HD-260619-02550,2026-06-19 15:32,64,2026-06-19 17:44,P2,Account Provisioning,New starter,Email,Enterprise,Identity & Access,Deepak Nair,Resolved,8,2.2,No,None,0,No,4,No,Incident,Hardware fault,EMEA
HD-260605-03400,2026-06-05 12:52,192,2026-06-06 06:23,P4,Performance,High CPU,Portal,SMB,Service Desk L1,Imran Dar,Resolved,72,17.53,No,None,0,No,,No,Incident,Configuration,North America
HD-260728-01354,2026-07-28 14:33,25,2026-07-29 00:23,P2,Network,Switch port,Portal,Mid-Market,Network Ops,Deepak Nair,Resolved,8,9.84,Yes,High queue volume,0,No,2,No,Service request,User error,APAC
HD-260601-02206,2026-06-01 14:43,38,2026-06-02 01:54,P3,Access & Identity,Permission request,Portal,SMB,Identity & Access,Adil Mir,Resolved,24,11.19,No,None,0,No,4,No,Access request,Configuration,North America
HD-260414-01847,2026-04-14 15:40,8,2026-04-14 21:08,P2,Account Provisioning,Offboarding,Email,Enterprise,Identity & Access,Nadia Ali,Resolved,8,5.48,No,None,0,No,4,No,How-to,Access policy,EMEA
HD-260720-01944,2026-07-20 10:18,31,2026-07-21 01:43,P4,Email & Collaboration,Mailbox,Phone,Mid-Market,Network Ops,Deepak Nair,Resolved,72,15.42,No,None,0,No,5,No,Service request,Access policy,EMEA
HD-260610-02708,2026-06-10 15:03,63,2026-06-11 09:19,P3,Account Provisioning,New starter,Portal,Mid-Market,Identity & Access,Adil Mir,Closed,24,18.27,No,None,0,No,2,No,Incident,Access policy,EMEA
HD-260305-03017,2026-03-05 14:27,81,2026-03-05 22:28,P3,Printing & Peripherals,Print queue,Portal,Enterprise,Network Ops,Zoya Hussain,Resolved,24,8.02,No,None,0,No,5,No,Incident,Software defect,North America
HD-260706-03288,2026-07-06 14:33,16,,P3,Performance,Slow device,Portal,Mid-Market,Endpoint Ops,Karan Verma,Pending,24,,No,None,1,No,,No,Service request,Hardware fault,EMEA
HD-260501-02450,2026-05-01 10:08,171,2026-05-02 13:59,P4,VPN & Remote Access,Remote desktop,Email,Mid-Market,Network Ops,Arjun Bhat,Closed,72,27.86,No,None,0,No,4,No,Service request,Software defect,APAC
HD-260427-02850,2026-04-27 13:43,55,2026-04-27 16:44,P2,VPN & Remote Access,Split tunnel,Email,Mid-Market,Network Ops,Farah Latif,Resolved,8,3.02,No,None,3,No,4,No,Access request,Vendor issue,EMEA
HD-260601-02935,2026-06-01 10:18,8,2026-06-01 11:37,P1,Account Provisioning,Role change,Email,Mid-Market,Identity & Access,Nadia Ali,Closed,4,1.32,No,None,1,Yes,4,No,Service request,Software defect,APAC
HD-260501-03151,2026-05-01 12:43,52,,P2,Email & Collaboration,Distribution list,Chat,Internal,Network Ops,Arjun Bhat,Pending,8,,No,None,1,No,,No,Service request,Software defect,APAC
HD-260824-02911,2026-08-24 10:46,150,2026-08-25 13:55,P4,Account Provisioning,New starter,Portal,SMB,Identity & Access,Zoya Hussain,Resolved,72,27.15,No,None,0,No,,No,Service request,User error,North America
HD-260528-04197,2026-05-28 14:10,95,2026-05-29 02:00,P3,Account Provisioning,New starter,Portal,Enterprise,Service Desk L1,Karan Verma,Closed,24,11.84,No,None,0,No,5,No,Access request,Configuration,North America
HD-260709-02910,2026-07-09 17:17,105,,P3,Software & Applications,License,Email,Internal,Business Apps,Neha Thomas,Open,24,,No,None,0,No,,No,Incident,Network condition,North America
HD-260515-01513,2026-05-15 15:27,159,2026-05-16 07:58,P3,Performance,Disk space,Portal,Enterprise,Network Ops,Farah Latif,Closed,24,16.52,No,None,0,No,3,No,Service request,Unknown,APAC
HD-260813-03166,2026-08-13 10:02,52,2026-08-13 22:41,P3,Hardware,Monitor,Chat,Enterprise,Business Apps,Imran Dar,Resolved,24,12.65,No,None,0,No,,No,Access request,Unknown,EMEA
HD-260313-04203,2026-03-13 16:58,27,2026-03-14 01:58,P2,Email & Collaboration,Calendar,Chat,Enterprise,Business Apps,Priya Shah,Resolved,8,9.01,Yes,High queue volume,0,No,3,No,Service request,Hardware fault,North America
HD-260330-03623,2026-03-30 20:01,136,2026-03-31 07:13,P3,Network,Switch port,Phone,SMB,Network Ops,Zoya Hussain,Resolved,24,11.2,No,None,0,No,5,No,Service request,Hardware fault,EMEA
HD-260623-01602,2026-06-23 16:47,214,2026-06-25 21:26,P4,VPN & Remote Access,VPN login,Portal,SMB,Network Ops,Zoya Hussain,Resolved,72,52.66,No,None,0,No,,No,Access request,Network condition,APAC
HD-260813-03153,2026-08-13 20:52,214,,P4,Printing & Peripherals,Peripheral setup,Chat,Enterprise,Service Desk L1,Karan Verma,Open,72,,No,None,0,No,,No,Performance issue,Unknown,EMEA
HD-260703-01135,2026-07-03 09:16,51,,P3,Cloud & SaaS,Subscription,Email,Internal,Service Desk L1,Karan Verma,Pending,24,,No,None,1,No,,No,Service request,Network condition,EMEA
HD-260409-02832,2026-04-09 15:29,142,2026-04-10 15:18,P3,Hardware,Keyboard/Mouse,Portal,Enterprise,Business Apps,Karan Verma,Closed,24,23.83,No,None,0,No,4,No,Access request,Software defect,EMEA
HD-260724-01090,2026-07-24 10:48,104,2026-07-25 09:37,P3,Performance,High CPU,Email,Internal,Endpoint Ops,Vikram Patel,Resolved,24,22.83,No,None,0,No,4,No,How-to,Network condition,EMEA
HD-260409-02759,2026-04-09 09:20,48,2026-04-12 01:19,P4,Performance,Slow device,Email,Mid-Market,Service Desk L1,Rohan Mehta,Closed,72,63.99,No,None,2,No,3,No,Performance issue,Configuration,North America
HD-260828-02421,2026-08-28 10:27,96,2026-08-29 23:04,P4,Performance,Slow device,Portal,Mid-Market,Service Desk L2,Meera Joseph,Closed,72,36.63,No,None,1,No,5,No,Incident,Network condition,APAC
HD-260526-03352,2026-05-26 11:24,339,2026-05-28 14:36,P4,Hardware,Laptop,Phone,Mid-Market,Service Desk L1,Aisha Khan,Resolved,72,51.21,No,None,0,No,4,No,Incident,Network condition,EMEA
HD-260327-03972,2026-03-27 15:42,169,2026-03-28 12:42,P3,Network,Wi-Fi,Chat,SMB,Service Desk L2,Meera Joseph,Closed,24,21,No,None,0,No,4,No,Service request,Configuration,North America
HD-260618-03346,2026-06-18 11:17,260,2026-06-20 05:05,P4,Email & Collaboration,Mailbox,Portal,Mid-Market,Service Desk L1,Priya Shah,Resolved,72,41.8,No,None,0,No,3,No,Service request,Network condition,EMEA
HD-260811-03571,2026-08-11 17:21,40,2026-08-12 14:29,P3,Cloud & SaaS,Integration,Email,Enterprise,Service Desk L2,Meera Joseph,Resolved,24,21.14,No,None,1,Yes,4,No,Incident,Hardware fault,North America
HD-260408-01333,2026-04-08 21:13,53,2026-04-09 07:09,P3,Account Provisioning,Offboarding,Email,Internal,Identity & Access,Zoya Hussain,Closed,24,9.94,No,None,0,No,,No,Access request,Unknown,North America
HD-260828-04149,2026-08-28 11:41,119,2026-08-28 20:06,P3,VPN & Remote Access,Remote desktop,Email,Enterprise,Network Ops,Deepak Nair,Resolved,24,8.42,No,None,0,No,4,No,Incident,Access policy,EMEA
HD-260427-02029,2026-04-27 16:35,143,2026-04-28 00:36,P3,Endpoint Security,Device compliance,Portal,Mid-Market,Identity & Access,Adil Mir,Resolved,24,8.02,No,None,0,No,,No,Access request,Hardware fault,APAC
HD-260603-01927,2026-06-03 12:27,47,2026-06-03 17:43,P2,Endpoint Security,Malware check,Phone,SMB,Identity & Access,Nadia Ali,Resolved,8,5.27,No,None,0,No,2,No,Incident,Unknown,North America
HD-260618-04255,2026-06-18 13:36,21,2026-06-18 23:48,P2,Access & Identity,Permission request,Chat,Enterprise,Identity & Access,Adil Mir,Closed,8,10.2,Yes,Dependency delay,0,Yes,4,No,Service request,User error,North America
HD-260619-04309,2026-06-19 14:09,63,2026-06-19 16:22,P2,VPN & Remote Access,Remote desktop,Phone,SMB,Network Ops,Farah Latif,Resolved,8,2.22,No,None,0,Yes,4,No,Performance issue,Software defect,North America
HD-260713-01917,2026-07-13 11:18,145,2026-07-13 16:46,P3,VPN & Remote Access,Split tunnel,Phone,Enterprise,Network Ops,Arjun Bhat,Resolved,24,5.47,No,None,0,No,5,No,Access request,Network condition,APAC
HD-260506-03198,2026-05-06 18:06,151,2026-05-07 07:21,P3,Hardware,Monitor,Portal,Mid-Market,Endpoint Ops,Karan Verma,Closed,24,13.25,No,None,1,No,3,No,Performance issue,Capacity,APAC
HD-260417-01497,2026-04-17 11:08,286,2026-04-19 21:32,P4,Access & Identity,Account locked,Phone,Mid-Market,Endpoint Ops,Vikram Patel,Closed,72,58.41,No,None,0,No,3,No,Incident,Software defect,EMEA
HD-260728-04195,2026-07-28 12:59,6,,P1,,New starter,Chat,Enterprise,Service Desk L1,Imran Dar,Pending,4,,No,None,1,Yes,,No,Performance issue,Access policy,North America
HD-260519-02679,2026-05-19 10:43,34,2026-05-20 01:07,P3,Cloud & SaaS,Application outage,Email,Mid-Market,Business Apps,Karan Verma,Resolved,24,14.41,No,None,0,No,,No,Incident,Hardware fault,EMEA
HD-260815-02021,2026-08-15 11:13,60,2026-08-15 13:26,P2,Printing & Peripherals,Scanner,Email,Mid-Market,Business Apps,Sana Rahman,Resolved,8,2.22,No,None,2,No,5,No,Incident,User error,EMEA
HD-260818-02484,2026-08-18 12:32,27,2026-08-18 20:05,P3,Hardware,Laptop,Email,Enterprise,Service Desk L1,Karan Verma,Closed,24,7.56,No,None,0,No,4,No,Service request,Software defect,APAC
HD-260810-02326,2026-08-10 19:01,52,,P4,Email & Collaboration,Mailbox,Chat,SMB,Business Apps,Neha Thomas,Pending,72,,No,None,1,No,,No,Performance issue,Network condition,EMEA
HD-260619-02765,2026-06-19 10:37,288,,P4,Performance,High CPU,Phone,Enterprise,Endpoint Ops,Karan Verma,Pending,72,,No,None,1,No,,No,Service request,User error,North America
HD-260702-04535,2026-07-02 12:36,51,2026-07-02 15:48,P2,Performance,Slow device,Phone,Internal,Service Desk L1,Aisha Khan,Resolved,8,3.2,No,None,0,Yes,3,No,Service request,Unknown,North America
HD-260729-02614,2026-07-29 19:15,235,2026-07-30 13:01,P4,VPN & Remote Access,Split tunnel,Portal,Enterprise,Network Ops,Zoya Hussain,Resolved,72,17.77,No,None,0,Yes,3,No,Incident,Hardware fault,EMEA
HD-260616-02559,2026-06-16 12:58,265,2026-06-18 04:43,P4,Endpoint Security,Security policy,Email,Mid-Market,Identity & Access,Zoya Hussain,Closed,72,39.75,No,None,0,No,,No,Incident,Hardware fault,North America
HD-260804-01875,2026-08-04 17:05,12,2026-08-05 08:16,P3,Cloud & SaaS,SSO,Email,Internal,Business Apps,Sana Rahman,Resolved,24,15.19,No,None,0,No,3,No,Incident,Software defect,APAC
HD-260724-02741,2026-07-24 17:43,126,2026-07-25 14:57,P4,Printing & Peripherals,Peripheral setup,Chat,SMB,Network Ops,Arjun Bhat,Closed,72,21.24,No,None,0,No,3,No,Incident,Software defect,North America
HD-260822-01010,2026-08-22 15:42,68,2026-08-23 06:37,P3,Endpoint Security,EDR alert,Email,Enterprise,Identity & Access,Nadia Ali,Resolved,24,14.92,No,None,0,No,3,No,Service request,Hardware fault,APAC
HD-260827-04523,2026-08-27 12:46,140,,P3,Hardware,Keyboard/Mouse,Portal,Mid-Market,Service Desk L2,Arjun Bhat,Pending,24,,No,None,1,No,,Yes,Incident,Configuration,North America
HD-260527-01719,2026-05-27 17:30,168,2026-05-27 22:51,P3,Network,Switch port,Phone,Enterprise,Service Desk L2,Vikram Patel,Resolved,24,5.36,No,None,1,No,5,No,Incident,User error,APAC
HD-260710-02364,2026-07-10 12:31,53,2026-07-10 16:59,P2,Network,Switch port,Portal,Mid-Market,Network Ops,Farah Latif,Resolved,8,4.48,No,None,0,No,4,No,Service request,Configuration,North America
HD-260610-02362,2026-06-10 18:22,59,2026-06-10 22:08,P2,Endpoint Security,Malware check,Email,Enterprise,Endpoint Ops,Karan Verma,Closed,8,3.77,No,None,0,Yes,4,No,Incident,Unknown,North America
HD-260826-01803,2026-08-26 18:09,55,2026-08-27 01:21,P3,Cloud & SaaS,Integration,Chat,Internal,Business Apps,Karan Verma,Resolved,24,7.2,No,None,0,No,5,No,Incident,Configuration,EMEA
HD-260629-02240,2026-06-29 14:01,14,,P2,Hardware,Laptop,Email,SMB,Business Apps,Imran Dar,Pending,8,,No,None,0,No,,No,Performance issue,Software defect,North America
HD-260624-02228,2026-06-24 13:07,168,2026-06-25 13:12,P3,Software & Applications,License,Portal,Enterprise,Business Apps,Sana Rahman,Resolved,24,24.09,Yes,Escalation delay,0,No,,No,Access request,Software defect,APAC
HD-260423-04279,2026-04-23 17:38,103,2026-04-24 06:20,P3,Network,Switch port,Email,SMB,Network Ops,Zoya Hussain,Resolved,24,12.71,No,None,0,No,5,No,Access request,Vendor issue,North America
HD-260422-01977,2026-04-22 13:25,59,2026-04-23 04:27,P3,Performance,High CPU,Portal,Internal,Service Desk L1,Karan Verma,Resolved,24,15.04,No,None,1,No,3,Yes,Incident,Configuration,EMEA
HD-260418-02736,2026-04-18 09:04,134,2026-04-19 13:46,P4,Account Provisioning,New starter,Chat,Enterprise,Service Desk L1,Priya Shah,Resolved,72,28.71,No,None,0,No,5,No,Incident,Unknown,APAC
HD-260603-03146,2026-06-03 16:37,174,,P4,Hardware,Monitor,Email,Mid-Market,Service Desk L1,Karan Verma,Open,72,,No,None,1,No,,No,Access request,Access policy,APAC
HD-260714-02209,2026-07-14 18:46,330,2026-07-16 11:49,P4,Cloud & SaaS,Application outage,Chat,SMB,Business Apps,Sana Rahman,Closed,72,41.06,No,None,0,No,5,No,Incident,User error,APAC
HD-260720-04161,2026-07-20 16:40,76,,P3,Cloud & SaaS,Application outage,Portal,SMB,Service Desk L2,Sana Rahman,Pending,24,,No,None,0,Yes,,No,Service request,Unknown,APAC
HD-260521-02915,2026-05-21 08:38,107,2026-05-21 15:38,P3,Performance,Disk space,Chat,Mid-Market,Endpoint Ops,Neha Thomas,Closed,24,7.01,No,None,0,No,5,No,Access request,Configuration,APAC
HD-260814-03313,2026-08-14 14:06,159,2026-08-15 03:46,P3,Network,Wi-Fi,Email,SMB,Network Ops,Zoya Hussain,Closed,24,13.67,No,None,2,No,4,No,Service request,Hardware fault,North America
HD-260501-03142,2026-05-01 13:41,157,2026-05-01 19:00,P3,Software & Applications,Installation,Email,SMB,Service Desk L2,Vikram Patel,Resolved,24,5.32,No,None,0,No,3,No,Incident,Configuration,APAC
HD-260424-01286,2026-04-24 13:29,68,2026-04-25 05:21,P3,Account Provisioning,Role change,Email,Mid-Market,Endpoint Ops,Vikram Patel,Resolved,24,15.88,No,None,1,No,4,No,Service request,Hardware fault,EMEA
HD-260306-02612,2026-03-06 11:14,168,2026-03-07 18:31,P4,Telephony,Extension,Chat,Internal,Service Desk L2,Sana Rahman,Closed,72,31.29,No,None,0,No,3,No,How-to,Configuration,EMEA
HD-260608-01442,2026-06-08 16:36,32,2026-06-10 07:57,P4,Email & Collaboration,Mailbox,Portal,Enterprise,Service Desk L1,Neha Thomas,Resolved,72,39.35,No,None,0,No,,No,Service request,Software defect,North America
HD-260507-03658,2026-05-07 13:23,63,2026-05-07 23:39,P2,Account Provisioning,New starter,Portal,Internal,Identity & Access,Deepak Nair,Resolved,8,10.28,Yes,Vendor response,0,No,,No,Service request,Network condition,EMEA
HD-260304-03487,2026-03-04 10:18,12,2026-03-04 16:14,P1,Telephony,Call quality,Email,Mid-Market,Service Desk L2,Sana Rahman,Resolved,4,5.94,Yes,High queue volume,0,No,4,No,Incident,Vendor issue,APAC
HD-260302-02091,2026-03-02 14:15,134,,P4,Endpoint Security,EDR alert,Portal,Mid-Market,Identity & Access,Adil Mir,Pending,72,,No,None,1,No,,No,Service request,User error,North America
HD-260318-02900,2026-03-18 13:42,50,2026-03-18 19:13,P2,Hardware,Docking station,Email,Enterprise,Service Desk L1,Rohan Mehta,Resolved,8,5.52,No,None,0,No,,Yes,Performance issue,Capacity,EMEA
HD-260506-01746,2026-05-06 13:45,116,2026-05-07 14:27,P3,Email & Collaboration,Calendar,Email,Mid-Market,Service Desk L1,Rohan Mehta,Resolved,24,24.7,Yes,After-hours coverage,0,No,2,No,Access request,Hardware fault,EMEA
HD-260710-02006,2026-07-10 14:46,76,2026-07-10 21:49,P3,Hardware,Docking station,Chat,Internal,Service Desk L1,Imran Dar,Resolved,24,7.05,No,None,0,No,5,No,Service request,Software defect,EMEA
HD-260625-02141,2026-06-25 14:51,78,,P3,Email & Collaboration,Distribution list,Email,Enterprise,Service Desk L2,Meera Joseph,Pending,24,,No,None,1,Yes,,No,Performance issue,Access policy,EMEA
HD-260729-03521,2026-07-29 12:22,25,2026-07-29 19:40,P2,Cloud & SaaS,Integration,Portal,Internal,Service Desk L2,Meera Joseph,Resolved,8,7.3,No,None,0,No,4,No,Access request,Configuration,EMEA
HD-260409-04600,2026-04-09 19:46,114,2026-04-10 01:33,P3,Email & Collaboration,Mailbox,Portal,Enterprise,Business Apps,Sana Rahman,Closed,24,5.79,No,None,0,No,5,No,Incident,Hardware fault,North America
HD-260710-03509,2026-07-10 10:19,40,2026-07-10 17:02,P3,Telephony,Extension,Portal,Mid-Market,Service Desk L2,Meera Joseph,Closed,24,6.73,No,None,0,Yes,,No,Access request,Hardware fault,North America
HD-260810-01387,2026-08-10 16:27,6,2026-08-10 19:04,P1,Email & Collaboration,Distribution list,Chat,Enterprise,Business Apps,Priya Shah,Resolved,4,2.63,No,None,0,No,3,No,Incident,Configuration,North America
HD-260421-02093,2026-04-21 09:53,265,2026-04-22 15:35,P4,Email & Collaboration,Calendar,Email,Mid-Market,Service Desk L1,Rohan Mehta,Closed,72,29.71,No,None,2,No,4,Yes,How-to,Software defect,EMEA
HD-260424-04071,2026-04-24 13:13,72,2026-04-27 03:11,P4,Network,Wi-Fi,Email,Internal,Network Ops,Deepak Nair,Closed,72,61.98,No,None,0,No,2,No,How-to,User error,APAC
HD-260716-03529,2026-07-16 13:39,61,2026-07-17 01:31,P3,Cloud & SaaS,SSO,Email,SMB,Service Desk L1,Karan Verma,Resolved,24,11.87,No,None,0,No,,No,Service request,Configuration,North America
HD-260416-04248,2026-04-16 15:24,88,2026-04-17 05:24,P3,Network,Wi-Fi,Email,Mid-Market,Service Desk L2,Meera Joseph,Closed,24,14,No,None,2,No,4,No,Incident,Software defect,North America
HD-260310-01761,2026-03-10 17:02,51,2026-03-11 08:51,P4,Cloud & SaaS,Application outage,Portal,SMB,Business Apps,Karan Verma,Resolved,72,15.82,No,None,0,No,,No,Incident,User error,EMEA
HD-260828-01272,2026-08-28 12:00,149,2026-08-30 19:04,P4,Email & Collaboration,Distribution list,Chat,Mid-Market,Service Desk L1,Imran Dar,Resolved,72,55.08,No,None,3,No,2,No,Incident,Network condition,EMEA
HD-260422-01849,2026-04-22 14:00,83,2026-04-24 05:40,P4,Email & Collaboration,Teams/Meetings,Chat,Mid-Market,Service Desk L2,Meera Joseph,Closed,72,39.67,No,None,0,No,4,No,Incident,Network condition,North America
HD-260310-04388,2026-03-10 21:08,263,2026-03-11 21:34,P4,Email & Collaboration,Mailbox,Portal,SMB,Service Desk L1,Rohan Mehta,Resolved,72,24.44,No,None,0,No,,No,Service request,Vendor issue,APAC
HD-260604-03996,2026-06-04 10:27,76,2026-06-05 08:34,P3,Performance,Disk space,Portal,Enterprise,Endpoint Ops,Sana Rahman,Resolved,24,22.12,No,None,0,No,3,No,Incident,User error,APAC
HD-260722-01276,2026-07-22 14:13,29,2026-07-23 11:41,P3,Printing & Peripherals,Print queue,Portal,Internal,Service Desk L1,Aisha Khan,Resolved,24,21.47,No,None,0,No,4,Yes,Service request,Vendor issue,North America
HD-260409-03248,2026-04-09 17:29,21,2026-04-09 22:49,P2,Telephony,Softphone,Portal,Mid-Market,Network Ops,Zoya Hussain,Closed,8,5.34,No,None,0,Yes,4,No,Incident,Software defect,North America
HD-260525-03062,2026-05-25 13:05,170,2026-05-26 03:52,P3,Endpoint Security,Malware check,Phone,Mid-Market,Identity & Access,Adil Mir,Resolved,24,14.79,No,None,0,No,,No,How-to,Vendor issue,APAC
HD-260521-01068,2026-05-21 15:44,118,2026-05-22 15:43,P3,Performance,Slow device,Email,Enterprise,Endpoint Ops,Sana Rahman,Resolved,24,23.99,No,None,0,No,3,No,Incident,Configuration,EMEA
HD-260626-01125,2026-06-26 09:23,125,2026-06-27 03:00,P4,Account Provisioning,Role change,Portal,SMB,Identity & Access,Nadia Ali,Closed,72,17.63,No,None,0,No,3,No,Service request,Capacity,North America
HD-260610-03878,2026-06-10 12:52,51,2026-06-10 22:38,P2,VPN & Remote Access,Split tunnel,Chat,Internal,Network Ops,Deepak Nair,Closed,8,9.77,Yes,Complex investigation,1,No,3,No,Service request,Capacity,North America
HD-260729-04239,2026-07-29 12:48,102,2026-07-29 20:26,P3,Account Provisioning,Role change,Portal,Mid-Market,Identity & Access,Farah Latif,Resolved,24,7.64,No,None,0,No,,No,Incident,Network condition,APAC
HD-260828-03186,2026-08-28 15:33,141,2026-08-29 05:55,P4,Cloud & SaaS,Integration,Email,Mid-Market,Business Apps,Sana Rahman,Resolved,72,14.38,No,None,0,Yes,5,No,Service request,Software defect,North America
HD-260820-01737,2026-08-20 11:06,51,2026-08-21 10:05,P3,Account Provisioning,Role change,Chat,Mid-Market,Identity & Access,,Closed,24,22.99,No,None,1,No,,No,Access request,Network condition,North America
HD-260327-01248,2026-03-27 13:55,36,,P3,Email & Collaboration,Teams/Meetings,Portal,Mid-Market,Business Apps,Imran Dar,Open,24,,No,None,1,No,,No,Access request,Hardware fault,APAC
HD-260720-01159,2026-07-20 13:11,110,2026-07-21 13:29,P4,Access & Identity,Account locked,Chat,Internal,Identity & Access,Deepak Nair,Resolved,72,24.3,No,None,0,No,5,No,Service request,User error,North America
HD-260302-01598,2026-03-02 10:10,53,2026-03-02 14:48,P2,Email & Collaboration,Distribution list,Chat,Mid-Market,Endpoint Ops,Karan Verma,Closed,8,4.64,No,None,0,No,3,No,Incident,Network condition,North America
HD-260430-04002,2026-04-30 12:47,14,2026-04-30 15:39,P2,Printing & Peripherals,Scanner,Portal,SMB,Endpoint Ops,Neha Thomas,Resolved,8,2.88,No,None,1,No,4,Yes,Incident,Access policy,EMEA
HD-260515-01739,2026-05-15 11:25,337,2026-05-16 15:56,P4,,Password reset,Portal,Enterprise,Identity & Access,Zoya Hussain,Closed,72,28.53,No,None,0,No,4,No,Performance issue,Capacity,APAC
HD-260505-01223,2026-05-05 10:10,110,2026-05-05 20:22,P3,VPN & Remote Access,VPN disconnect,Phone,Internal,Service Desk L2,Sana Rahman,Closed,24,10.2,No,None,0,No,4,No,Service request,Access policy,North America
HD-260420-02058,2026-04-20 11:36,170,2026-04-20 17:01,P3,Hardware,Laptop,Phone,Enterprise,Service Desk L1,Priya Shah,Closed,24,5.42,No,None,0,No,4,No,Incident,Vendor issue,APAC
HD-260305-03979,2026-03-05 17:59,156,2026-03-06 01:11,P3,VPN & Remote Access,VPN login,Email,Mid-Market,Network Ops,Zoya Hussain,Resolved,24,7.21,No,None,0,No,5,No,Incident,Hardware fault,North America
HD-260529-03689,2026-05-29 11:44,79,2026-05-29 17:48,P3,Account Provisioning,Offboarding,Email,Mid-Market,Identity & Access,Deepak Nair,Resolved,24,6.08,No,None,1,No,5,No,Access request,Software defect,APAC
HD-260609-01039,2026-06-09 10:22,175,,P3,Software & Applications,Application error,Phone,Mid-Market,Service Desk L2,Meera Joseph,Open,24,,No,None,0,No,,No,Incident,Hardware fault,APAC
HD-260313-02253,2026-03-13 13:18,38,2026-03-13 22:00,P2,Hardware,Docking station,Chat,Internal,Endpoint Ops,Vikram Patel,Resolved,8,8.71,Yes,Complex investigation,0,No,2,No,Incident,Software defect,APAC
HD-260317-02873,2026-03-17 10:10,241,2026-03-20 00:19,P4,Account Provisioning,Offboarding,Chat,Enterprise,Identity & Access,Farah Latif,Resolved,72,62.16,No,None,2,No,,No,Incident,Hardware fault,North America
HD-260306-01230,2026-03-06 10:57,178,2026-03-07 02:16,P4,Printing & Peripherals,Scanner,Email,Enterprise,Business Apps,Karan Verma,Resolved,72,15.32,No,None,0,No,5,No,Incident,Configuration,APAC
HD-260724-02863,2026-07-24 12:26,74,,P3,Access & Identity,Account locked,Portal,Enterprise,Identity & Access,Nadia Ali,Open,24,,No,None,1,No,,No,Service request,Access policy,North America
HD-260727-01080,2026-07-27 18:00,161,2026-07-28 05:32,P3,Network,Wi-Fi,Email,Enterprise,Network Ops,Arjun Bhat,Closed,24,11.54,No,None,0,No,3,Yes,Incident,User error,APAC
HD-260626-01268,2026-06-26 19:00,44,2026-06-27 21:18,P4,Software & Applications,License,Phone,Mid-Market,Service Desk L1,Imran Dar,Resolved,72,26.3,No,None,0,No,5,No,Incident,Configuration,APAC
HD-260806-03965,2026-08-06 10:10,286,2026-08-07 03:04,P4,Telephony,Extension,Email,Enterprise,Service Desk L2,Vikram Patel,Resolved,72,16.91,No,None,0,No,3,No,Incident,User error,APAC
HD-260807-01989,2026-08-07 21:58,127,2026-08-08 14:26,P3,Network,Switch port,Phone,Mid-Market,Network Ops,Zoya Hussain,Resolved,24,16.47,No,None,0,No,4,Yes,Performance issue,Network condition,EMEA
HD-260627-03698,2026-06-27 10:47,58,2026-06-28 08:21,P3,Performance,High CPU,Phone,SMB,Service Desk L2,Vikram Patel,Resolved,24,21.58,No,None,0,Yes,3,No,Performance issue,Network condition,APAC
HD-260420-04482,2026-04-20 19:47,9,2026-04-20 23:11,P1,Network,Wi-Fi,Email,Internal,Network Ops,Deepak Nair,Resolved,4,3.4,No,None,0,No,3,No,Incident,Unknown,North America
HD-260803-03140,2026-08-03 09:44,51,2026-08-03 20:04,P3,Software & Applications,Application error,Chat,Mid-Market,Service Desk L2,Sana Rahman,Resolved,24,10.34,No,None,0,No,5,No,How-to,Access policy,APAC
HD-260609-01112,2026-06-09 18:09,147,2026-06-09 23:49,P3,Software & Applications,Installation,Phone,Enterprise,Service Desk L2,Vikram Patel,Closed,24,5.67,No,None,0,No,5,No,Service request,Capacity,APAC
HD-260501-03545,2026-05-01 10:05,237,2026-05-02 05:52,P4,Account Provisioning,Role change,Email,SMB,Identity & Access,Nadia Ali,Closed,72,19.79,No,None,0,Yes,3,No,Incident,Software defect,APAC
HD-260416-02761,2026-04-16 08:35,265,2026-04-19 02:48,P4,Hardware,Laptop,Email,Enterprise,Service Desk L1,Priya Shah,Resolved,72,66.22,No,None,0,Yes,3,No,Incident,User error,EMEA
HD-260722-02653,2026-07-22 20:05,91,2026-07-23 07:15,P3,Cloud & SaaS,Subscription,Email,Enterprise,Business Apps,Sana Rahman,Resolved,24,11.18,No,None,0,No,4,No,Service request,Access policy,North America
HD-260428-04514,2026-04-28 09:30,54,2026-04-28 14:48,P3,Email & Collaboration,Calendar,Email,Mid-Market,Endpoint Ops,Sana Rahman,Closed,24,5.3,No,None,0,No,4,No,How-to,Network condition,North America
HD-260729-02151,2026-07-29 11:52,219,2026-08-01 00:16,P4,Cloud & SaaS,Subscription,Email,Mid-Market,Business Apps,Priya Shah,Resolved,72,60.4,No,None,0,No,4,No,Incident,Hardware fault,EMEA
HD-260812-01150,2026-08-12 10:12,15,2026-08-12 12:23,P1,Performance,High memory,Email,Internal,Network Ops,Arjun Bhat,Closed,4,2.19,No,None,0,No,5,No,Access request,Access policy,EMEA
HD-260529-04429,2026-05-29 12:17,51,2026-05-29 15:56,P2,Endpoint Security,Device compliance,Email,Internal,Identity & Access,Deepak Nair,Resolved,8,3.65,No,None,1,No,4,No,Incident,Network condition,North America
HD-260526-01314,2026-05-26 10:12,53,,P2,Printing & Peripherals,Print queue,Portal,Internal,Service Desk L1,Priya Shah,Pending,8,,No,None,0,No,,No,How-to,User error,APAC
HD-260626-01965,2026-06-26 12:28,16,2026-06-26 13:47,P1,Performance,Slow device,Email,Enterprise,Service Desk L1,Karan Verma,Closed,4,1.33,No,None,0,No,4,No,How-to,Capacity,North America
HD-260716-01836,2026-07-16 11:51,82,2026-07-17 03:44,P4,Network,LAN connectivity,Phone,Mid-Market,Service Desk L2,Sana Rahman,Resolved,72,15.89,No,None,0,No,,No,Incident,Hardware fault,EMEA
HD-260806-01378,2026-08-06 14:40,22,,P2,Software & Applications,Application error,Portal,Mid-Market,Service Desk L2,Arjun Bhat,Pending,8,,No,None,0,No,,No,Access request,Access policy,EMEA
HD-260327-02059,2026-03-27 15:31,16,,P1,Telephony,Extension,Portal,Enterprise,Service Desk L2,Meera Joseph,Pending,4,,No,None,0,No,,No,Access request,Access policy,EMEA
HD-260521-02219,2026-05-21 15:40,225,,P4,Telephony,Extension,Email,Mid-Market,Network Ops,Zoya Hussain,Open,72,,No,None,1,No,,No,Service request,Vendor issue,EMEA
HD-260402-03218,2026-04-02 10:52,154,2026-04-03 04:13,P4,Hardware,Docking station,Email,Internal,Identity & Access,Nadia Ali,Resolved,72,17.36,No,None,0,No,5,No,How-to,Software defect,APAC
HD-260811-03945,2026-08-11 15:37,30,2026-08-12 13:25,P3,Access & Identity,Account locked,Portal,SMB,Identity & Access,Zoya Hussain,Resolved,24,21.81,No,None,0,No,4,No,Incident,User error,North America
HD-260331-01176,2026-03-31 13:43,335,,P4,Performance,Slow device,Portal,Internal,Service Desk L2,Sana Rahman,Pending,72,,No,None,0,No,,Yes,How-to,Software defect,EMEA
HD-260403-01624,2026-04-03 12:46,120,2026-04-04 07:02,P3,Endpoint Security,Device compliance,Chat,Mid-Market,Identity & Access,Nadia Ali,Resolved,24,18.28,No,None,0,No,3,No,Access request,Vendor issue,North America
HD-260306-03885,2026-03-06 10:33,151,2026-03-06 22:09,P3,Hardware,Keyboard/Mouse,Portal,SMB,Endpoint Ops,Karan Verma,Resolved,24,11.61,No,None,0,No,3,No,How-to,User error,North America
HD-260402-01798,2026-04-02 18:50,66,2026-04-03 01:47,P3,Access & Identity,Account locked,Phone,Internal,Identity & Access,Farah Latif,Resolved,24,6.95,No,None,3,Yes,,No,Service request,User error,APAC
HD-260515-01578,2026-05-15 16:27,46,2026-05-15 18:45,P2,Email & Collaboration,Calendar,Email,Mid-Market,Service Desk L2,Sana Rahman,Closed,8,2.3,No,None,0,No,4,No,Incident,Capacity,APAC
HD-260528-04044,2026-05-28 17:25,126,2026-05-29 02:12,P3,Email & Collaboration,Calendar,Email,Enterprise,Service Desk L1,Priya Shah,Resolved,24,8.79,No,None,2,No,4,No,How-to,Software defect,EMEA
HD-260629-01357,2026-06-29 16:49,360,2026-06-30 22:54,P4,Endpoint Security,Security policy,Email,Mid-Market,Service Desk L1,Aisha Khan,Resolved,72,30.09,No,None,0,No,,Yes,Incident,Hardware fault,EMEA
HD-260529-03751,2026-05-29 12:00,155,2026-05-30 03:27,P3,Account Provisioning,Offboarding,Chat,Mid-Market,Identity & Access,Nadia Ali,Closed,24,15.45,No,None,0,No,4,No,Service request,Capacity,North America
HD-260312-02578,2026-03-12 10:41,36,2026-03-13 00:01,P3,Endpoint Security,Malware check,Portal,Mid-Market,Identity & Access,,Closed,24,13.34,No,None,0,No,4,No,Incident,Network condition,North America
HD-260312-03766,2026-03-12 15:59,15,2026-03-12 20:27,P1,Access & Identity,Password reset,Portal,Mid-Market,Identity & Access,Nadia Ali,Closed,4,4.47,Yes,Vendor response,0,Yes,3,No,Incident,Software defect,EMEA
HD-260304-03903,2026-03-04 16:01,45,,P3,Endpoint Security,EDR alert,Email,Enterprise,Endpoint Ops,Karan Verma,Pending,24,,No,None,0,Yes,,No,Incident,Software defect,EMEA
HD-260802-02317,2026-08-02 12:51,29,2026-08-02 19:23,P2,,Mailbox,Portal,Mid-Market,Service Desk L1,Neha Thomas,Resolved,8,6.54,No,None,1,Yes,4,No,Incident,Network condition,APAC
HD-260420-02856,2026-04-20 10:56,151,2026-04-21 02:24,P3,Software & Applications,Installation,Email,Internal,Service Desk L2,Arjun Bhat,Resolved,24,15.48,No,None,0,No,3,No,How-to,User error,EMEA
HD-260401-01856,2026-04-01 12:45,165,2026-04-02 12:26,P3,Cloud & SaaS,Application outage,Portal,Internal,Service Desk L1,Aisha Khan,Resolved,24,23.69,No,None,0,No,3,No,How-to,Hardware fault,North America
HD-260710-04280,2026-07-10 12:02,327,2026-07-11 03:38,P4,VPN & Remote Access,Split tunnel,Chat,Enterprise,Network Ops,Deepak Nair,Closed,72,15.6,No,None,0,No,4,No,Incident,Configuration,EMEA
HD-260806-02528,2026-08-06 13:31,73,2026-08-07 05:49,P3,Telephony,Headset,Chat,Internal,Service Desk L2,Sana Rahman,Closed,24,16.31,No,None,0,No,4,No,Incident,Configuration,North America
HD-260305-04306,2026-03-05 20:50,61,2026-03-06 06:07,P2,Hardware,Docking station,Email,Mid-Market,Service Desk L1,Karan Verma,Resolved,8,9.29,Yes,Vendor response,0,No,3,No,Performance issue,Access policy,EMEA
HD-260409-01781,2026-04-09 14:16,49,2026-04-09 17:26,P2,Access & Identity,Permission request,Portal,Enterprise,Service Desk L1,Imran Dar,Resolved,8,3.17,No,None,0,Yes,5,No,Incident,User error,APAC
HD-260327-03977,2026-03-27 11:58,37,2026-03-28 07:53,P3,Telephony,Call quality,Phone,Mid-Market,Network Ops,Deepak Nair,Closed,24,19.93,No,None,1,No,3,No,Incident,Capacity,North America
HD-260423-02613,2026-04-23 12:40,54,2026-04-24 05:36,P4,Telephony,Extension,Email,Enterprise,Service Desk L2,Sana Rahman,Resolved,72,16.94,No,None,0,No,5,No,Service request,Network condition,North America
HD-260703-01076,2026-07-03 10:46,36,2026-07-03 16:29,P3,Email & Collaboration,Calendar,Chat,Mid-Market,Service Desk L2,Arjun Bhat,Closed,24,5.72,No,None,0,No,4,No,Incident,Configuration,EMEA
HD-260828-03376,2026-08-28 16:49,81,2026-08-28 22:20,P3,VPN & Remote Access,VPN login,Chat,Internal,Network Ops,Deepak Nair,Resolved,24,5.52,No,None,1,No,5,No,Incident,Hardware fault,EMEA
HD-260727-04361,2026-07-27 12:10,24,2026-07-27 22:41,P3,Printing & Peripherals,Printer offline,Phone,Mid-Market,Service Desk L2,Vikram Patel,Closed,24,10.53,No,None,1,No,,No,Access request,Software defect,EMEA
HD-260327-02295,2026-03-27 21:30,331,2026-03-30 15:48,P4,Software & Applications,Version issue,Chat,SMB,Business Apps,Neha Thomas,Closed,72,66.31,No,None,0,No,4,No,Incident,Software defect,EMEA
HD-260312-01344,2026-03-12 11:55,48,2026-03-12 16:23,P2,,MFA issue,Phone,Internal,Identity & Access,Nadia Ali,Resolved,8,4.48,No,None,0,Yes,4,No,Incident,Network condition,EMEA
HD-260701-04299,2026-07-01 10:20,169,2026-07-02 01:40,P4,VPN & Remote Access,Remote desktop,Email,Mid-Market,Network Ops,Zoya Hussain,Closed,72,15.34,No,None,0,No,4,No,Service request,User error,APAC
HD-260416-03531,2026-04-16 12:03,44,2026-04-18 07:19,P4,Telephony,Extension,Chat,Mid-Market,Service Desk L2,Meera Joseph,Resolved,72,43.27,No,None,2,No,3,No,Access request,Access policy,North America
HD-260619-03666,2026-06-19 11:36,173,2026-06-19 19:19,P3,Cloud & SaaS,Application outage,Email,Enterprise,Service Desk L2,Vikram Patel,Resolved,24,7.72,No,None,0,No,4,No,Performance issue,Unknown,EMEA
HD-260625-02355,2026-06-25 15:47,66,2026-06-26 14:00,P3,Printing & Peripherals,Peripheral setup,Portal,SMB,Service Desk L1,Rohan Mehta,Resolved,24,22.22,No,None,2,No,4,No,Service request,Capacity,North America
HD-260610-01092,2026-06-10 12:48,166,2026-06-10 18:06,P3,VPN & Remote Access,VPN disconnect,Email,Mid-Market,Network Ops,Farah Latif,Closed,24,5.31,No,None,0,No,5,Yes,How-to,User error,North America
HD-260706-02824,2026-07-06 18:43,134,2026-07-07 11:46,P3,Hardware,Docking station,Portal,SMB,Identity & Access,Farah Latif,Closed,24,17.06,No,None,0,No,3,No,Service request,Configuration,North America
HD-260807-03319,2026-08-07 10:56,17,2026-08-08 09:03,P3,Network,Wi-Fi,Chat,SMB,Network Ops,Deepak Nair,Closed,24,22.12,No,None,0,No,3,No,Service request,Access policy,North America
HD-260803-01282,2026-08-03 15:57,66,,P3,Network,LAN connectivity,Portal,Enterprise,Service Desk L2,Sana Rahman,Pending,24,,No,None,1,No,,No,Incident,Access policy,North America
HD-260311-01449,2026-03-11 13:13,255,2026-03-12 05:03,P4,VPN & Remote Access,Remote desktop,Email,Enterprise,Network Ops,Farah Latif,Closed,72,15.84,No,None,0,No,,No,How-to,User error,EMEA
HD-260410-04061,2026-04-10 13:03,83,,P3,Hardware,Keyboard/Mouse,Phone,Mid-Market,Service Desk L2,Meera Joseph,Open,24,,No,None,1,No,,No,Incident,User error,EMEA
HD-260605-03056,2026-06-05 14:58,166,2026-06-05 20:59,P3,Software & Applications,Application error,Portal,Enterprise,Business Apps,Priya Shah,Resolved,24,6.03,No,None,0,No,4,No,Service request,User error,APAC
HD-260728-02359,2026-07-28 10:54,73,2026-07-28 17:10,P3,Cloud & SaaS,Integration,Email,Internal,Business Apps,Priya Shah,Resolved,24,6.28,No,None,0,No,,No,Incident,Capacity,EMEA
HD-260522-03615,2026-05-22 15:04,45,2026-05-22 17:38,P2,Email & Collaboration,Teams/Meetings,Portal,SMB,Service Desk L2,Vikram Patel,Closed,8,2.58,No,None,0,No,4,No,Incident,User error,North America
HD-260406-01680,2026-04-06 08:33,313,2026-04-06 23:34,P4,Software & Applications,License,Portal,Enterprise,Service Desk L2,Meera Joseph,Resolved,72,15.03,No,None,0,No,4,No,Access request,Software defect,North America
HD-260821-01486,2026-08-21 21:54,99,2026-08-22 20:36,P3,Printing & Peripherals,Printer offline,Chat,Mid-Market,Service Desk L1,Rohan Mehta,Closed,24,22.7,No,None,0,No,3,No,Access request,Configuration,EMEA
HD-260409-02171,2026-04-09 14:03,37,2026-04-09 21:46,P3,Hardware,Laptop,Portal,Enterprise,Service Desk L1,Aisha Khan,Closed,24,7.72,No,None,0,Yes,5,No,How-to,Software defect,EMEA
HD-260430-02993,2026-04-30 13:35,19,2026-05-01 05:52,P3,Account Provisioning,Access package,Portal,Mid-Market,Identity & Access,Adil Mir,Closed,24,16.29,No,None,0,No,3,No,How-to,User error,EMEA
HD-260820-01519,2026-08-20 18:40,12,2026-08-21 01:58,P2,Network,Switch port,Email,Enterprise,Network Ops,Arjun Bhat,Resolved,8,7.31,No,None,0,Yes,4,No,Incident,Configuration,EMEA
HD-260602-03457,2026-06-02 09:42,39,2026-06-02 11:57,P2,Telephony,Headset,Chat,Internal,Network Ops,Arjun Bhat,Closed,8,2.25,No,None,0,No,4,No,How-to,Network condition,APAC
HD-260522-02720,2026-05-22 11:44,228,2026-05-23 02:41,P4,Software & Applications,Installation,Email,Internal,Service Desk L2,Meera Joseph,Closed,72,14.95,No,None,1,No,4,No,How-to,Access policy,North America
HD-260617-02618,2026-06-17 10:41,222,2026-06-18 15:24,P4,Performance,High memory,Portal,SMB,Service Desk L1,Neha Thomas,Closed,72,28.73,No,None,0,No,4,No,Incident,Capacity,APAC
HD-260828-02180,2026-08-28 11:46,62,2026-08-28 20:18,P2,Software & Applications,Installation,Email,Mid-Market,Business Apps,Imran Dar,Closed,8,8.54,Yes,Dependency delay,0,No,3,No,Performance issue,Software defect,EMEA
HD-260825-02989,2026-08-25 15:09,186,2026-08-27 10:09,P4,Printing & Peripherals,Peripheral setup,Chat,Internal,Service Desk L1,Imran Dar,Resolved,72,43.01,No,None,0,No,,No,Incident,Software defect,North America
HD-260424-01721,2026-04-24 13:24,23,2026-04-25 05:04,P4,Account Provisioning,New starter,Portal,Internal,Endpoint Ops,Vikram Patel,Closed,72,15.68,No,None,0,No,5,No,Access request,Access policy,APAC
HD-260602-01852,2026-06-02 17:24,144,,P4,Hardware,Keyboard/Mouse,Email,Mid-Market,Service Desk L2,Vikram Patel,Pending,72,,No,None,0,No,,No,How-to,Configuration,North America
HD-260817-03052,2026-08-17 15:42,69,,P3,Telephony,Headset,Chat,SMB,Network Ops,Farah Latif,Pending,24,,No,None,0,No,,No,Performance issue,Unknown,EMEA
HD-260624-01158,2026-06-24 16:26,80,2026-06-24 23:02,P3,Telephony,Extension,Email,Mid-Market,Service Desk L2,Sana Rahman,Resolved,24,6.6,No,None,0,No,4,No,Incident,Hardware fault,APAC
HD-260731-03156,2026-07-31 13:41,28,2026-07-31 16:36,P2,Account Provisioning,Access package,Phone,Enterprise,Identity & Access,Farah Latif,Closed,8,2.93,No,None,0,No,4,No,Incident,Hardware fault,North America
HD-260518-03973,2026-05-18 08:38,50,2026-05-18 11:17,P2,Endpoint Security,EDR alert,Portal,Mid-Market,Service Desk L1,Imran Dar,Closed,8,2.65,No,None,2,No,5,No,Access request,Capacity,EMEA
HD-260318-04401,2026-03-18 13:38,14,,P3,Hardware,Laptop,Portal,Enterprise,Service Desk L1,Priya Shah,Open,24,,No,None,1,No,,No,How-to,Configuration,APAC
HD-260525-02609,2026-05-25 14:36,24,2026-05-25 19:06,P2,Access & Identity,Account locked,Phone,Enterprise,Identity & Access,Farah Latif,Resolved,8,4.5,No,None,1,No,4,No,How-to,Unknown,North America
HD-260327-04271,2026-03-27 18:59,171,2026-03-28 00:30,P3,Software & Applications,Version issue,Email,Enterprise,Service Desk L2,Vikram Patel,Resolved,24,5.53,No,None,0,No,5,No,Access request,User error,North America
HD-260515-03320,2026-05-15 10:49,49,2026-05-15 17:14,P2,Account Provisioning,New starter,Chat,Enterprise,Endpoint Ops,Karan Verma,Resolved,8,6.43,No,None,0,No,3,No,Service request,User error,APAC
HD-260623-03830,2026-06-23 11:28,39,,P2,Endpoint Security,EDR alert,Email,Mid-Market,Service Desk L1,Rohan Mehta,Open,8,,No,None,1,Yes,,No,Incident,Capacity,EMEA
HD-260430-03454,2026-04-30 15:27,174,2026-04-30 23:33,P3,Endpoint Security,Security policy,Email,Enterprise,Endpoint Ops,Vikram Patel,Resolved,24,8.11,No,None,1,No,,No,Incident,Access policy,North America
HD-260331-04066,2026-03-31 16:56,166,2026-04-01 10:06,P3,VPN & Remote Access,VPN disconnect,Phone,Enterprise,Network Ops,Zoya Hussain,Closed,24,17.17,No,None,1,No,2,No,Incident,Configuration,APAC
HD-260806-04233,2026-08-06 14:27,240,2026-08-07 12:00,P4,Account Provisioning,Role change,Portal,Internal,Service Desk L1,Rohan Mehta,Resolved,72,21.56,No,None,0,No,,No,Performance issue,User error,EMEA
HD-260731-02655,2026-07-31 21:26,250,2026-08-01 16:26,P4,Performance,Disk space,Portal,Internal,Service Desk L2,Meera Joseph,Resolved,72,19,No,None,0,No,4,No,Access request,Network condition,North America
HD-260518-01809,2026-05-18 10:07,166,2026-05-20 23:53,P4,Endpoint Security,Malware check,Portal,Internal,Identity & Access,Deepak Nair,Resolved,72,61.78,No,None,1,No,3,No,Service request,User error,EMEA
HD-260414-02039,2026-04-14 16:46,256,2026-04-16 14:32,P4,Performance,High CPU,Email,SMB,Endpoint Ops,Sana Rahman,Resolved,72,45.77,No,None,0,No,,No,Incident,Configuration,EMEA
HD-260519-04160,2026-05-19 15:42,188,2026-05-20 22:48,P4,Account Provisioning,Offboarding,Phone,SMB,Endpoint Ops,Neha Thomas,Closed,72,31.1,No,None,1,No,4,No,How-to,User error,North America
HD-260320-02549,2026-03-20 08:48,57,2026-03-20 12:51,P2,Access & Identity,Password reset,Email,SMB,Service Desk L1,Karan Verma,Closed,8,4.05,No,None,0,Yes,5,No,Incident,Software defect,North America
HD-260402-03422,2026-04-02 15:00,49,2026-04-03 10:14,P3,Account Provisioning,Role change,Email,SMB,Identity & Access,Adil Mir,Resolved,24,19.24,No,None,0,No,3,No,Service request,User error,North America
HD-260617-01819,2026-06-17 17:00,40,2026-06-18 00:03,P2,Account Provisioning,Offboarding,Portal,SMB,Endpoint Ops,Sana Rahman,Resolved,8,7.05,No,None,0,No,4,No,Service request,Vendor issue,North America
HD-260710-01011,2026-07-10 14:21,31,2026-07-10 19:49,P3,Cloud & SaaS,Application outage,Portal,SMB,Service Desk L2,Meera Joseph,Closed,24,5.48,No,None,3,No,,No,Incident,Hardware fault,North America
HD-260327-01160,2026-03-27 10:58,273,2026-03-29 02:05,P4,Cloud & SaaS,Application outage,Phone,Mid-Market,Service Desk L2,Sana Rahman,Resolved,72,39.12,No,None,0,No,,No,Service request,Unknown,North America
HD-260610-03250,2026-06-10 14:10,102,2026-06-10 20:05,P3,Email & Collaboration,Distribution list,Email,Enterprise,Network Ops,Arjun Bhat,Resolved,24,5.92,No,None,0,No,3,No,Service request,User error,EMEA
HD-260805-03540,2026-08-05 08:41,37,2026-08-05 13:31,P2,Printing & Peripherals,Peripheral setup,Portal,Mid-Market,Service Desk L1,Rohan Mehta,Resolved,8,4.84,No,None,1,No,4,No,Incident,Configuration,EMEA
HD-260622-02669,2026-06-22 09:14,8,2026-06-22 12:23,P1,VPN & Remote Access,Remote desktop,Chat,SMB,Service Desk L2,Sana Rahman,Resolved,4,3.16,No,None,0,No,3,No,Access request,Software defect,North America
HD-260704-01629,2026-07-04 12:44,21,2026-07-05 10:54,P3,Printing & Peripherals,Peripheral setup,Email,Mid-Market,Service Desk L2,Meera Joseph,Resolved,24,22.18,No,None,0,No,3,No,Incident,User error,North America
HD-260619-02550,2026-06-19 15:32,64,2026-06-19 17:44,P2,Account Provisioning,New starter,Email,Enterprise,Identity & Access,Deepak Nair,Resolved,8,2.2,No,None,0,No,4,No,Incident,Hardware fault,EMEA
HD-260403-04221,2026-04-03 13:26,23,,P2,Performance,High CPU,Email,Enterprise,Endpoint Ops,Sana Rahman,Pending,8,,No,None,1,No,,No,Performance issue,Software defect,APAC
HD-260417-03088,2026-04-17 15:28,66,2026-04-18 14:19,P3,Email & Collaboration,Distribution list,Email,Enterprise,Service Desk L1,Karan Verma,Resolved,24,22.86,No,None,0,No,4,No,Access request,User error,North America
HD-260824-02432,2026-08-24 18:19,130,2026-08-25 20:06,P4,Cloud & SaaS,Application outage,Email,Enterprise,Business Apps,Sana Rahman,Closed,72,25.79,No,None,0,No,5,No,Incident,Vendor issue,APAC
HD-260623-03894,2026-06-23 12:16,154,2026-06-24 06:49,P3,Endpoint Security,Security policy,Email,SMB,Service Desk L1,Karan Verma,Closed,24,18.55,No,None,0,No,4,No,Performance issue,Access policy,APAC
HD-260629-03493,2026-06-29 13:16,66,2026-06-30 04:37,P4,Access & Identity,Permission request,Portal,Mid-Market,Identity & Access,Nadia Ali,Closed,72,15.36,No,None,1,Yes,5,Yes,Access request,User error,EMEA
HD-260618-04516,2026-06-18 14:01,15,,P2,VPN & Remote Access,VPN login,Phone,Mid-Market,Network Ops,Deepak Nair,Pending,8,,No,None,1,No,,No,Service request,User error,North America
HD-260416-03901,2026-04-16 14:44,93,2026-04-17 02:27,P3,Telephony,Extension,Email,Enterprise,Service Desk L2,Sana Rahman,Resolved,24,11.72,No,None,0,Yes,5,No,Service request,User error,APAC
HD-260521-01698,2026-05-21 11:53,266,2026-05-22 02:12,P4,,Disk space,Phone,Enterprise,Network Ops,Deepak Nair,Resolved,72,14.33,No,None,1,No,5,No,How-to,Capacity,EMEA
HD-260327-02397,2026-03-27 11:46,36,2026-03-27 18:18,P3,Network,DNS/DHCP,Portal,Mid-Market,Network Ops,Zoya Hussain,Resolved,24,6.54,No,None,0,No,,No,Access request,Configuration,EMEA
HD-260403-03065,2026-04-03 12:12,64,2026-04-03 23:03,P3,VPN & Remote Access,VPN disconnect,Phone,SMB,Service Desk L2,Vikram Patel,Closed,24,10.86,No,None,0,No,4,No,Access request,Access policy,EMEA
HD-260401-03828,2026-04-01 16:16,114,2026-04-01 23:34,P3,Cloud & SaaS,Subscription,Portal,Mid-Market,Business Apps,Sana Rahman,Resolved,24,7.31,No,None,0,No,5,Yes,Performance issue,User error,APAC
HD-260417-04581,2026-04-17 14:50,128,2026-04-17 23:38,P3,Endpoint Security,EDR alert,Portal,Mid-Market,Endpoint Ops,Sana Rahman,Closed,24,8.8,No,None,0,No,,No,Service request,Access policy,EMEA
HD-260310-02771,2026-03-10 10:51,80,2026-03-10 18:46,P3,Endpoint Security,Malware check,Email,Enterprise,Identity & Access,Adil Mir,Closed,24,7.93,No,None,0,No,3,No,Access request,Hardware fault,APAC
HD-260511-02986,2026-05-11 13:59,164,2026-05-12 00:53,P3,Performance,High memory,Portal,Enterprise,Endpoint Ops,Vikram Patel,Resolved,24,10.91,No,None,0,No,5,No,Service request,Unknown,North America
HD-260724-04412,2026-07-24 14:23,120,2026-07-25 06:53,P3,Email & Collaboration,Distribution list,Email,SMB,Service Desk L1,Rohan Mehta,Resolved,24,16.5,No,None,1,No,3,Yes,Incident,Network condition,APAC
HD-260701-02818,2026-07-01 19:05,16,2026-07-02 02:56,P3,Email & Collaboration,Distribution list,Portal,Mid-Market,Service Desk L1,Aisha Khan,Resolved,24,7.86,No,None,0,No,4,No,Performance issue,Software defect,EMEA
HD-260506-02589,2026-05-06 16:31,91,2026-05-07 08:02,P3,Telephony,Extension,Phone,SMB,Network Ops,Farah Latif,Resolved,24,15.53,No,None,0,No,,No,Service request,Configuration,North America
HD-260410-03165,2026-04-10 11:08,28,2026-04-11 05:42,P3,VPN & Remote Access,VPN login,Phone,SMB,Network Ops,Arjun Bhat,Closed,24,18.58,No,None,0,No,4,No,Incident,Network condition,North America
HD-260807-02338,2026-08-07 10:05,88,2026-08-07 18:33,P3,Printing & Peripherals,Peripheral setup,Portal,Mid-Market,Service Desk L1,Aisha Khan,Resolved,24,8.47,No,None,2,No,4,No,Service request,Software defect,APAC
HD-260803-04411,2026-08-03 15:07,272,2026-08-05 14:25,P4,Hardware,Laptop,Email,Mid-Market,Service Desk L1,Aisha Khan,Resolved,72,47.3,No,None,0,No,,No,Service request,Vendor issue,APAC
HD-260429-03564,2026-04-29 10:50,241,2026-05-02 07:23,P4,Telephony,Softphone,Email,Enterprise,Service Desk L2,Arjun Bhat,Resolved,72,68.55,No,None,2,No,3,No,Service request,Capacity,North America
HD-260511-01061,2026-05-11 17:18,6,2026-05-11 19:25,P1,Endpoint Security,Malware check,Chat,Mid-Market,Service Desk L1,Neha Thomas,Closed,4,2.13,No,None,1,Yes,4,No,How-to,Configuration,North America
HD-260612-03093,2026-06-12 13:50,123,2026-06-15 08:47,P4,Software & Applications,Version issue,Phone,Internal,Service Desk L2,Meera Joseph,Resolved,72,66.96,No,None,1,No,,No,Performance issue,Network condition,North America
HD-260512-03161,2026-05-12 09:02,316,2026-05-13 04:32,P4,Telephony,Extension,Email,Mid-Market,Service Desk L2,Arjun Bhat,Closed,72,19.51,No,None,1,No,4,No,Service request,Access policy,North America
HD-260819-03431,2026-08-19 15:47,32,2026-08-19 20:21,P2,Software & Applications,Installation,Chat,SMB,Business Apps,Imran Dar,Closed,8,4.58,No,None,0,Yes,5,No,Access request,Capacity,APAC
HD-260306-02393,2026-03-06 17:08,190,2026-03-08 05:02,P4,Software & Applications,Version issue,Portal,Mid-Market,Service Desk L2,Vikram Patel,Resolved,72,35.91,No,None,1,No,4,No,Access request,Network condition,EMEA
HD-260806-02748,2026-08-06 19:11,344,2026-08-07 15:25,P4,Endpoint Security,Device compliance,Email,Enterprise,Service Desk L1,Priya Shah,Resolved,72,20.24,No,None,1,No,3,No,Performance issue,Configuration,North America
HD-260428-01539,2026-04-28 12:36,158,2026-04-29 20:03,P4,Network,Switch port,Email,Enterprise,Network Ops,Zoya Hussain,Closed,72,31.45,No,None,0,No,4,No,Incident,User error,EMEA
HD-260616-03695,2026-06-16 10:39,92,2026-06-17 09:24,P3,Telephony,Softphone,Chat,Enterprise,Network Ops,Deepak Nair,Resolved,24,22.76,No,None,0,No,3,No,Incident,Vendor issue,North America
HD-260727-01434,2026-07-27 16:46,75,2026-07-28 07:41,P4,Account Provisioning,Offboarding,Email,SMB,Identity & Access,Nadia Ali,Closed,72,14.92,No,None,0,No,4,No,Service request,Hardware fault,North America
HD-260501-04119,2026-05-01 18:59,68,,P3,Printing & Peripherals,Printer offline,Portal,Mid-Market,Service Desk L1,Imran Dar,Pending,24,,No,None,0,No,,No,Incident,User error,North America
HD-260706-02851,2026-07-06 10:37,56,2026-07-06 21:07,P2,Network,Wi-Fi,Portal,SMB,Network Ops,Farah Latif,Closed,8,10.51,Yes,High queue volume,0,No,4,No,Service request,User error,EMEA
HD-260413-04078,2026-04-13 11:43,64,2026-04-13 14:01,P2,Telephony,Extension,Portal,Mid-Market,Service Desk L2,Meera Joseph,Resolved,8,2.31,No,None,0,No,5,No,How-to,Hardware fault,North America
HD-260601-03102,2026-06-01 12:10,20,2026-06-01 22:01,P2,Account Provisioning,Access package,Chat,SMB,Service Desk L1,Aisha Khan,Resolved,8,9.86,Yes,High queue volume,1,No,3,No,Incident,Vendor issue,APAC
HD-260319-01145,2026-03-19 12:24,8,,P1,Email & Collaboration,Teams/Meetings,Portal,Enterprise,Endpoint Ops,Sana Rahman,Pending,4,,No,None,1,No,,No,How-to,Network condition,EMEA
HD-260525-03023,2026-05-25 11:14,18,2026-05-25 16:35,P1,Endpoint Security,Device compliance,Portal,SMB,Service Desk L1,Aisha Khan,Resolved,4,5.36,Yes,Vendor response,0,No,2,No,Access request,Hardware fault,North America
HD-260426-02657,2026-04-26 08:18,124,2026-04-27 00:42,P3,Cloud & SaaS,Subscription,Email,Enterprise,Business Apps,Priya Shah,Resolved,24,16.4,No,None,0,No,3,No,Incident,Configuration,North America
HD-260511-02630,2026-05-11 15:57,140,2026-05-11 23:04,P3,Printing & Peripherals,Print queue,Phone,Mid-Market,Service Desk L2,Vikram Patel,Resolved,24,7.12,No,None,0,Yes,4,No,Incident,User error,EMEA
HD-260513-03025,2026-05-13 11:28,63,2026-05-15 19:56,P4,Printing & Peripherals,Scanner,Email,SMB,Service Desk L1,Imran Dar,Closed,72,56.47,No,None,1,No,4,No,Service request,Network condition,EMEA
HD-260707-02840,2026-07-07 13:02,180,,P4,Account Provisioning,Role change,Portal,Internal,Identity & Access,Adil Mir,Open,72,,No,None,0,No,,No,How-to,Software defect,North America
HD-260423-02976,2026-04-23 12:41,180,2026-04-24 13:36,P3,Email & Collaboration,Mailbox,Portal,Enterprise,Service Desk L1,Rohan Mehta,Resolved,24,24.93,Yes,Dependency delay,0,No,3,No,Incident,Capacity,North America
HD-260407-03721,2026-04-07 12:11,233,2026-04-09 00:20,P4,Access & Identity,MFA issue,Portal,Mid-Market,Endpoint Ops,Karan Verma,Resolved,72,36.16,No,None,0,No,5,No,Incident,User error,North America
HD-260416-02267,2026-04-16 12:10,314,2026-04-17 07:16,P4,Hardware,Monitor,Chat,SMB,Service Desk L1,Neha Thomas,Closed,72,19.11,No,None,2,No,,No,Incident,Software defect,EMEA
HD-260527-04556,2026-05-27 09:35,24,2026-05-29 00:20,P4,Hardware,Monitor,Chat,Enterprise,Service Desk L1,Priya Shah,Closed,72,38.76,No,None,2,No,,No,Incident,User error,APAC
HD-260703-03155,2026-07-03 10:59,299,2026-07-05 03:52,P4,VPN & Remote Access,VPN login,Phone,Mid-Market,Network Ops,Deepak Nair,Resolved,72,40.89,No,None,0,No,4,No,Incident,Hardware fault,North America
HD-260622-02314,2026-06-22 15:27,45,2026-06-22 21:33,P2,VPN & Remote Access,Remote desktop,Portal,Enterprise,Service Desk L2,Sana Rahman,Closed,8,6.11,No,None,0,No,3,No,Access request,Hardware fault,North America
HD-260804-01723,2026-08-04 14:02,79,2026-08-05 11:21,P3,Software & Applications,License,Portal,Mid-Market,Business Apps,Neha Thomas,Resolved,24,21.33,No,None,0,No,4,No,Access request,Capacity,North America
HD-260521-02150,2026-05-21 15:07,222,2026-05-22 08:59,P4,Hardware,Keyboard/Mouse,Phone,SMB,Service Desk L1,Karan Verma,Closed,72,17.88,No,None,0,No,4,Yes,Access request,User error,EMEA
HD-260716-02745,2026-07-16 16:38,85,,P3,Telephony,Softphone,Chat,Enterprise,Service Desk L2,Sana Rahman,Pending,24,,No,None,1,No,,No,Incident,Software defect,APAC
HD-260306-02538,2026-03-06 10:12,20,2026-03-06 20:48,P3,Endpoint Security,Malware check,Phone,Internal,Endpoint Ops,Sana Rahman,Closed,24,10.6,No,None,1,No,4,No,Service request,User error,EMEA
HD-260317-03858,2026-03-17 11:14,108,2026-03-17 17:03,P3,Account Provisioning,Offboarding,Portal,SMB,Service Desk L1,Neha Thomas,Resolved,24,5.82,No,None,0,No,4,No,Incident,Configuration,APAC
HD-260504-01808,2026-05-04 15:23,145,2026-05-04 23:56,P3,VPN & Remote Access,Remote desktop,Phone,Mid-Market,Service Desk L2,Arjun Bhat,Resolved,24,8.56,No,None,0,No,4,No,Performance issue,User error,EMEA
HD-260605-01611,2026-06-05 11:44,279,2026-06-06 19:41,P4,Account Provisioning,Offboarding,Chat,Mid-Market,Service Desk L1,,Resolved,72,31.95,No,None,1,No,,No,Incident,Software defect,North America
HD-260522-02772,2026-05-22 15:02,319,2026-05-24 23:19,P4,Access & Identity,Account locked,Phone,Mid-Market,Identity & Access,Deepak Nair,Closed,72,56.29,No,None,1,No,4,No,Service request,User error,EMEA
HD-260828-01257,2026-08-28 11:58,125,2026-08-29 01:16,P3,Software & Applications,Version issue,Email,Mid-Market,Service Desk L2,Arjun Bhat,Resolved,24,13.31,No,None,0,No,3,No,Incident,Hardware fault,APAC
HD-260323-01351,2026-03-23 11:28,125,2026-03-23 18:18,P3,Hardware,Keyboard/Mouse,Email,SMB,Service Desk L1,Karan Verma,Closed,24,6.84,No,None,0,No,,No,Service request,Configuration,EMEA
HD-260831-03092,2026-08-31 16:30,130,2026-09-02 22:21,P4,Email & Collaboration,Teams/Meetings,Chat,Mid-Market,Service Desk L1,Neha Thomas,Resolved,72,53.85,No,None,0,No,4,No,Service request,Hardware fault,North America
HD-260710-03667,2026-07-10 16:21,61,2026-07-11 01:55,P2,Software & Applications,Installation,Chat,SMB,Service Desk L2,Sana Rahman,Resolved,8,9.58,Yes,Vendor response,1,No,3,No,How-to,Network condition,EMEA
HD-260604-02605,2026-06-04 14:14,50,2026-06-05 13:54,P3,Performance,Slow device,Email,Enterprise,Business Apps,Priya Shah,Resolved,24,23.67,No,None,0,No,4,No,Service request,User error,North America
HD-260824-04498,2026-08-24 10:09,59,,P4,Email & Collaboration,Mailbox,Portal,Mid-Market,Identity & Access,Zoya Hussain,Pending,72,,No,None,0,No,,No,Incident,Access policy,EMEA
HD-260831-03720,2026-08-31 12:01,60,2026-09-01 01:01,P3,Cloud & SaaS,SSO,Chat,Mid-Market,Service Desk L1,Rohan Mehta,Resolved,24,13.01,No,None,0,No,4,No,Incident,Network condition,EMEA
HD-260305-01163,2026-03-05 10:57,88,2026-03-05 19:23,P3,Software & Applications,License,Email,Internal,Business Apps,Imran Dar,Resolved,24,8.44,No,None,0,No,5,No,Service request,Software defect,EMEA
HD-260729-02604,2026-07-29 15:12,270,2026-08-01 06:04,P4,Email & Collaboration,Distribution list,Email,Mid-Market,Service Desk L2,Meera Joseph,Closed,72,62.88,No,None,2,No,2,No,Performance issue,Network condition,North America
HD-260403-04109,2026-04-03 15:18,24,2026-04-03 17:32,P2,Software & Applications,Version issue,Email,Internal,Service Desk L1,Karan Verma,Closed,8,2.24,No,None,1,No,,No,Service request,Configuration,APAC
HD-260506-02512,2026-05-06 15:52,171,,P4,Software & Applications,Installation,Chat,Enterprise,Business Apps,Karan Verma,Open,72,,No,None,1,Yes,,No,Access request,User error,North America
HD-260309-01671,2026-03-09 11:00,158,2026-03-09 18:07,P3,Printing & Peripherals,Print queue,Portal,Enterprise,Endpoint Ops,,Closed,24,7.13,No,None,0,No,3,No,Access request,Network condition,APAC
HD-260617-02145,2026-06-17 11:11,194,2026-06-18 23:00,P4,Access & Identity,MFA issue,Email,Internal,Identity & Access,Farah Latif,Closed,72,35.83,No,None,0,No,3,No,How-to,User error,North America
HD-260320-02325,2026-03-20 16:07,67,2026-03-21 13:07,P3,Email & Collaboration,Distribution list,Chat,Mid-Market,Service Desk L1,Imran Dar,Resolved,24,21.01,No,None,0,No,4,No,Incident,Hardware fault,EMEA
HD-260813-03152,2026-08-13 17:20,60,2026-08-14 06:39,P3,Software & Applications,Installation,Email,Mid-Market,Business Apps,Neha Thomas,Closed,24,13.33,No,None,0,No,4,Yes,Incident,User error,EMEA
HD-260402-03839,2026-04-02 10:36,170,2026-04-03 01:05,P4,Telephony,Softphone,Email,Mid-Market,Service Desk L2,Sana Rahman,Resolved,72,14.49,No,None,1,No,4,No,Incident,Access policy,EMEA
HD-260323-04520,2026-03-23 10:06,127,2026-03-26 01:07,P4,Endpoint Security,Malware check,Phone,Mid-Market,Endpoint Ops,Vikram Patel,Resolved,72,63.02,No,None,1,No,4,No,Incident,Access policy,North America
HD-260608-03110,2026-06-08 09:01,225,,P4,Performance,High CPU,Portal,Enterprise,Endpoint Ops,Karan Verma,Pending,72,,No,None,1,No,,No,Incident,Network condition,APAC
HD-260306-03646,2026-03-06 14:46,252,2026-03-07 05:16,P4,Printing & Peripherals,Peripheral setup,Chat,SMB,Service Desk L1,Imran Dar,Resolved,72,14.51,No,None,0,Yes,5,No,Incident,Access policy,APAC
HD-260417-01443,2026-04-17 15:38,159,2026-04-17 21:23,P3,Email & Collaboration,Distribution list,Email,SMB,Service Desk L2,Meera Joseph,Closed,24,5.75,No,None,2,Yes,3,No,Service request,Capacity,North America
HD-260505-02307,2026-05-05 08:32,112,2026-05-06 03:26,P3,Network,DNS/DHCP,Phone,Enterprise,Network Ops,Zoya Hussain,Resolved,24,18.9,No,None,1,No,3,No,Incident,Capacity,APAC
HD-260819-01561,2026-08-19 09:33,315,2026-08-22 03:12,P4,VPN & Remote Access,VPN login,Chat,Mid-Market,Network Ops,Deepak Nair,Closed,72,65.66,No,None,2,No,3,No,Performance issue,User error,APAC
HD-260602-02602,2026-06-02 18:08,72,2026-06-03 03:52,P3,Printing & Peripherals,Printer offline,Email,SMB,Service Desk L1,Neha Thomas,Resolved,24,9.74,No,None,0,No,5,No,Incident,Unknown,EMEA
HD-260305-02906,2026-03-05 16:27,152,2026-03-06 03:43,P3,Telephony,Extension,Portal,Internal,Service Desk L2,Sana Rahman,Resolved,24,11.28,No,None,0,No,4,No,Access request,Configuration,EMEA
HD-260821-01441,2026-08-21 11:31,278,2026-08-23 04:04,P4,VPN & Remote Access,Remote desktop,Portal,Internal,Network Ops,Deepak Nair,Closed,72,40.55,No,None,0,No,5,No,Incident,Hardware fault,APAC
HD-260419-01140,2026-04-19 14:55,112,2026-04-21 23:43,P4,Software & Applications,Application error,Email,Mid-Market,Service Desk L2,Vikram Patel,Resolved,72,56.81,No,None,0,No,4,No,Incident,Access policy,EMEA
HD-260312-04509,2026-03-12 09:32,259,,P4,Performance,High memory,Chat,Enterprise,Endpoint Ops,Neha Thomas,Pending,72,,No,None,0,No,,No,Service request,Software defect,EMEA
HD-260314-02819,2026-03-14 15:56,30,2026-03-15 01:27,P2,Performance,Disk space,Portal,Internal,Service Desk L2,Arjun Bhat,Resolved,8,9.53,Yes,Vendor response,0,No,3,Yes,Performance issue,Configuration,APAC
HD-260521-04318,2026-05-21 15:58,107,2026-05-21 21:26,P3,VPN & Remote Access,Remote desktop,Email,Mid-Market,Network Ops,Zoya Hussain,Resolved,24,5.48,No,None,0,No,4,No,Performance issue,User error,APAC
HD-260610-02289,2026-06-10 12:30,324,2026-06-12 03:24,P4,Software & Applications,License,Chat,Internal,Service Desk L2,Meera Joseph,Closed,72,38.9,No,None,0,No,3,No,How-to,Capacity,APAC
HD-260507-02615,2026-05-07 14:46,22,2026-05-07 21:13,P2,Email & Collaboration,Teams/Meetings,Portal,Mid-Market,Service Desk L1,Rohan Mehta,Closed,8,6.45,No,None,0,No,,No,How-to,Network condition,APAC
HD-260408-01262,2026-04-08 11:05,133,2026-04-08 17:00,P3,VPN & Remote Access,Remote desktop,Chat,SMB,Network Ops,Deepak Nair,Resolved,24,5.92,No,None,1,No,4,Yes,Performance issue,Capacity,North America
HD-260409-02173,2026-04-09 11:50,55,2026-04-10 01:20,P3,Account Provisioning,Access package,Email,SMB,Endpoint Ops,Karan Verma,Resolved,24,13.5,No,None,0,No,4,No,Incident,Network condition,APAC
HD-260706-03582,2026-07-06 10:50,49,2026-07-06 17:51,P3,Performance,Disk space,Phone,Enterprise,Endpoint Ops,Neha Thomas,Resolved,24,7.02,No,None,1,No,3,Yes,Incident,Network condition,North America
HD-260605-02715,2026-06-05 11:10,26,2026-06-06 11:59,P3,Software & Applications,Application error,Phone,Internal,Service Desk L1,Rohan Mehta,Closed,24,24.83,Yes,Dependency delay,0,No,3,No,Service request,Access policy,EMEA
HD-260401-03551,2026-04-01 11:45,128,2026-04-01 19:37,P3,Email & Collaboration,Distribution list,Portal,SMB,Endpoint Ops,Sana Rahman,Resolved,24,7.87,No,None,0,No,4,No,Service request,Software defect,APAC
HD-260722-04168,2026-07-22 08:19,269,2026-07-24 02:55,P4,Software & Applications,Version issue,Phone,Internal,Service Desk L2,Meera Joseph,Resolved,72,42.6,No,None,0,No,3,No,Access request,Network condition,EMEA
HD-260325-03928,2026-03-25 20:03,56,2026-03-26 05:43,P2,Performance,Slow device,Chat,Internal,Service Desk L2,Meera Joseph,Resolved,8,9.67,Yes,Complex investigation,0,Yes,4,No,Service request,Software defect,APAC
HD-260604-04402,2026-06-04 15:43,213,2026-06-07 07:10,P4,Telephony,Headset,Phone,Mid-Market,Service Desk L2,Arjun Bhat,Resolved,72,63.46,No,None,1,No,,No,Incident,Network condition,APAC
HD-260310-03647,2026-03-10 10:26,84,2026-03-10 21:14,P3,Account Provisioning,New starter,Email,Enterprise,Identity & Access,Farah Latif,Resolved,24,10.81,No,None,1,No,4,No,Incident,Hardware fault,North America
HD-260813-03555,2026-08-13 14:42,54,2026-08-13 19:39,P2,Software & Applications,License,Portal,Internal,Business Apps,Neha Thomas,Resolved,8,4.95,No,None,0,No,3,No,Service request,Software defect,North America
HD-260504-01522,2026-05-04 10:28,292,,P4,Endpoint Security,Malware check,Email,SMB,Identity & Access,Zoya Hussain,Pending,72,,No,None,1,No,,No,How-to,Configuration,APAC
HD-260716-04331,2026-07-16 16:57,109,2026-07-17 09:34,P4,Account Provisioning,Role change,Email,Enterprise,Service Desk L1,Karan Verma,Resolved,72,16.62,No,None,1,Yes,4,No,Incident,Network condition,APAC
HD-260507-01707,2026-05-07 12:44,133,,P3,Performance,High memory,Email,SMB,Service Desk L1,Rohan Mehta,Pending,24,,No,None,0,No,,No,Performance issue,User error,EMEA
HD-260417-04585,2026-04-17 10:51,135,2026-04-17 16:13,P3,Printing & Peripherals,Scanner,Portal,Enterprise,Service Desk L2,Vikram Patel,Closed,24,5.38,No,None,0,No,,No,Incident,Vendor issue,EMEA
HD-260611-02271,2026-06-11 10:34,88,2026-06-12 03:33,P3,Cloud & SaaS,Subscription,Phone,Mid-Market,Business Apps,Karan Verma,Closed,24,16.99,No,None,0,No,2,Yes,Performance issue,Configuration,North America
HD-260331-01329,2026-03-31 16:48,43,2026-04-01 07:15,P3,Access & Identity,Permission request,Phone,SMB,Endpoint Ops,Vikram Patel,Resolved,24,14.46,No,None,0,No,4,Yes,Performance issue,Software defect,EMEA
HD-260723-04400,2026-07-23 19:22,24,2026-07-25 10:17,P4,Network,Wi-Fi,Phone,SMB,Network Ops,,Closed,72,38.92,No,None,0,No,4,Yes,Performance issue,Software defect,North America
HD-260416-03473,2026-04-16 13:37,145,2026-04-17 04:27,P3,Telephony,Headset,Chat,Internal,Service Desk L2,Sana Rahman,Resolved,24,14.84,No,None,0,No,4,No,Performance issue,Network condition,EMEA
HD-260720-02828,2026-07-20 09:13,146,2026-07-20 20:09,P3,Access & Identity,Password reset,Email,Internal,Identity & Access,Adil Mir,Closed,24,10.94,No,None,0,No,,No,Incident,Unknown,EMEA
HD-260707-02836,2026-07-07 18:54,102,,P3,Hardware,Keyboard/Mouse,Chat,Mid-Market,Service Desk L1,Priya Shah,Open,24,,No,None,0,No,,Yes,Access request,Configuration,North America
HD-260602-02977,2026-06-02 15:52,147,2026-06-04 03:58,P4,Cloud & SaaS,SSO,Phone,SMB,Business Apps,Imran Dar,Resolved,72,36.1,No,None,1,No,3,No,Incident,Capacity,EMEA
HD-260513-03907,2026-05-13 12:41,156,2026-05-14 17:07,P4,Telephony,Call quality,Email,Internal,Service Desk L2,Sana Rahman,Resolved,72,28.44,No,None,0,No,3,No,Incident,Unknown,APAC
HD-260829-02504,2026-08-29 15:07,69,2026-08-30 06:41,P3,Printing & Peripherals,Peripheral setup,Phone,Mid-Market,Service Desk L1,Karan Verma,Resolved,24,15.58,No,None,0,No,4,No,Service request,Capacity,APAC
HD-260309-01854,2026-03-09 15:25,95,2026-03-10 00:09,P3,Printing & Peripherals,Printer offline,Chat,Enterprise,Endpoint Ops,Sana Rahman,Resolved,24,8.74,No,None,0,Yes,4,No,Service request,User error,APAC
HD-260604-04042,2026-06-04 14:38,115,2026-06-05 08:33,P4,Performance,High CPU,Email,SMB,Service Desk L2,Vikram Patel,Resolved,72,17.93,No,None,0,No,,No,Incident,Vendor issue,North America
HD-260720-04030,2026-07-20 16:57,11,2026-07-20 23:05,P1,Email & Collaboration,Distribution list,Chat,SMB,Identity & Access,Adil Mir,Resolved,4,6.14,Yes,Escalation delay,0,No,4,No,Incident,Vendor issue,North America
HD-260303-01762,2026-03-03 14:40,93,2026-03-03 20:22,P3,Cloud & SaaS,Application outage,Portal,Enterprise,Business Apps,Karan Verma,Resolved,24,5.71,No,None,0,No,4,No,Incident,Access policy,North America
HD-260320-01193,2026-03-20 21:17,63,2026-03-21 08:01,P3,Telephony,Call quality,Email,SMB,Network Ops,Zoya Hussain,Closed,24,10.74,No,None,0,No,4,No,Incident,Access policy,APAC
HD-260521-02440,2026-05-21 11:30,167,2026-05-22 23:51,P4,Telephony,Softphone,Email,Enterprise,Network Ops,Farah Latif,Resolved,72,36.35,No,None,0,No,,No,Incident,Capacity,APAC
HD-260506-03416,2026-05-06 11:59,165,2026-05-06 22:55,P3,,Disk space,Chat,Internal,Service Desk L1,Priya Shah,Resolved,24,10.94,No,None,1,No,5,No,Incident,Network condition,EMEA
HD-260311-03375,2026-03-11 09:50,199,2026-03-13 14:32,P4,VPN & Remote Access,VPN disconnect,Email,Internal,Network Ops,Zoya Hussain,Resolved,72,52.7,No,None,2,No,4,No,Performance issue,Configuration,APAC
HD-260821-03311,2026-08-21 10:25,145,2026-08-22 18:12,P4,Endpoint Security,Device compliance,Phone,Mid-Market,Identity & Access,Nadia Ali,Resolved,72,31.79,No,None,0,No,,No,Performance issue,Configuration,North America
HD-260325-01951,2026-03-25 18:14,317,2026-03-27 20:50,P4,Hardware,Laptop,Portal,SMB,Service Desk L2,Vikram Patel,Resolved,72,50.6,No,None,0,No,4,No,Incident,Software defect,EMEA
HD-260626-03172,2026-06-26 12:46,89,,P3,Network,DNS/DHCP,Email,SMB,Service Desk L2,Meera Joseph,Pending,24,,No,None,0,No,,No,Access request,Software defect,EMEA
HD-260407-01674,2026-04-07 12:21,130,2026-04-07 23:58,P3,Telephony,Headset,Email,SMB,Network Ops,Deepak Nair,Closed,24,11.63,No,None,1,No,3,No,Performance issue,Vendor issue,EMEA
HD-260710-03776,2026-07-10 14:12,108,2026-07-11 07:01,P4,VPN & Remote Access,Remote desktop,Phone,Mid-Market,Service Desk L2,Arjun Bhat,Resolved,72,16.83,No,None,1,No,4,No,Performance issue,Configuration,North America
HD-260629-03905,2026-06-29 12:35,334,2026-06-30 15:54,P4,Software & Applications,Version issue,Portal,Mid-Market,Service Desk L2,Arjun Bhat,Closed,72,27.32,No,None,3,No,3,No,Incident,Software defect,North America
HD-260610-01200,2026-06-10 10:36,69,2026-06-10 16:06,P3,Hardware,Monitor,Phone,Enterprise,Service Desk L2,Arjun Bhat,Resolved,24,5.5,No,None,0,No,5,No,Performance issue,Network condition,APAC
HD-260511-03468,2026-05-11 20:01,223,2026-05-12 15:13,P4,VPN & Remote Access,Split tunnel,Chat,Internal,Network Ops,Zoya Hussain,Resolved,72,19.2,No,None,0,No,4,Yes,Service request,Configuration,EMEA
HD-260527-01091,2026-05-27 15:38,55,2026-05-27 20:14,P2,Hardware,Monitor,Chat,Enterprise,Service Desk L1,Imran Dar,Resolved,8,4.61,No,None,1,No,5,No,Access request,Configuration,EMEA
HD-260420-02994,2026-04-20 19:22,341,2026-04-23 12:19,P4,Access & Identity,Permission request,Portal,Internal,Service Desk L1,Rohan Mehta,Closed,72,64.96,No,None,0,No,3,No,How-to,User error,North America
HD-260424-01393,2026-04-24 12:11,122,2026-04-25 11:29,P3,Performance,Disk space,Phone,Internal,Business Apps,Priya Shah,Resolved,24,23.31,No,None,0,No,4,No,Incident,User error,APAC
HD-260402-03518,2026-04-02 20:29,206,2026-04-03 21:04,P4,Email & Collaboration,Calendar,Email,Enterprise,Service Desk L1,Karan Verma,Closed,72,24.59,No,None,0,No,5,No,Performance issue,Network condition,EMEA
HD-260609-02262,2026-06-09 10:15,119,2026-06-09 19:04,P3,Endpoint Security,Malware check,Phone,Mid-Market,Identity & Access,Zoya Hussain,Resolved,24,8.83,No,None,0,No,4,No,Incident,User error,EMEA
HD-260817-01886,2026-08-17 16:13,64,2026-08-17 21:31,P2,Performance,Disk space,Portal,Enterprise,Service Desk L1,Rohan Mehta,Resolved,8,5.3,No,None,1,No,4,No,Incident,User error,North America
HD-260806-04539,2026-08-06 17:15,43,2026-08-07 12:06,P4,VPN & Remote Access,VPN disconnect,Portal,Mid-Market,Network Ops,Arjun Bhat,Resolved,72,18.85,No,None,0,No,5,No,Incident,Configuration,EMEA
HD-260304-03044,2026-03-04 13:02,89,2026-03-04 21:47,P3,Access & Identity,Account locked,Email,Mid-Market,Identity & Access,Deepak Nair,Resolved,24,8.76,No,None,0,No,4,No,Service request,Configuration,North America
HD-260817-01288,2026-08-17 14:09,273,2026-08-18 08:06,P4,Telephony,Headset,Phone,Internal,Service Desk L2,Meera Joseph,Closed,72,17.95,No,None,1,No,3,No,Incident,Software defect,North America
HD-260630-04570,2026-06-30 11:13,275,2026-07-01 03:34,P4,Access & Identity,MFA issue,Chat,SMB,Endpoint Ops,Neha Thomas,Closed,72,16.35,No,None,0,Yes,4,No,Access request,Configuration,North America
HD-260828-03976,2026-08-28 11:07,156,2026-08-29 01:26,P4,Email & Collaboration,Calendar,Portal,Internal,Service Desk L1,Imran Dar,Resolved,72,14.33,No,None,0,No,4,No,Incident,Configuration,EMEA
HD-260610-03226,2026-06-10 16:02,120,,P3,Access & Identity,Password reset,Portal,SMB,Identity & Access,Nadia Ali,Pending,24,,No,None,0,No,,No,Incident,Vendor issue,North America
HD-260312-03513,2026-03-12 11:57,170,2026-03-13 18:19,P4,Account Provisioning,Role change,Chat,Mid-Market,Service Desk L1,Neha Thomas,Closed,72,30.37,No,None,1,No,4,No,Service request,User error,North America
HD-260802-02447,2026-08-02 09:27,78,,P4,Account Provisioning,Offboarding,Chat,Internal,Identity & Access,Deepak Nair,Pending,72,,No,None,0,No,,No,How-to,Software defect,APAC
HD-260731-03388,2026-07-31 19:19,43,2026-07-31 21:40,P2,Printing & Peripherals,Peripheral setup,Phone,Mid-Market,Service Desk L1,Aisha Khan,Closed,8,2.35,No,None,0,No,5,No,Service request,User error,APAC
HD-260428-03681,2026-04-28 15:45,137,2026-04-29 00:54,P3,Access & Identity,Password reset,Portal,SMB,Endpoint Ops,Vikram Patel,Resolved,24,9.15,No,None,0,No,5,No,Service request,Configuration,EMEA
HD-260519-01487,2026-05-19 10:37,15,2026-05-19 12:29,P1,Cloud & SaaS,Application outage,Chat,Enterprise,Business Apps,Sana Rahman,Closed,4,1.87,No,None,0,Yes,4,No,Incident,Configuration,EMEA
HD-260606-03087,2026-06-06 16:08,36,2026-06-06 19:16,P2,Software & Applications,License,Phone,Internal,Business Apps,Neha Thomas,Closed,8,3.14,No,None,0,Yes,5,No,Incident,User error,EMEA
HD-260818-03398,2026-08-18 14:31,61,2026-08-19 15:40,P3,Cloud & SaaS,Application outage,Chat,Mid-Market,Service Desk L1,Aisha Khan,Resolved,24,25.15,Yes,Escalation delay,0,No,3,No,Service request,Software defect,EMEA
HD-260616-02883,2026-06-16 16:42,55,,P2,Endpoint Security,Malware check,Phone,Mid-Market,Identity & Access,Nadia Ali,Open,8,,No,None,1,No,,No,Access request,Hardware fault,North America
HD-260828-04571,2026-08-28 14:08,87,2026-08-29 04:21,P3,VPN & Remote Access,Split tunnel,Portal,Enterprise,Network Ops,Arjun Bhat,Resolved,24,14.23,No,None,0,No,3,No,How-to,Hardware fault,North America
HD-260706-01828,2026-07-06 18:27,126,,P3,Software & Applications,Application error,Chat,SMB,Business Apps,Sana Rahman,Pending,24,,No,None,1,No,,No,How-to,Network condition,EMEA
HD-260330-01738,2026-03-30 10:52,61,2026-03-31 04:52,P3,Hardware,Keyboard/Mouse,Portal,Mid-Market,Endpoint Ops,Sana Rahman,Closed,24,18,No,None,0,No,4,No,Access request,Software defect,EMEA
HD-260423-01114,2026-04-23 16:48,134,2026-04-24 04:03,P3,Telephony,Headset,Chat,Mid-Market,Service Desk L2,Vikram Patel,Closed,24,11.25,No,None,0,No,4,No,Access request,Software defect,North America
HD-260811-02451,2026-08-11 11:12,228,2026-08-14 03:33,P4,VPN & Remote Access,Remote desktop,Email,SMB,Network Ops,Farah Latif,Closed,72,64.35,No,None,0,No,4,No,Service request,Configuration,North America
HD-260629-02102,2026-06-29 15:39,98,2026-06-29 22:08,P3,Email & Collaboration,Mailbox,Phone,Mid-Market,Service Desk L1,Neha Thomas,Resolved,24,6.49,No,None,0,No,4,No,Service request,Configuration,North America
HD-260609-01261,2026-06-09 15:52,89,2026-06-09 22:19,P3,Printing & Peripherals,Print queue,Email,SMB,Endpoint Ops,Sana Rahman,Resolved,24,6.46,No,None,0,Yes,3,No,Incident,Software defect,EMEA
HD-260312-01728,2026-03-12 18:37,131,2026-03-13 18:55,P4,VPN & Remote Access,Split tunnel,Chat,Mid-Market,Service Desk L2,Vikram Patel,Resolved,72,24.3,No,None,0,No,4,Yes,Incident,Hardware fault,EMEA
HD-260512-04003,2026-05-12 09:47,50,2026-05-12 11:59,P2,Endpoint Security,EDR alert,Chat,Mid-Market,Identity & Access,Nadia Ali,Resolved,8,2.21,No,None,0,Yes,4,No,Access request,Capacity,APAC
HD-260723-03636,2026-07-23 18:03,22,2026-07-24 00:23,P2,Performance,Disk space,Chat,Internal,Identity & Access,Farah Latif,Closed,8,6.34,No,None,0,No,2,No,Service request,Unknown,North America
HD-260619-03550,2026-06-19 11:58,138,2026-06-20 00:34,P3,Software & Applications,License,Email,Enterprise,Service Desk L2,Vikram Patel,Resolved,24,12.6,No,None,0,No,5,No,Incident,User error,EMEA
HD-260618-01444,2026-06-18 20:10,64,2026-06-19 06:26,P3,Network,Switch port,Email,SMB,Network Ops,Farah Latif,Resolved,24,10.28,No,None,2,No,,Yes,How-to,Access policy,North America
HD-260518-02391,2026-05-18 14:31,23,2026-05-21 03:45,P4,Performance,Slow device,Email,SMB,Endpoint Ops,Sana Rahman,Closed,72,61.24,No,None,0,No,2,No,Incident,User error,North America
HD-260710-02539,2026-07-10 15:34,134,2026-07-10 21:06,P3,Printing & Peripherals,Print queue,Chat,Enterprise,Service Desk L2,Meera Joseph,Closed,24,5.54,No,None,3,No,5,No,Incident,User error,APAC
HD-260724-04408,2026-07-24 13:21,89,2026-07-24 21:51,P3,Access & Identity,Password reset,Portal,Mid-Market,Identity & Access,Deepak Nair,Resolved,24,8.51,No,None,0,No,5,No,Service request,Hardware fault,EMEA
HD-260827-03249,2026-08-27 16:21,164,2026-08-28 08:58,P4,Software & Applications,Application error,Portal,Enterprise,Business Apps,Sana Rahman,Closed,72,16.62,No,None,0,No,,No,Service request,Network condition,APAC
HD-260402-04133,2026-04-02 18:08,116,2026-04-05 03:11,P4,Telephony,Call quality,Email,Enterprise,Service Desk L2,,Closed,72,57.06,No,None,0,No,3,No,Service request,User error,EMEA
HD-260713-01917,2026-07-13 11:18,145,2026-07-13 16:46,P3,VPN & Remote Access,Split tunnel,Phone,Enterprise,Network Ops,Arjun Bhat,Resolved,24,5.47,No,None,0,No,5,No,Access request,Network condition,APAC
HD-260506-01650,2026-05-06 11:45,176,2026-05-09 07:45,P4,Account Provisioning,New starter,Email,Mid-Market,Service Desk L1,Karan Verma,Resolved,72,68,No,None,0,No,,No,Performance issue,Unknown,EMEA
HD-260624-03867,2026-06-24 17:09,37,2026-06-24 23:06,P3,Hardware,Docking station,Chat,Mid-Market,Service Desk L1,Rohan Mehta,Resolved,24,5.95,No,None,0,No,5,No,Service request,Vendor issue,APAC
HD-260602-03505,2026-06-02 13:31,169,2026-06-02 20:39,P3,VPN & Remote Access,VPN login,Email,SMB,Network Ops,Zoya Hussain,Closed,24,7.14,No,None,1,No,5,No,Access request,Hardware fault,EMEA
HD-260602-04405,2026-06-02 10:53,30,2026-06-02 13:11,P2,Software & Applications,Version issue,Portal,Mid-Market,Business Apps,Priya Shah,Resolved,8,2.31,No,None,0,Yes,4,No,Performance issue,Software defect,North America
HD-260818-01896,2026-08-18 13:31,47,2026-08-19 04:16,P4,Telephony,Extension,Chat,Mid-Market,Network Ops,Farah Latif,Resolved,72,14.76,No,None,0,Yes,5,No,Service request,Software defect,North America
HD-260707-01111,2026-07-07 18:23,133,2026-07-08 09:15,P3,Telephony,Call quality,Chat,Enterprise,Service Desk L2,Vikram Patel,Closed,24,14.87,No,None,0,No,,No,How-to,Software defect,EMEA
HD-260727-02167,2026-07-27 16:58,313,2026-07-29 16:36,P4,Printing & Peripherals,Printer offline,Email,Mid-Market,Business Apps,Karan Verma,Resolved,72,47.64,No,None,0,No,4,No,Service request,User error,North America
HD-260505-01615,2026-05-05 16:47,76,2026-05-06 14:53,P4,Cloud & SaaS,Application outage,Email,Enterprise,Business Apps,Priya Shah,Resolved,72,22.1,No,None,0,Yes,4,No,Incident,Hardware fault,APAC
HD-260512-02169,2026-05-12 11:48,317,2026-05-14 06:09,P4,Account Provisioning,Role change,Phone,Mid-Market,Identity & Access,Deepak Nair,Closed,72,42.35,No,None,0,No,,No,Performance issue,Configuration,EMEA
HD-260518-02135,2026-05-18 10:58,29,2026-05-18 13:10,P2,Endpoint Security,Security policy,Portal,Enterprise,Identity & Access,Deepak Nair,Resolved,8,2.21,No,None,1,No,,No,Incident,Access policy,APAC
HD-260721-03176,2026-07-21 12:20,145,2026-07-22 06:14,P3,VPN & Remote Access,Remote desktop,Portal,Enterprise,Network Ops,Zoya Hussain,Resolved,24,17.9,No,None,0,No,2,No,Performance issue,Unknown,North America
HD-260414-02294,2026-04-14 09:16,98,2026-04-14 18:22,P3,Email & Collaboration,Mailbox,Chat,Enterprise,Service Desk L1,Karan Verma,Closed,24,9.1,No,None,0,No,5,No,Incident,Access policy,APAC
HD-260316-02390,2026-03-16 09:42,135,2026-03-17 09:21,P3,Account Provisioning,Role change,Portal,SMB,Identity & Access,Farah Latif,Resolved,24,23.65,No,None,0,No,,No,Access request,Hardware fault,North America
HD-260519-01541,2026-05-19 16:50,44,2026-05-20 07:37,P3,Performance,Disk space,Chat,Mid-Market,Business Apps,Neha Thomas,Closed,24,14.79,No,None,1,No,3,No,Incident,Hardware fault,APAC
HD-260623-03620,2026-06-23 10:59,55,2026-06-24 10:32,P3,Telephony,Headset,Phone,SMB,Network Ops,Deepak Nair,Resolved,24,23.56,No,None,0,No,4,Yes,Incident,Configuration,EMEA
HD-260401-03342,2026-04-01 08:17,33,2026-04-01 21:06,P3,Account Provisioning,Access package,Portal,Mid-Market,Endpoint Ops,Karan Verma,Resolved,24,12.82,No,None,0,Yes,4,No,Service request,User error,EMEA
HD-260424-01001,2026-04-24 15:04,4,2026-04-24 18:11,P1,Software & Applications,License,Email,SMB,Business Apps,Karan Verma,Resolved,4,3.13,No,None,1,Yes,4,No,How-to,Software defect,APAC
HD-260522-04442,2026-05-22 09:38,89,2026-05-23 05:20,P3,Email & Collaboration,Teams/Meetings,Portal,Mid-Market,Service Desk L2,Vikram Patel,Resolved,24,19.7,No,None,0,No,4,No,Service request,Software defect,EMEA
HD-260310-03002,2026-03-10 16:52,312,2026-03-11 07:22,P4,Endpoint Security,Device compliance,Email,Internal,Endpoint Ops,Vikram Patel,Closed,72,14.51,No,None,2,No,4,No,How-to,Capacity,APAC
HD-260728-04117,2026-07-28 11:51,110,2026-07-29 12:24,P3,Access & Identity,MFA issue,Chat,Mid-Market,Identity & Access,Zoya Hussain,Closed,24,24.56,Yes,Vendor response,0,No,3,No,Service request,Access policy,North America
HD-260722-01660,2026-07-22 09:22,139,2026-07-24 18:11,P4,Account Provisioning,Access package,Phone,Enterprise,Identity & Access,Deepak Nair,Resolved,72,56.82,No,None,0,No,4,No,Service request,Configuration,North America
HD-260414-01468,2026-04-14 16:56,31,2026-04-15 05:56,P3,Access & Identity,Password reset,Portal,SMB,Identity & Access,Zoya Hussain,Resolved,24,13,No,None,0,No,5,No,Service request,Software defect,North America
HD-260728-01623,2026-07-28 09:10,17,2026-07-28 16:50,P3,Email & Collaboration,Distribution list,Portal,SMB,Service Desk L1,Karan Verma,Resolved,24,7.68,No,None,1,No,4,No,Incident,User error,North America
HD-260417-02306,2026-04-17 09:55,33,,P3,Account Provisioning,New starter,Phone,Enterprise,Endpoint Ops,Sana Rahman,Open,24,,No,None,1,No,,No,Service request,Network condition,APAC
HD-260719-01502,2026-07-19 15:58,176,2026-07-21 05:20,P4,Cloud & SaaS,Application outage,Email,Enterprise,Service Desk L2,Vikram Patel,Resolved,72,37.38,No,None,1,No,4,No,Access request,Hardware fault,EMEA
HD-260317-02707,2026-03-17 14:16,12,2026-03-17 19:37,P3,Hardware,Docking station,Email,SMB,Endpoint Ops,Neha Thomas,Resolved,24,5.35,No,None,0,No,5,No,Incident,Software defect,EMEA
HD-260402-01294,2026-04-02 09:09,167,,P3,Email & Collaboration,Mailbox,Portal,Mid-Market,Network Ops,Zoya Hussain,Pending,24,,No,None,1,No,,No,Incident,User error,EMEA
HD-260707-02527,2026-07-07 15:23,334,2026-07-08 05:51,P4,Hardware,Laptop,Portal,Mid-Market,Service Desk L1,Aisha Khan,Resolved,72,14.48,No,None,0,No,4,No,Service request,User error,APAC
HD-260416-04145,2026-04-16 18:20,187,2026-04-17 18:45,P4,Software & Applications,Application error,Email,Mid-Market,Service Desk L2,Vikram Patel,Closed,72,24.42,No,None,0,No,4,Yes,Service request,Configuration,North America
HD-260721-01722,2026-07-21 10:13,51,2026-07-21 19:54,P3,Cloud & SaaS,Subscription,Email,Enterprise,Service Desk L1,Imran Dar,Resolved,24,9.69,No,None,1,No,3,No,Incident,User error,EMEA
HD-260509-02459,2026-05-09 17:30,65,2026-05-10 07:58,P3,Account Provisioning,Access package,Portal,SMB,Identity & Access,Deepak Nair,Resolved,24,14.48,No,None,0,No,3,No,Service request,User error,EMEA
HD-260310-01440,2026-03-10 08:34,16,2026-03-10 17:29,P3,Cloud & SaaS,SSO,Chat,SMB,Business Apps,Imran Dar,Resolved,24,8.93,No,None,0,No,5,No,Service request,User error,North America
HD-260817-03437,2026-08-17 18:18,153,2026-08-18 15:05,P3,Network,Wi-Fi,Email,Mid-Market,Network Ops,Arjun Bhat,Closed,24,20.79,No,None,0,No,3,Yes,Incident,Network condition,APAC
HD-260424-03712,2026-04-24 13:55,167,2026-04-24 19:48,P3,Access & Identity,Account locked,Portal,Enterprise,Identity & Access,Farah Latif,Resolved,24,5.89,No,None,2,No,4,No,Incident,Vendor issue,EMEA
HD-260729-04251,2026-07-29 08:49,281,2026-07-30 00:26,P4,Endpoint Security,Device compliance,Email,Enterprise,Service Desk L1,Priya Shah,Closed,72,15.63,No,None,0,No,5,No,Incident,Hardware fault,APAC
HD-260728-03040,2026-07-28 18:38,121,2026-07-29 16:41,P3,Telephony,Extension,Email,Enterprise,Service Desk L2,Vikram Patel,Resolved,24,22.06,No,None,0,No,4,No,Incident,Software defect,APAC
HD-260407-03940,2026-04-07 12:46,53,,P2,Endpoint Security,Device compliance,Phone,Mid-Market,Identity & Access,Deepak Nair,Pending,8,,No,None,0,No,,No,Service request,Network condition,EMEA
HD-260729-01720,2026-07-29 14:54,64,2026-07-29 21:12,P3,Performance,High memory,Phone,SMB,Service Desk L1,Aisha Khan,Closed,24,6.31,No,None,0,No,4,No,Access request,Capacity,North America
HD-260403-02723,2026-04-03 15:31,36,2026-04-03 20:17,P2,Printing & Peripherals,Scanner,Portal,SMB,Service Desk L1,Neha Thomas,Resolved,8,4.78,No,None,0,No,3,No,Incident,Software defect,North America
HD-260831-01612,2026-08-31 10:49,40,,P3,Telephony,Headset,Email,SMB,Service Desk L2,Meera Joseph,Pending,24,,No,None,1,No,,No,Performance issue,Access policy,APAC
HD-260326-02938,2026-03-26 14:26,145,2026-03-27 01:48,P3,Account Provisioning,Offboarding,Email,Internal,Endpoint Ops,Neha Thomas,Resolved,24,11.37,No,None,0,No,4,No,Incident,Network condition,North America
HD-260826-03604,2026-08-26 12:13,10,2026-08-26 13:56,P1,Endpoint Security,Device compliance,Email,Mid-Market,Identity & Access,Zoya Hussain,Closed,4,1.73,No,None,0,No,4,No,Incident,User error,North America
HD-260520-02410,2026-05-20 16:09,28,2026-05-20 21:39,P3,Access & Identity,Account locked,Portal,Enterprise,Identity & Access,Zoya Hussain,Closed,24,5.5,No,None,0,No,4,No,Incident,Configuration,APAC
HD-260327-03677,2026-03-27 13:04,96,2026-03-28 05:58,P3,Printing & Peripherals,Printer offline,Portal,Internal,Business Apps,Priya Shah,Closed,24,16.9,No,None,0,No,3,No,Service request,Access policy,North America
HD-260529-03356,2026-05-29 10:50,9,2026-05-29 12:11,P1,Printing & Peripherals,Printer offline,Chat,Mid-Market,Business Apps,Imran Dar,Resolved,4,1.35,No,None,0,Yes,4,No,Access request,Access policy,APAC
HD-260624-04116,2026-06-24 12:52,164,2026-06-26 21:08,P4,Access & Identity,Password reset,Email,Mid-Market,Identity & Access,Farah Latif,Closed,72,56.27,No,None,0,No,3,Yes,Incident,Network condition,EMEA
HD-260803-04317,2026-08-03 12:31,12,2026-08-03 18:33,P1,Cloud & SaaS,Integration,Email,Mid-Market,Business Apps,Imran Dar,Closed,4,6.04,Yes,Vendor response,0,No,,No,Service request,User error,EMEA
HD-260403-01297,2026-04-03 09:22,49,2026-04-03 13:39,P2,Access & Identity,Account locked,Email,SMB,Identity & Access,Nadia Ali,Closed,8,4.29,No,None,1,No,3,No,Service request,Software defect,North America
HD-260629-04046,2026-06-29 09:24,92,2026-06-29 23:52,P3,Email & Collaboration,Teams/Meetings,Phone,Enterprise,Service Desk L1,Rohan Mehta,Resolved,24,14.48,No,None,0,No,4,No,Service request,User error,APAC
HD-260702-01017,2026-07-02 12:53,34,2026-07-02 17:57,P2,Account Provisioning,Offboarding,Chat,SMB,Service Desk L1,Aisha Khan,Closed,8,5.07,No,None,0,No,,No,Service request,Capacity,EMEA
HD-260731-03787,2026-07-31 16:08,15,2026-08-01 13:27,P3,Hardware,Keyboard/Mouse,Email,Mid-Market,Endpoint Ops,Vikram Patel,Resolved,24,21.33,No,None,0,No,4,No,Incident,Access policy,North America
HD-260721-04488,2026-07-21 10:52,299,2026-07-23 05:55,P4,Software & Applications,Installation,Chat,SMB,Service Desk L2,Sana Rahman,Closed,72,43.06,No,None,0,No,,No,Incident,Software defect,APAC
HD-260501-01187,2026-05-01 10:30,103,2026-05-02 03:54,P4,Performance,Disk space,Portal,Enterprise,Service Desk L1,Rohan Mehta,Resolved,72,17.41,No,None,0,No,5,No,Incident,Configuration,EMEA
HD-260416-03829,2026-04-16 15:29,11,2026-04-16 20:35,P2,Cloud & SaaS,Application outage,Email,Mid-Market,Business Apps,Neha Thomas,Resolved,8,5.1,No,None,2,No,4,No,Incident,Software defect,EMEA
HD-260803-01666,2026-08-03 10:35,71,2026-08-04 06:23,P3,Performance,Slow device,Phone,Enterprise,Identity & Access,Deepak Nair,Resolved,24,19.81,No,None,0,No,4,No,Incident,User error,North America
HD-260819-02992,2026-08-19 13:55,212,,P4,Network,LAN connectivity,Portal,SMB,Service Desk L2,Arjun Bhat,Pending,72,,No,None,1,No,,No,Incident,Access policy,North America
HD-260313-02487,2026-03-13 09:45,136,2026-03-13 18:28,P3,Email & Collaboration,Distribution list,Portal,Mid-Market,Network Ops,Farah Latif,Resolved,24,8.73,No,None,1,No,5,No,Incident,Software defect,North America
HD-260617-02660,2026-06-17 20:11,143,2026-06-18 16:16,P3,VPN & Remote Access,Split tunnel,Phone,Enterprise,Network Ops,,Resolved,24,20.09,No,None,0,No,4,No,Access request,Capacity,North America
HD-260811-02905,2026-08-11 15:49,139,2026-08-12 16:33,P4,Hardware,Keyboard/Mouse,Phone,Mid-Market,Service Desk L2,Arjun Bhat,Resolved,72,24.74,No,None,0,No,3,Yes,Incident,Access policy,North America
HD-260309-01908,2026-03-09 15:15,55,2026-03-10 02:00,P3,Software & Applications,License,Portal,Mid-Market,Business Apps,Sana Rahman,Resolved,24,10.75,No,None,0,No,4,No,Service request,Hardware fault,EMEA
HD-260801-02020,2026-08-01 09:39,51,2026-08-01 18:06,P3,Cloud & SaaS,Application outage,Phone,Mid-Market,Business Apps,Priya Shah,Resolved,24,8.46,No,None,0,No,5,No,Performance issue,User error,EMEA
HD-260616-03577,2026-06-16 17:10,134,2026-06-16 22:31,P3,Performance,High CPU,Email,Enterprise,Business Apps,Priya Shah,Closed,24,5.36,No,None,0,No,4,No,Incident,Vendor issue,North America
HD-260713-04045,2026-07-13 10:01,82,2026-07-14 07:17,P3,Access & Identity,Permission request,Email,SMB,Identity & Access,Farah Latif,Closed,24,21.27,No,None,0,No,,No,Incident,Capacity,North America
HD-260320-01032,2026-03-20 16:33,102,2026-03-21 08:48,P3,Performance,Disk space,Chat,Internal,Service Desk L2,Meera Joseph,Resolved,24,16.25,No,None,0,Yes,4,No,Service request,Network condition,EMEA
HD-260708-01132,2026-07-08 08:19,88,,P4,Performance,High CPU,Email,SMB,Service Desk L1,Aisha Khan,Pending,72,,No,None,0,No,,No,Incident,Network condition,EMEA
HD-260707-01306,2026-07-07 18:54,17,2026-07-07 23:33,P1,Cloud & SaaS,Integration,Phone,SMB,Business Apps,Sana Rahman,Resolved,4,4.66,Yes,Vendor response,0,No,,No,Service request,Software defect,EMEA
HD-260729-02117,2026-07-29 18:34,28,2026-07-30 03:24,P3,Cloud & SaaS,Integration,Email,SMB,Business Apps,Sana Rahman,Resolved,24,8.84,No,None,0,No,,No,Service request,Software defect,EMEA
HD-260302-01126,2026-03-02 17:48,69,,P3,Endpoint Security,Security policy,Email,Enterprise,Identity & Access,Adil Mir,Pending,24,,No,None,0,No,,No,Service request,User error,EMEA
HD-260310-01503,2026-03-10 19:42,14,2026-03-11 00:52,P2,Network,DNS/DHCP,Portal,Mid-Market,Network Ops,Arjun Bhat,Resolved,8,5.17,No,None,0,No,4,No,Service request,Unknown,EMEA
HD-260701-04598,2026-07-01 09:04,80,2026-07-02 00:55,P4,Endpoint Security,Security policy,Email,SMB,Identity & Access,Adil Mir,Resolved,72,15.86,No,None,0,No,4,No,Service request,Software defect,EMEA
HD-260616-04455,2026-06-16 12:08,260,,P4,Printing & Peripherals,Printer offline,Phone,Enterprise,Endpoint Ops,Karan Verma,Pending,72,,No,None,1,No,,Yes,Access request,Hardware fault,EMEA
HD-260401-04487,2026-04-01 10:39,18,,P3,VPN & Remote Access,Remote desktop,Portal,SMB,Network Ops,Zoya Hussain,Pending,24,,No,None,0,No,,No,Service request,Configuration,EMEA
HD-260319-02932,2026-03-19 10:24,188,2026-03-20 20:24,P4,Network,DNS/DHCP,Email,Mid-Market,Network Ops,Farah Latif,Resolved,72,34.01,No,None,0,No,5,No,Incident,Software defect,North America
HD-260612-03100,2026-06-12 13:24,327,2026-06-14 01:19,P4,Performance,High memory,Portal,Enterprise,Service Desk L1,Neha Thomas,Closed,72,35.93,No,None,0,No,4,No,Access request,Access policy,APAC
HD-260325-02575,2026-03-25 15:13,63,2026-03-26 05:58,P3,Hardware,Monitor,Portal,Internal,Service Desk L1,Aisha Khan,Closed,24,14.76,No,None,3,No,4,Yes,Service request,Vendor issue,North America
HD-260713-03136,2026-07-13 11:31,102,2026-07-14 03:36,P3,Account Provisioning,New starter,Portal,Mid-Market,Service Desk L1,Rohan Mehta,Closed,24,16.09,No,None,1,No,,No,Service request,Capacity,EMEA
HD-260715-01373,2026-07-15 17:06,305,,P4,Printing & Peripherals,Printer offline,Portal,SMB,Service Desk L1,Karan Verma,Pending,72,,No,None,0,No,,No,Service request,Unknown,EMEA
HD-260629-01182,2026-06-29 13:59,262,2026-07-01 17:32,P4,Network,Switch port,Portal,Mid-Market,Network Ops,Arjun Bhat,Closed,72,51.55,No,None,1,No,,No,Performance issue,Hardware fault,APAC
HD-260527-01454,2026-05-27 20:18,65,,P2,Network,Switch port,Portal,Enterprise,Network Ops,Farah Latif,Pending,8,,No,None,1,Yes,,No,Performance issue,Configuration,EMEA
HD-260630-03047,2026-06-30 14:27,61,2026-07-01 06:31,P4,Hardware,Laptop,Email,SMB,Identity & Access,Zoya Hussain,Closed,72,16.07,No,None,0,No,,No,Service request,Access policy,EMEA
HD-260719-01502,2026-07-19 15:58,176,2026-07-21 05:20,P4,Cloud & SaaS,Application outage,Email,Enterprise,Service Desk L2,Vikram Patel,Resolved,72,37.38,No,None,1,No,4,No,Access request,Hardware fault,EMEA
HD-260601-01910,2026-06-01 12:37,268,2026-06-02 02:54,P4,Performance,High memory,Email,SMB,Identity & Access,Zoya Hussain,Resolved,72,14.29,No,None,0,No,,No,Incident,Unknown,North America
HD-260819-03481,2026-08-19 09:59,179,2026-08-20 08:44,P4,Telephony,Extension,Chat,Mid-Market,Network Ops,Farah Latif,Closed,72,22.75,No,None,0,No,4,No,Service request,Software defect,North America
HD-260504-02224,2026-05-04 11:27,15,2026-05-04 13:04,P1,Cloud & SaaS,SSO,Portal,SMB,Service Desk L2,Vikram Patel,Closed,4,1.62,No,None,1,Yes,,No,Service request,Capacity,APAC
HD-260626-01062,2026-06-26 10:24,41,2026-06-26 19:39,P2,Telephony,Call quality,Email,SMB,Service Desk L2,Sana Rahman,Resolved,8,9.25,Yes,Complex investigation,0,No,3,No,Incident,Configuration,EMEA
HD-260527-01870,2026-05-27 13:50,14,,P2,Access & Identity,Password reset,Portal,SMB,Identity & Access,Zoya Hussain,Open,8,,No,None,1,No,,No,Incident,Software defect,EMEA
HD-260720-01642,2026-07-20 16:40,12,2026-07-20 20:55,P1,Access & Identity,Password reset,Portal,Enterprise,Endpoint Ops,Karan Verma,Resolved,4,4.26,Yes,Escalation delay,0,No,,No,Incident,Software defect,EMEA
HD-260528-01494,2026-05-28 15:24,34,,P3,Performance,High memory,Email,Internal,Service Desk L1,Imran Dar,Pending,24,,No,None,1,No,,No,Service request,Hardware fault,EMEA
HD-260429-01827,2026-04-29 10:22,20,,P2,Endpoint Security,EDR alert,Email,Mid-Market,Identity & Access,Deepak Nair,Pending,8,,No,None,1,Yes,,No,Incident,User error,EMEA
HD-260504-01386,2026-05-04 13:31,153,,P3,,New starter,Email,SMB,Identity & Access,Adil Mir,Open,24,,No,None,0,No,,No,Incident,User error,APAC
HD-260615-04214,2026-06-15 16:23,109,2026-06-16 05:33,P3,Account Provisioning,New starter,Email,Mid-Market,Identity & Access,Farah Latif,Resolved,24,13.17,No,None,0,No,5,No,Incident,Access policy,North America
HD-260717-01938,2026-07-17 11:28,164,2026-07-17 17:43,P3,Performance,Slow device,Phone,Internal,Service Desk L2,Sana Rahman,Resolved,24,6.26,No,None,0,No,4,No,Service request,Access policy,North America
HD-260309-03519,2026-03-09 21:47,17,,P2,Account Provisioning,Access package,Portal,Mid-Market,Identity & Access,Farah Latif,Open,8,,No,None,0,Yes,,No,Incident,Software defect,APAC
HD-260525-01596,2026-05-25 11:49,16,2026-05-26 12:46,P3,Endpoint Security,EDR alert,Email,Internal,Identity & Access,Deepak Nair,Resolved,24,24.95,Yes,Escalation delay,0,No,4,No,How-to,Hardware fault,North America
HD-260416-04425,2026-04-16 13:06,139,2026-04-17 02:05,P3,Hardware,Keyboard/Mouse,Chat,Mid-Market,Business Apps,Neha Thomas,Closed,24,12.99,No,None,0,No,4,No,Performance issue,User error,EMEA
HD-260417-03175,2026-04-17 11:42,207,2026-04-19 04:05,P4,Telephony,Call quality,Email,SMB,Network Ops,Arjun Bhat,Resolved,72,40.39,No,None,0,No,5,Yes,Incident,Configuration,North America
HD-260505-04559,2026-05-05 14:46,124,2026-05-05 20:05,P3,Account Provisioning,Access package,Email,Mid-Market,Identity & Access,Adil Mir,Closed,24,5.32,No,None,0,No,5,No,Performance issue,Network condition,North America
HD-260603-03765,2026-06-03 10:59,39,2026-06-04 08:10,P3,VPN & Remote Access,VPN disconnect,Portal,SMB,Service Desk L2,Meera Joseph,Resolved,24,21.19,No,None,0,No,2,No,Performance issue,Software defect,North America
HD-260416-03410,2026-04-16 12:24,105,2026-04-17 00:06,P3,Access & Identity,Password reset,Portal,Mid-Market,Identity & Access,Nadia Ali,Resolved,24,11.7,No,None,0,No,4,No,Incident,Software defect,North America
HD-260715-02170,2026-07-15 21:18,167,2026-07-16 08:16,P3,Access & Identity,MFA issue,Phone,SMB,Identity & Access,Nadia Ali,Resolved,24,10.97,No,None,0,No,3,No,Performance issue,Unknown,North America
HD-260820-03477,2026-08-20 13:23,174,2026-08-20 21:34,P3,Software & Applications,Version issue,Email,Mid-Market,Service Desk L1,Aisha Khan,Closed,24,8.19,No,None,0,No,4,No,Performance issue,User error,North America
HD-260413-01258,2026-04-13 10:58,153,2026-04-15 00:53,P4,Email & Collaboration,Teams/Meetings,Email,Enterprise,Service Desk L2,Meera Joseph,Resolved,72,37.93,No,None,0,No,4,No,Access request,Network condition,EMEA
HD-260507-01509,2026-05-07 12:51,123,2026-05-10 03:51,P4,Account Provisioning,Role change,Chat,Internal,Identity & Access,Zoya Hussain,Resolved,72,63.01,No,None,0,No,3,No,Incident,Unknown,North America
HD-260612-04314,2026-06-12 17:58,56,2026-06-12 20:40,P2,Network,LAN connectivity,Portal,SMB,Network Ops,Deepak Nair,Resolved,8,2.7,No,None,0,No,5,No,Incident,Access policy,North America
HD-260504-01406,2026-05-04 11:33,24,2026-05-04 15:48,P2,Hardware,Laptop,Phone,Mid-Market,Service Desk L1,Priya Shah,Resolved,8,4.25,No,None,0,Yes,5,No,Service request,User error,APAC
HD-260831-01360,2026-08-31 10:25,7,2026-08-31 15:34,P1,Printing & Peripherals,Peripheral setup,Chat,Enterprise,Service Desk L1,Karan Verma,Closed,4,5.15,Yes,High queue volume,0,Yes,4,No,Performance issue,User error,EMEA
HD-260616-02984,2026-06-16 17:34,80,2026-06-17 07:03,P3,Hardware,Docking station,Chat,Enterprise,Business Apps,Karan Verma,Resolved,24,13.49,No,None,0,No,3,No,Incident,Vendor issue,APAC
HD-260526-04158,2026-05-26 12:24,338,2026-05-28 13:36,P4,Performance,High memory,Portal,SMB,Endpoint Ops,Vikram Patel,Closed,72,49.2,No,None,1,No,,No,Performance issue,Software defect,EMEA
HD-260421-02473,2026-04-21 15:50,171,2026-04-21 21:52,P3,Cloud & SaaS,SSO,Email,SMB,Business Apps,Priya Shah,Closed,24,6.04,No,None,1,No,3,No,How-to,Hardware fault,EMEA
HD-260415-02238,2026-04-15 12:57,19,2026-04-16 06:18,P3,Email & Collaboration,Teams/Meetings,Phone,Mid-Market,Business Apps,Priya Shah,Closed,24,17.36,No,None,0,No,2,No,Incident,User error,North America
HD-260702-04467,2026-07-02 17:36,86,2026-07-03 10:02,P3,Cloud & SaaS,SSO,Portal,Mid-Market,Business Apps,Karan Verma,Resolved,24,16.44,No,None,2,No,4,No,Incident,Network condition,EMEA
HD-260430-01144,2026-04-30 08:20,39,2026-04-30 10:38,P2,VPN & Remote Access,Remote desktop,Chat,SMB,Service Desk L2,Vikram Patel,Resolved,8,2.31,No,None,0,Yes,,No,Incident,Network condition,APAC
HD-260316-04035,2026-03-16 09:51,165,2026-03-16 21:32,P3,Performance,Disk space,Portal,Mid-Market,Endpoint Ops,Vikram Patel,Closed,24,11.69,No,None,0,No,5,No,Incident,Configuration,EMEA
HD-260424-03310,2026-04-24 11:54,303,2026-04-25 15:10,P4,Account Provisioning,New starter,Phone,Mid-Market,Endpoint Ops,Neha Thomas,Closed,72,27.28,No,None,1,No,5,No,Service request,Capacity,North America
HD-260723-01313,2026-07-23 11:38,203,2026-07-24 17:03,P4,Email & Collaboration,Distribution list,Portal,Mid-Market,Endpoint Ops,Neha Thomas,Resolved,72,29.43,No,None,1,No,,No,Service request,Configuration,North America
HD-260619-04347,2026-06-19 13:24,44,2026-06-19 17:43,P2,Software & Applications,Version issue,Phone,SMB,Business Apps,Karan Verma,Resolved,8,4.32,No,None,1,No,4,No,Service request,Configuration,North America
HD-260304-02999,2026-03-04 13:34,3,2026-03-04 19:55,P1,Account Provisioning,Access package,Chat,SMB,Identity & Access,Farah Latif,Resolved,4,6.36,Yes,High queue volume,0,No,4,Yes,Service request,Software defect,EMEA
HD-260717-03869,2026-07-17 12:45,297,2026-07-18 14:56,P4,Telephony,Call quality,Phone,SMB,Service Desk L2,Sana Rahman,Resolved,72,26.19,No,None,0,No,4,No,Incident,User error,North America
HD-260810-04495,2026-08-10 09:47,112,2026-08-10 17:14,P3,Telephony,Headset,Email,Enterprise,Network Ops,Deepak Nair,Resolved,24,7.46,No,None,0,No,,No,Access request,Capacity,North America
HD-260825-03307,2026-08-25 11:12,46,2026-08-25 14:06,P2,Hardware,Docking station,Chat,Mid-Market,Service Desk L1,Karan Verma,Closed,8,2.91,No,None,0,No,4,No,Incident,Access policy,North America
HD-260317-04282,2026-03-17 11:17,140,2026-03-17 21:45,P3,Performance,Slow device,Portal,Mid-Market,Identity & Access,Deepak Nair,Resolved,24,10.47,No,None,0,No,4,No,Incident,Network condition,EMEA
HD-260324-04100,2026-03-24 18:23,40,,P3,Network,Wi-Fi,Portal,SMB,Network Ops,Deepak Nair,Pending,24,,No,None,0,No,,No,Service request,User error,EMEA
HD-260416-03576,2026-04-16 10:34,15,2026-04-16 15:37,P1,Network,DNS/DHCP,Chat,Mid-Market,Network Ops,Zoya Hussain,Closed,4,5.05,Yes,Vendor response,1,Yes,4,No,Service request,Configuration,North America
HD-260306-01968,2026-03-06 09:00,134,2026-03-07 03:51,P4,Hardware,Docking station,Chat,Mid-Market,Service Desk L2,Arjun Bhat,Resolved,72,18.85,No,None,0,No,5,No,Incident,Network condition,APAC
HD-260806-03309,2026-08-06 17:38,43,2026-08-07 15:05,P3,Performance,Disk space,Email,Mid-Market,Endpoint Ops,Neha Thomas,Resolved,24,21.45,No,None,1,No,3,No,Incident,Configuration,EMEA
HD-260320-01006,2026-03-20 13:29,84,2026-03-21 08:50,P3,Software & Applications,Version issue,Portal,Enterprise,Business Apps,Karan Verma,Closed,24,19.35,No,None,1,No,3,No,Access request,Access policy,EMEA
HD-260416-04567,2026-04-16 19:37,56,2026-04-17 16:20,P3,Printing & Peripherals,Print queue,Email,Mid-Market,Service Desk L1,Aisha Khan,Resolved,24,20.73,No,None,0,No,3,No,Incident,Capacity,North America
HD-260720-02152,2026-07-20 16:48,16,2026-07-20 19:11,P1,Telephony,Call quality,Chat,Internal,Network Ops,Farah Latif,Closed,4,2.39,No,None,0,No,3,No,Access request,Vendor issue,EMEA
HD-260615-04024,2026-06-15 16:06,82,2026-06-16 05:16,P3,Hardware,Keyboard/Mouse,Email,Internal,Service Desk L1,Priya Shah,Resolved,24,13.17,No,None,2,No,4,No,Service request,Network condition,North America
HD-260803-01141,2026-08-03 13:00,173,2026-08-03 22:09,P3,Telephony,Softphone,Chat,Mid-Market,Service Desk L2,Sana Rahman,Resolved,24,9.16,No,None,0,Yes,4,No,How-to,Software defect,APAC
HD-260625-01136,2026-06-25 10:16,130,2026-06-28 05:07,P4,Performance,High memory,Chat,Mid-Market,Endpoint Ops,Sana Rahman,Closed,72,66.86,No,None,0,No,2,No,Incident,Access policy,North America
HD-260428-01511,2026-04-28 09:55,48,2026-04-28 14:44,P2,VPN & Remote Access,VPN disconnect,Portal,Internal,Network Ops,Zoya Hussain,Resolved,8,4.83,No,None,0,No,4,No,Performance issue,Network condition,EMEA
HD-260701-01547,2026-07-01 14:52,151,2026-07-01 21:26,P3,Access & Identity,Account locked,Portal,Enterprise,Service Desk L1,Imran Dar,Closed,24,6.57,No,None,0,No,3,No,Performance issue,User error,APAC
HD-260506-03286,2026-05-06 11:51,116,,P3,Telephony,Extension,Portal,Mid-Market,Service Desk L2,Vikram Patel,Pending,24,,No,None,0,No,,No,Incident,Configuration,EMEA
HD-260310-04578,2026-03-10 13:14,309,2026-03-11 08:23,P4,Network,Switch port,Portal,Enterprise,Network Ops,Zoya Hussain,Closed,72,19.15,No,None,0,No,,No,Incident,Vendor issue,APAC
HD-260624-01832,2026-06-24 08:05,8,2026-06-24 10:57,P2,Cloud & SaaS,Application outage,Email,SMB,Service Desk L2,Vikram Patel,Resolved,8,2.88,No,None,1,No,5,No,Service request,Software defect,North America
HD-260715-01777,2026-07-15 08:00,88,2026-07-16 03:06,P3,Endpoint Security,Security policy,Portal,SMB,Service Desk L1,Aisha Khan,Closed,24,19.11,No,None,0,No,4,No,Access request,Capacity,North America
HD-260618-03754,2026-06-18 11:25,16,2026-06-18 21:11,P2,Access & Identity,Password reset,Portal,Internal,Endpoint Ops,Vikram Patel,Resolved,8,9.77,Yes,High queue volume,1,No,3,No,Incident,Configuration,EMEA
HD-260722-03895,2026-07-22 13:23,212,,P4,VPN & Remote Access,VPN login,Portal,Enterprise,Network Ops,Arjun Bhat,Pending,72,,No,None,1,No,,No,How-to,Vendor issue,APAC
HD-260602-03974,2026-06-02 13:40,26,2026-06-02 18:05,P2,Network,Wi-Fi,Portal,Internal,Network Ops,Zoya Hussain,Resolved,8,4.43,No,None,0,No,3,Yes,How-to,User error,North America
HD-260803-02480,2026-08-03 10:55,28,2026-08-03 15:22,P2,Cloud & SaaS,Subscription,Portal,Mid-Market,Business Apps,Karan Verma,Resolved,8,4.45,No,None,0,No,4,No,Performance issue,User error,North America
HD-260622-02426,2026-06-22 11:28,16,2026-06-22 13:44,P2,Printing & Peripherals,Printer offline,Portal,Internal,Service Desk L1,Aisha Khan,Closed,8,2.27,No,None,0,Yes,4,No,Incident,User error,North America
HD-260804-01617,2026-08-04 09:58,173,2026-08-04 19:37,P3,Email & Collaboration,Distribution list,Phone,Mid-Market,Service Desk L1,Aisha Khan,Closed,24,9.66,No,None,0,No,5,No,Access request,Software defect,APAC
HD-260821-01677,2026-08-21 10:43,101,2026-08-21 20:26,P3,Hardware,Monitor,Chat,Enterprise,Endpoint Ops,Karan Verma,Closed,24,9.72,No,None,1,No,4,No,How-to,Hardware fault,North America
HD-260618-04415,2026-06-18 16:46,149,2026-06-19 23:36,P4,VPN & Remote Access,VPN disconnect,Email,Mid-Market,Network Ops,Deepak Nair,Resolved,72,30.84,No,None,0,No,4,No,Incident,User error,APAC
HD-260710-01098,2026-07-10 15:51,8,2026-07-10 18:04,P2,Access & Identity,MFA issue,Portal,Enterprise,Service Desk L1,Priya Shah,Closed,8,2.23,No,None,0,No,4,No,Incident,User error,APAC
HD-260610-02939,2026-06-10 13:47,44,,P2,Hardware,Keyboard/Mouse,Portal,Internal,Business Apps,Imran Dar,Pending,8,,No,None,0,No,,Yes,Service request,Network condition,North America
HD-260318-03520,2026-03-18 11:25,44,2026-03-19 10:56,P3,Hardware,Keyboard/Mouse,Phone,SMB,Service Desk L1,Priya Shah,Resolved,24,23.52,No,None,0,No,4,No,Service request,Vendor issue,EMEA
HD-260421-01893,2026-04-21 10:54,53,2026-04-21 19:23,P2,Endpoint Security,Security policy,Chat,Enterprise,Service Desk L1,Imran Dar,Resolved,8,8.49,Yes,High queue volume,1,No,2,No,Service request,Vendor issue,APAC
HD-260601-01607,2026-06-01 18:54,43,2026-06-02 03:39,P2,Access & Identity,Account locked,Portal,Internal,Identity & Access,Deepak Nair,Resolved,8,8.75,Yes,Complex investigation,0,No,2,No,Access request,Configuration,EMEA
HD-260327-03379,2026-03-27 12:38,194,2026-03-28 10:41,P4,Hardware,Keyboard/Mouse,Phone,Enterprise,Identity & Access,Nadia Ali,Closed,72,22.06,No,None,0,No,5,No,Performance issue,Network condition,APAC
HD-260406-04366,2026-04-06 15:04,183,2026-04-07 05:20,P4,Endpoint Security,Security policy,Chat,Mid-Market,Identity & Access,Nadia Ali,Closed,72,14.28,No,None,0,No,3,No,Incident,Configuration,North America
HD-260819-04269,2026-08-19 11:51,75,,P4,Access & Identity,Account locked,Phone,SMB,Service Desk L1,Neha Thomas,Pending,72,,No,None,0,Yes,,No,Performance issue,Hardware fault,North America
HD-260810-03403,2026-08-10 11:34,19,2026-08-10 13:28,P1,Performance,Disk space,Portal,Enterprise,Service Desk L2,Meera Joseph,Closed,4,1.91,No,None,1,No,,No,Service request,Access policy,EMEA
HD-260630-01292,2026-06-30 12:57,188,2026-07-02 04:46,P4,Endpoint Security,Security policy,Chat,Mid-Market,Service Desk L1,Imran Dar,Closed,72,39.83,No,None,0,No,5,No,Incident,Network condition,EMEA
HD-260325-04093,2026-03-25 12:17,164,2026-03-26 02:45,P3,Account Provisioning,Role change,Chat,Enterprise,Service Desk L1,Priya Shah,Resolved,24,14.47,No,None,0,No,3,No,How-to,User error,APAC
HD-260730-03233,2026-07-30 08:28,21,2026-07-30 19:06,P3,Software & Applications,Installation,Portal,Mid-Market,Business Apps,Sana Rahman,Closed,24,10.64,No,None,1,No,3,No,How-to,Network condition,APAC
HD-260325-02458,2026-03-25 14:42,136,,P3,Account Provisioning,Role change,Email,Mid-Market,Service Desk L1,Neha Thomas,Open,24,,No,None,0,No,,No,Access request,Access policy,North America
HD-260603-01755,2026-06-03 13:29,229,2026-06-05 11:47,P4,Account Provisioning,Role change,Portal,Enterprise,Identity & Access,Deepak Nair,Resolved,72,46.31,No,None,0,No,3,No,Service request,Software defect,EMEA
HD-260710-01073,2026-07-10 16:31,131,2026-07-10 22:05,P3,Endpoint Security,Security policy,Email,Mid-Market,Identity & Access,Deepak Nair,Closed,24,5.58,No,None,1,No,,No,Incident,User error,North America
HD-260513-03762,2026-05-13 11:41,276,2026-05-16 03:27,P4,Email & Collaboration,Mailbox,Chat,Enterprise,Service Desk L2,Meera Joseph,Resolved,72,63.78,No,None,0,No,,No,Performance issue,Network condition,APAC
HD-260504-04114,2026-05-04 18:05,110,2026-05-05 13:09,P3,Cloud & SaaS,SSO,Email,Mid-Market,Business Apps,Imran Dar,Closed,24,19.08,No,None,0,No,3,No,Access request,Software defect,North America
HD-260326-03232,2026-03-26 10:08,146,2026-03-27 07:22,P4,Telephony,Headset,Email,SMB,Service Desk L2,Arjun Bhat,Resolved,72,21.24,No,None,0,No,4,No,Performance issue,User error,EMEA
HD-260505-01238,2026-05-05 09:13,228,2026-05-07 14:51,P4,Endpoint Security,Malware check,Portal,SMB,Service Desk L1,Rohan Mehta,Resolved,72,53.64,No,None,0,No,3,No,Incident,Software defect,EMEA
HD-260716-01955,2026-07-16 18:38,131,2026-07-17 00:14,P3,Hardware,Laptop,Phone,SMB,Service Desk L1,Aisha Khan,Resolved,24,5.61,No,None,3,No,,No,Access request,Software defect,APAC
HD-260303-01307,2026-03-03 12:03,138,2026-03-04 02:43,P4,Account Provisioning,Access package,Phone,Internal,Endpoint Ops,Karan Verma,Closed,72,14.68,No,None,1,No,5,No,Incident,Software defect,EMEA
HD-260527-03317,2026-05-27 12:06,352,2026-05-28 18:15,P4,Network,LAN connectivity,Phone,Internal,Service Desk L2,Vikram Patel,Resolved,72,30.15,No,None,3,No,5,Yes,Service request,Software defect,APAC
HD-260612-02485,2026-06-12 13:03,40,2026-06-12 17:22,P2,VPN & Remote Access,Split tunnel,Phone,SMB,Network Ops,Zoya Hussain,Closed,8,4.32,No,None,0,No,5,Yes,Incident,Configuration,North America
HD-260611-02601,2026-06-11 14:01,267,,P4,Network,LAN connectivity,Email,SMB,Network Ops,Zoya Hussain,Open,72,,No,None,1,No,,No,Incident,Vendor issue,North America
HD-260302-02639,2026-03-02 09:47,149,2026-03-02 20:47,P3,Account Provisioning,Offboarding,Chat,SMB,Endpoint Ops,Sana Rahman,Resolved,24,11.01,No,None,0,No,,No,How-to,Configuration,North America
HD-260525-04152,2026-05-25 12:07,196,2026-05-26 05:28,P4,Software & Applications,Installation,Portal,Mid-Market,Service Desk L2,Vikram Patel,Closed,72,17.35,No,None,0,No,4,No,Service request,User error,North America
HD-260616-02568,2026-06-16 15:23,80,2026-06-17 14:05,P3,Network,DNS/DHCP,Email,Mid-Market,Network Ops,Deepak Nair,Closed,24,22.71,No,None,0,No,4,No,Service request,Capacity,APAC
HD-260817-03817,2026-08-17 17:02,49,2026-08-18 09:26,P3,Telephony,Softphone,Chat,SMB,Service Desk L2,Vikram Patel,Resolved,24,16.4,No,None,0,No,3,No,How-to,User error,APAC
HD-260813-04583,2026-08-13 14:12,123,2026-08-14 21:20,P4,Hardware,Docking station,Email,Enterprise,Endpoint Ops,Neha Thomas,Resolved,72,31.14,No,None,0,No,4,No,Incident,User error,North America
HD-260407-03139,2026-04-07 14:14,84,2026-04-08 22:11,P4,Network,LAN connectivity,Chat,SMB,Network Ops,Deepak Nair,Resolved,72,31.96,No,None,0,No,4,No,Incident,Vendor issue,EMEA
HD-260416-04128,2026-04-16 17:32,146,2026-04-19 07:18,P4,VPN & Remote Access,Split tunnel,Email,Internal,Network Ops,Zoya Hussain,Closed,72,61.78,No,None,0,No,4,No,Service request,Configuration,North America
HD-260819-03421,2026-08-19 15:07,30,2026-08-19 20:23,P2,Software & Applications,License,Portal,Mid-Market,Business Apps,Priya Shah,Resolved,8,5.27,No,None,0,No,4,No,Incident,User error,EMEA
HD-260408-03970,2026-04-08 15:40,165,2026-04-09 16:08,P3,Hardware,Laptop,Email,Enterprise,Service Desk L2,Vikram Patel,Resolved,24,24.48,Yes,Vendor response,1,No,4,No,Service request,Configuration,APAC
HD-260504-02324,2026-05-04 10:38,56,2026-05-04 18:48,P3,Printing & Peripherals,Scanner,Portal,Mid-Market,Business Apps,Imran Dar,Resolved,24,8.18,No,None,2,No,5,No,Service request,Capacity,APAC
HD-260423-02923,2026-04-23 14:19,64,2026-04-23 21:37,P3,VPN & Remote Access,VPN disconnect,Chat,Enterprise,Network Ops,Zoya Hussain,Resolved,24,7.3,No,None,2,No,5,No,Service request,Access policy,North America
HD-260402-03735,2026-04-02 12:52,30,2026-04-02 15:07,P2,Performance,High CPU,Portal,Enterprise,Service Desk L1,Aisha Khan,Resolved,8,2.26,No,None,0,No,3,No,Access request,User error,North America
HD-260821-02847,2026-08-21 12:46,23,2026-08-21 18:41,P2,Network,LAN connectivity,Email,Enterprise,Service Desk L2,Meera Joseph,Closed,8,5.93,No,None,0,Yes,3,No,Performance issue,Capacity,APAC
HD-260417-04383,2026-04-17 21:50,193,,P4,Account Provisioning,Access package,Phone,SMB,Identity & Access,Zoya Hussain,Open,72,,No,None,1,No,,No,Incident,Vendor issue,EMEA
HD-260803-01069,2026-08-03 08:21,114,2026-08-03 16:16,P3,Endpoint Security,EDR alert,Email,Enterprise,Identity & Access,Zoya Hussain,Closed,24,7.93,No,None,0,No,3,No,Service request,Vendor issue,North America
HD-260601-04167,2026-06-01 15:38,298,2026-06-04 00:34,P4,Account Provisioning,New starter,Phone,SMB,Identity & Access,Deepak Nair,Resolved,72,56.94,No,None,0,No,2,No,Incident,Vendor issue,EMEA
HD-260622-02904,2026-06-22 10:41,307,,P4,Cloud & SaaS,Application outage,Email,Enterprise,Business Apps,Neha Thomas,Pending,72,,No,None,1,No,,No,Performance issue,Access policy,APAC
HD-260604-03169,2026-06-04 15:47,142,2026-06-05 15:21,P3,Telephony,Headset,Chat,SMB,Service Desk L2,Arjun Bhat,Closed,24,23.57,No,None,0,No,4,Yes,Access request,User error,APAC
HD-260818-01395,2026-08-18 10:02,314,2026-08-19 02:03,P4,Access & Identity,Password reset,Email,SMB,Identity & Access,Deepak Nair,Resolved,72,16.02,No,None,0,No,3,No,Incident,Capacity,APAC
HD-260529-03941,2026-05-29 09:11,10,2026-05-29 15:15,P1,Hardware,Monitor,Portal,Mid-Market,Identity & Access,Zoya Hussain,Resolved,4,6.08,Yes,Complex investigation,0,No,3,No,Service request,Software defect,EMEA
HD-260819-01712,2026-08-19 08:37,34,2026-08-20 06:44,P4,VPN & Remote Access,VPN disconnect,Chat,SMB,Network Ops,Zoya Hussain,Resolved,72,22.12,No,None,0,No,4,No,Service request,Unknown,North America
HD-260525-01595,2026-05-25 14:44,103,2026-05-25 21:46,P3,Performance,Slow device,Chat,Enterprise,Endpoint Ops,Karan Verma,Resolved,24,7.04,No,None,0,No,3,No,Access request,Software defect,EMEA
HD-260521-03719,2026-05-21 10:46,315,2026-05-22 02:20,P4,Network,DNS/DHCP,Email,Mid-Market,Network Ops,Zoya Hussain,Resolved,72,15.58,No,None,1,No,5,No,Incident,Unknown,APAC
HD-260731-02545,2026-07-31 17:51,73,2026-08-03 10:21,P4,Account Provisioning,Access package,Phone,SMB,Identity & Access,Zoya Hussain,Resolved,72,64.5,No,None,0,No,4,No,Incident,Software defect,APAC
HD-260415-01379,2026-04-15 13:31,290,2026-04-17 18:01,P4,Network,LAN connectivity,Chat,Enterprise,Network Ops,Arjun Bhat,Closed,72,52.51,No,None,0,No,4,No,Service request,Access policy,APAC
HD-260715-01372,2026-07-15 16:35,13,2026-07-15 18:09,P1,Email & Collaboration,Distribution list,Chat,Enterprise,Service Desk L1,Imran Dar,Closed,4,1.57,No,None,0,No,3,Yes,Incident,User error,North America
HD-260710-03150,2026-07-10 15:54,26,2026-07-10 21:21,P2,Account Provisioning,New starter,Chat,Mid-Market,Service Desk L1,Rohan Mehta,Resolved,8,5.45,No,None,1,No,4,No,Incident,Network condition,EMEA
HD-260826-03656,2026-08-26 19:16,56,2026-08-27 09:23,P3,Cloud & SaaS,Application outage,Chat,SMB,Business Apps,Imran Dar,Resolved,24,14.12,No,None,0,No,2,No,Service request,Configuration,EMEA
HD-260402-01669,2026-04-02 09:53,34,2026-04-02 14:39,P2,Cloud & SaaS,Integration,Chat,Enterprise,Service Desk L1,Rohan Mehta,Closed,8,4.77,No,None,0,No,3,No,Incident,Software defect,EMEA
HD-260309-01866,2026-03-09 15:34,62,2026-03-09 23:01,P3,Network,Switch port,Chat,Mid-Market,Network Ops,Zoya Hussain,Resolved,24,7.46,No,None,0,No,4,No,Incident,Software defect,North America
HD-260619-02579,2026-06-19 16:41,162,2026-06-20 11:03,P4,Software & Applications,Version issue,Portal,Enterprise,Service Desk L2,Sana Rahman,Resolved,72,18.38,No,None,1,No,4,No,Performance issue,Capacity,EMEA
HD-260826-02990,2026-08-26 13:19,70,2026-08-27 00:44,P3,Access & Identity,Password reset,Email,SMB,Identity & Access,Adil Mir,Closed,24,11.42,No,None,0,No,3,No,Incident,Unknown,APAC
HD-260820-04274,2026-08-20 16:06,51,,P2,Account Provisioning,Role change,Email,Enterprise,Identity & Access,Zoya Hussain,Pending,8,,No,None,0,No,,No,Incident,User error,North America
HD-260624-04340,2026-06-24 10:32,129,2026-06-24 17:29,P3,Endpoint Security,Security policy,Portal,Internal,Endpoint Ops,Neha Thomas,Closed,24,6.96,No,None,0,No,4,Yes,Access request,Software defect,APAC
HD-260321-02042,2026-03-21 09:30,173,2026-03-22 09:27,P3,Endpoint Security,EDR alert,Chat,Enterprise,Identity & Access,Nadia Ali,Closed,24,23.95,No,None,0,No,4,No,Service request,Configuration,North America
HD-260827-01013,2026-08-27 18:09,176,2026-08-28 10:25,P4,Endpoint Security,Device compliance,Portal,Mid-Market,Identity & Access,Farah Latif,Resolved,72,16.27,No,None,2,No,4,Yes,Access request,Access policy,North America
HD-260414-03739,2026-04-14 10:45,164,,P4,VPN & Remote Access,Split tunnel,Email,Enterprise,Network Ops,Farah Latif,Pending,72,,No,None,1,No,,No,Service request,Network condition,EMEA
HD-260825-02895,2026-08-25 11:01,118,2026-08-26 11:02,P3,Software & Applications,Version issue,Chat,SMB,Service Desk L1,Karan Verma,Resolved,24,24.02,Yes,Dependency delay,0,No,3,No,Incident,Hardware fault,North America
HD-260518-01296,2026-05-18 08:55,39,2026-05-18 23:14,P3,Cloud & SaaS,Subscription,Email,Enterprise,Business Apps,Karan Verma,Resolved,24,14.32,No,None,2,No,3,No,Service request,Configuration,North America
HD-260528-02649,2026-05-28 20:36,41,2026-05-31 02:40,P4,Endpoint Security,Device compliance,Chat,Mid-Market,Service Desk L1,Rohan Mehta,Closed,72,54.07,No,None,1,No,3,No,Incident,Network condition,North America
HD-260515-04019,2026-05-15 08:07,94,2026-05-15 15:25,P3,Email & Collaboration,Mailbox,Portal,Enterprise,Service Desk L1,Imran Dar,Resolved,24,7.3,No,None,0,No,4,No,Service request,Capacity,APAC
HD-260507-01162,2026-05-07 16:11,254,2026-05-10 12:44,P4,Cloud & SaaS,Integration,Email,Mid-Market,Business Apps,Sana Rahman,Resolved,72,68.56,No,None,0,No,3,No,Service request,Software defect,EMEA
HD-260408-01689,2026-04-08 11:30,42,2026-04-09 05:15,P3,Network,DNS/DHCP,Email,Enterprise,Network Ops,Arjun Bhat,Resolved,24,17.75,No,None,2,No,,No,Service request,Configuration,EMEA
HD-260817-04334,2026-08-17 16:05,19,2026-08-18 01:24,P2,Email & Collaboration,Teams/Meetings,Portal,Mid-Market,Identity & Access,Nadia Ali,Resolved,8,9.33,Yes,Complex investigation,0,No,3,Yes,Service request,User error,North America
HD-260625-03868,2026-06-25 12:10,177,2026-06-25 18:41,P3,Endpoint Security,Malware check,Phone,Mid-Market,Service Desk L1,Imran Dar,Closed,24,6.53,No,None,0,No,4,No,Service request,Capacity,North America
HD-260430-04590,2026-04-30 13:28,272,2026-05-01 17:02,P4,Access & Identity,Account locked,Portal,Enterprise,Endpoint Ops,Neha Thomas,Resolved,72,27.58,No,None,1,No,4,No,Service request,Configuration,North America
HD-260813-01693,2026-08-13 08:37,141,2026-08-15 19:45,P4,Telephony,Headset,Email,Mid-Market,Network Ops,Deepak Nair,Resolved,72,59.14,No,None,1,No,3,No,Incident,Network condition,APAC
HD-260330-03419,2026-03-30 14:09,39,2026-03-30 19:34,P2,Printing & Peripherals,Printer offline,Chat,Mid-Market,Service Desk L1,Imran Dar,Closed,8,5.43,No,None,0,No,3,No,Performance issue,Unknown,North America
HD-260722-03323,2026-07-22 10:26,228,2026-07-23 09:36,P4,Access & Identity,Account locked,Phone,SMB,Identity & Access,Zoya Hussain,Closed,72,23.17,No,None,0,No,3,No,Service request,Software defect,North America
HD-260523-01400,2026-05-23 12:04,278,2026-05-25 05:02,P4,Hardware,Keyboard/Mouse,Email,Mid-Market,Endpoint Ops,Vikram Patel,Resolved,72,40.98,No,None,0,No,4,No,Incident,Software defect,EMEA
HD-260629-03091,2026-06-29 18:54,107,,P4,Hardware,Laptop,Portal,SMB,Business Apps,Karan Verma,Open,72,,No,None,0,No,,No,Incident,Network condition,North America
HD-260707-01793,2026-07-07 17:11,106,2026-07-08 03:15,P3,Printing & Peripherals,Scanner,Email,SMB,Business Apps,Karan Verma,Resolved,24,10.07,No,None,2,No,3,No,Incident,Hardware fault,EMEA
HD-260407-03043,2026-04-07 11:03,8,2026-04-07 16:40,P2,Performance,High CPU,Portal,Mid-Market,Service Desk L2,Arjun Bhat,Closed,8,5.63,No,None,0,No,3,No,Incident,Access policy,North America
HD-260716-01321,2026-07-16 11:15,47,2026-07-16 13:53,P2,Software & Applications,Version issue,Email,Enterprise,Service Desk L2,Arjun Bhat,Closed,8,2.64,No,None,2,No,3,No,Access request,User error,EMEA
HD-260723-01304,2026-07-23 17:46,68,2026-07-26 08:39,P4,Account Provisioning,Role change,Chat,Internal,Identity & Access,Nadia Ali,Closed,72,62.89,No,None,1,No,3,Yes,Incident,Access policy,North America
HD-260525-04032,2026-05-25 11:17,148,2026-05-25 19:02,P3,Cloud & SaaS,Subscription,Portal,Enterprise,Business Apps,Imran Dar,Resolved,24,7.75,No,None,1,No,3,No,Incident,Configuration,North America
HD-260604-04099,2026-06-04 11:57,58,,P3,Access & Identity,MFA issue,Email,Enterprise,Identity & Access,Farah Latif,Pending,24,,No,None,0,Yes,,No,Incident,Vendor issue,APAC
HD-260427-04569,2026-04-27 16:43,79,2026-04-30 13:25,P4,Hardware,Docking station,Phone,Enterprise,Service Desk L1,Rohan Mehta,Resolved,72,68.71,No,None,0,No,,No,Access request,Software defect,APAC
HD-260629-01185,2026-06-29 09:55,110,2026-06-29 15:31,P3,Endpoint Security,Malware check,Email,SMB,Identity & Access,Deepak Nair,Resolved,24,5.6,No,None,1,No,3,No,Performance issue,Software defect,EMEA
HD-260825-02249,2026-08-25 12:41,162,2026-08-25 19:44,P3,Software & Applications,Version issue,Email,Enterprise,Business Apps,Sana Rahman,Resolved,24,7.06,No,None,0,No,5,No,Incident,Hardware fault,EMEA
HD-260409-03455,2026-04-09 14:52,10,2026-04-09 17:18,P2,VPN & Remote Access,Split tunnel,Portal,Enterprise,Service Desk L2,Meera Joseph,Resolved,8,2.44,No,None,0,Yes,4,No,Performance issue,Access policy,North America
HD-260506-01727,2026-05-06 11:19,22,2026-05-06 16:39,P3,Software & Applications,Installation,Chat,Mid-Market,Business Apps,Karan Verma,Resolved,24,5.34,No,None,3,No,4,Yes,Service request,Configuration,APAC
HD-260625-04475,2026-06-25 18:59,158,2026-06-26 10:29,P4,Network,Switch port,Chat,Internal,Network Ops,Arjun Bhat,Resolved,72,15.51,No,None,1,No,,No,Service request,Capacity,EMEA
HD-260515-01745,2026-05-15 15:47,4,2026-05-15 17:06,P1,Hardware,Laptop,Portal,Mid-Market,Business Apps,Karan Verma,Resolved,4,1.33,No,None,0,No,4,No,Incident,User error,EMEA
HD-260629-03355,2026-06-29 15:53,132,2026-06-30 12:59,P3,Network,LAN connectivity,Portal,Mid-Market,Network Ops,Zoya Hussain,Resolved,24,21.11,No,None,0,No,4,No,Incident,Capacity,APAC
HD-260518-02430,2026-05-18 14:49,16,2026-05-19 03:31,P3,Software & Applications,Application error,Phone,Mid-Market,Service Desk L2,Meera Joseph,Resolved,24,12.71,No,None,0,No,,No,How-to,Configuration,APAC
HD-260526-01245,2026-05-26 12:35,89,2026-05-27 09:19,P3,Telephony,Headset,Chat,Mid-Market,Service Desk L2,Arjun Bhat,Resolved,24,20.74,No,None,0,No,,Yes,Performance issue,User error,North America
HD-260306-04354,2026-03-06 17:50,141,,P3,Endpoint Security,EDR alert,Email,SMB,Service Desk L1,Aisha Khan,Pending,24,,No,None,1,No,,No,Service request,Configuration,EMEA
HD-260408-04260,2026-04-08 15:54,24,2026-04-09 00:54,P2,Printing & Peripherals,Peripheral setup,Chat,Internal,Service Desk L2,Sana Rahman,Closed,8,9.01,Yes,Escalation delay,0,Yes,3,No,Access request,Software defect,North America
HD-260408-02536,2026-04-08 10:04,85,2026-04-09 11:28,P3,VPN & Remote Access,VPN login,Phone,SMB,Network Ops,Farah Latif,Resolved,24,25.4,Yes,Dependency delay,0,No,,No,Access request,Access policy,North America
HD-260619-03708,2026-06-19 13:45,130,,P3,Software & Applications,License,Portal,Internal,Service Desk L1,Rohan Mehta,Pending,24,,No,None,1,No,,No,Incident,Vendor issue,APAC
HD-260813-02740,2026-08-13 12:24,92,2026-08-14 08:09,P4,Account Provisioning,Role change,Portal,SMB,Identity & Access,Adil Mir,Resolved,72,19.75,No,None,0,No,3,No,Incident,Hardware fault,EMEA
HD-260406-03185,2026-04-06 18:55,238,2026-04-07 12:31,P4,Printing & Peripherals,Printer offline,Portal,Mid-Market,Identity & Access,Zoya Hussain,Closed,72,17.6,No,None,0,Yes,4,No,Incident,Configuration,EMEA
HD-260420-01124,2026-04-20 15:27,89,2026-04-21 00:44,P3,Endpoint Security,Security policy,Chat,Internal,Identity & Access,Nadia Ali,Resolved,24,9.29,No,None,1,No,4,No,Performance issue,Software defect,APAC
HD-260324-02583,2026-03-24 10:11,119,2026-03-24 19:23,P3,,Print queue,Portal,SMB,Service Desk L1,Rohan Mehta,Resolved,24,9.2,No,None,0,No,5,No,Incident,Software defect,APAC
HD-260622-04392,2026-06-22 10:07,186,2026-06-24 18:24,P4,VPN & Remote Access,Split tunnel,Email,Mid-Market,Network Ops,Deepak Nair,Resolved,72,56.29,No,None,0,No,3,No,Access request,Configuration,APAC
HD-260410-02072,2026-04-10 14:11,33,2026-04-10 21:52,P3,Endpoint Security,Malware check,Email,SMB,Identity & Access,Zoya Hussain,Closed,24,7.69,No,None,0,No,5,No,Service request,Access policy,EMEA
HD-260805-03696,2026-08-05 15:22,69,2026-08-07 11:32,P4,Performance,High CPU,Email,Enterprise,Business Apps,Neha Thomas,Closed,72,44.18,No,None,0,No,2,No,Service request,Configuration,APAC
HD-260302-04189,2026-03-02 16:46,17,2026-03-02 21:01,P1,Cloud & SaaS,Application outage,Portal,Mid-Market,Business Apps,Priya Shah,Resolved,4,4.26,Yes,Vendor response,0,No,4,No,Incident,Capacity,EMEA
HD-260623-02246,2026-06-23 11:51,72,2026-06-23 19:56,P3,Printing & Peripherals,Print queue,Portal,Enterprise,Network Ops,Deepak Nair,Closed,24,8.09,No,None,0,No,4,No,Service request,User error,EMEA
HD-260616-02838,2026-06-16 16:37,133,2026-06-17 05:10,P3,Hardware,Laptop,Chat,Mid-Market,Service Desk L2,Arjun Bhat,Closed,24,12.55,No,None,0,No,4,No,How-to,Configuration,North America
HD-260419-02148,2026-04-19 13:02,68,2026-04-19 20:00,P3,Cloud & SaaS,Application outage,Chat,Mid-Market,Service Desk L2,Arjun Bhat,Closed,24,6.98,No,None,1,No,5,No,Incident,Hardware fault,EMEA
HD-260504-03051,2026-05-04 15:07,14,2026-05-04 23:52,P2,Email & Collaboration,Mailbox,Email,SMB,Service Desk L1,Imran Dar,Resolved,8,8.76,Yes,High queue volume,0,No,3,No,Incident,Hardware fault,APAC
HD-260317-01713,2026-03-17 11:19,100,,P3,Hardware,Docking station,Phone,Mid-Market,Service Desk L1,Aisha Khan,Open,24,,No,None,0,No,,No,Incident,Hardware fault,North America
HD-260506-01029,2026-05-06 08:42,66,2026-05-06 14:11,P3,Printing & Peripherals,Printer offline,Portal,Mid-Market,Business Apps,Imran Dar,Closed,24,5.49,No,None,0,No,3,No,Incident,Configuration,APAC
HD-260623-04245,2026-06-23 12:37,71,2026-06-23 23:30,P3,Telephony,Call quality,Email,Enterprise,Service Desk L2,Vikram Patel,Closed,24,10.89,No,None,0,No,4,No,Service request,Configuration,North America
HD-260316-03982,2026-03-16 09:39,92,2026-03-17 20:25,P4,Email & Collaboration,Distribution list,Portal,Mid-Market,Service Desk L1,Imran Dar,Closed,72,34.78,No,None,1,No,4,No,How-to,Network condition,North America
HD-260708-01352,2026-07-08 15:55,58,2026-07-09 15:05,P3,Printing & Peripherals,Print queue,Portal,SMB,Service Desk L2,Meera Joseph,Resolved,24,23.18,No,None,0,No,3,Yes,Access request,Access policy,APAC
HD-260302-03574,2026-03-02 15:47,139,2026-03-02 22:53,P3,Telephony,Call quality,Phone,SMB,Service Desk L2,Arjun Bhat,Resolved,24,7.11,No,None,0,No,5,No,Access request,User error,EMEA
HD-260305-04579,2026-03-05 21:35,50,2026-03-06 03:08,P3,Performance,High CPU,Portal,Mid-Market,Business Apps,Neha Thomas,Resolved,24,5.56,No,None,0,No,5,No,Incident,User error,EMEA
HD-260702-04544,2026-07-02 18:44,116,2026-07-03 04:10,P3,Hardware,Monitor,Chat,Enterprise,Service Desk L2,Arjun Bhat,Resolved,24,9.44,No,None,3,No,4,No,Service request,Network condition,EMEA
HD-260407-01410,2026-04-07 14:05,86,2026-04-08 00:11,P3,Cloud & SaaS,Application outage,Phone,Internal,Service Desk L1,Karan Verma,Closed,24,10.1,No,None,0,No,,No,Service request,Software defect,North America
HD-260722-04064,2026-07-22 19:40,39,2026-07-23 03:23,P2,Network,DNS/DHCP,Email,Enterprise,Network Ops,Arjun Bhat,Resolved,8,7.73,No,None,0,No,4,No,Incident,Software defect,North America
HD-260727-03955,2026-07-27 11:25,187,2026-07-29 06:28,P4,Access & Identity,Account locked,Phone,Enterprise,Identity & Access,Adil Mir,Closed,72,43.05,No,None,1,Yes,,No,Service request,Hardware fault,North America
HD-260727-01590,2026-07-27 14:18,113,,P3,Email & Collaboration,Teams/Meetings,Chat,SMB,Business Apps,Priya Shah,Pending,24,,No,None,0,No,,No,How-to,Network condition,North America
HD-260819-03581,2026-08-19 09:41,28,2026-08-21 14:59,P4,Software & Applications,Version issue,Email,Enterprise,Business Apps,Sana Rahman,Resolved,72,53.3,No,None,1,No,4,No,Service request,Access policy,APAC
HD-260706-02050,2026-07-06 14:21,168,2026-07-06 23:00,P3,Cloud & SaaS,Subscription,Email,SMB,Service Desk L2,Meera Joseph,Resolved,24,8.66,No,None,2,No,5,No,Performance issue,User error,North America
HD-260526-03358,2026-05-26 16:34,110,2026-05-26 23:19,P3,Endpoint Security,Device compliance,Portal,Enterprise,Identity & Access,Farah Latif,Closed,24,6.75,No,None,1,No,3,No,Service request,Vendor issue,APAC
HD-260813-03153,2026-08-13 20:52,214,,P4,Printing & Peripherals,Peripheral setup,Chat,Enterprise,Service Desk L1,Karan Verma,Open,72,,No,None,0,No,,No,Performance issue,Unknown,EMEA
HD-260410-04298,2026-04-10 16:36,64,,P3,VPN & Remote Access,VPN login,Email,SMB,Network Ops,Farah Latif,Open,24,,No,None,1,No,,No,Access request,Hardware fault,EMEA
HD-260303-01253,2026-03-03 11:30,54,2026-03-04 02:36,P3,Endpoint Security,Malware check,Chat,Internal,Identity & Access,Nadia Ali,Resolved,24,15.1,No,None,0,No,2,No,Incident,Software defect,APAC
HD-260630-03988,2026-06-30 18:04,129,2026-07-01 01:14,P3,Hardware,Keyboard/Mouse,Email,Mid-Market,Service Desk L1,Imran Dar,Resolved,24,7.17,No,None,0,No,3,No,How-to,Access policy,APAC
HD-260608-01167,2026-06-08 10:30,21,2026-06-08 16:01,P1,Software & Applications,Installation,Phone,Mid-Market,Service Desk L2,Meera Joseph,Resolved,4,5.52,Yes,Vendor response,0,Yes,3,No,How-to,Configuration,APAC
HD-260327-03859,2026-03-27 11:19,73,,P3,Account Provisioning,New starter,Portal,Mid-Market,Identity & Access,Nadia Ali,Pending,24,,No,None,1,No,,No,Service request,Vendor issue,EMEA
HD-260821-03329,2026-08-21 12:35,57,,P3,Account Provisioning,Access package,Portal,Mid-Market,Identity & Access,Deepak Nair,Pending,24,,No,None,0,Yes,,No,How-to,Access policy,APAC
HD-260701-01748,2026-07-01 14:03,34,2026-07-04 08:57,P4,Software & Applications,Version issue,Portal,Enterprise,Business Apps,Neha Thomas,Resolved,72,66.9,No,None,0,No,2,No,Access request,Configuration,EMEA
HD-260806-02366,2026-08-06 11:08,77,2026-08-07 02:35,P4,Performance,High CPU,Email,Internal,Endpoint Ops,Vikram Patel,Closed,72,15.45,No,None,0,No,4,No,Access request,Software defect,North America
HD-260430-02755,2026-04-30 14:57,58,2026-04-30 20:23,P3,Account Provisioning,New starter,Phone,Internal,Identity & Access,Deepak Nair,Resolved,24,5.44,No,None,0,No,3,No,Incident,Hardware fault,North America
HD-260508-03863,2026-05-08 10:00,102,2026-05-08 23:54,P3,Endpoint Security,Malware check,Chat,SMB,Identity & Access,Adil Mir,Closed,24,13.91,No,None,0,No,3,No,Access request,Hardware fault,APAC
HD-260330-03641,2026-03-30 10:43,150,2026-03-31 08:07,P3,Performance,Disk space,Portal,Enterprise,Network Ops,Arjun Bhat,Resolved,24,21.4,No,None,1,No,2,No,Incident,Hardware fault,North America
HD-260518-04323,2026-05-18 14:55,108,2026-05-18 20:13,P3,Hardware,Laptop,Chat,Enterprise,Service Desk L1,Aisha Khan,Resolved,24,5.3,No,None,0,Yes,,No,Performance issue,Network condition,North America
HD-260519-01415,2026-05-19 10:02,265,,P4,Email & Collaboration,Teams/Meetings,Portal,Enterprise,Endpoint Ops,Vikram Patel,Open,72,,No,None,1,No,,No,Incident,Network condition,North America
HD-260717-04557,2026-07-17 11:18,157,2026-07-18 12:10,P3,Software & Applications,Installation,Email,SMB,Business Apps,Karan Verma,Resolved,24,24.88,Yes,High queue volume,1,No,3,No,Incident,User error,EMEA
HD-260819-02889,2026-08-19 15:26,176,2026-08-19 21:44,P3,Network,Wi-Fi,Portal,SMB,Network Ops,Zoya Hussain,Closed,24,6.3,No,None,0,No,4,No,Service request,Hardware fault,APAC
HD-260622-03600,2026-06-22 14:08,122,2026-06-22 20:34,P3,Printing & Peripherals,Peripheral setup,Email,Mid-Market,Service Desk L1,Aisha Khan,Closed,24,6.44,No,None,2,No,5,No,Access request,Configuration,APAC
HD-260520-02398,2026-05-20 21:37,164,2026-05-21 18:47,P3,Printing & Peripherals,Print queue,Chat,Mid-Market,Network Ops,Arjun Bhat,Resolved,24,21.17,No,None,1,No,3,No,Service request,User error,North America
HD-260513-03645,2026-05-13 11:56,84,2026-05-14 09:50,P3,Hardware,Laptop,Portal,SMB,Service Desk L1,Rohan Mehta,Resolved,24,21.91,No,None,0,No,3,No,Incident,User error,EMEA
HD-260603-02789,2026-06-03 15:57,177,2026-06-04 11:22,P4,Printing & Peripherals,Peripheral setup,Portal,SMB,Service Desk L1,Rohan Mehta,Closed,72,19.43,No,None,2,No,3,No,Incident,Capacity,EMEA
HD-260306-04072,2026-03-06 13:12,21,2026-03-06 15:12,P1,Printing & Peripherals,Scanner,Portal,Internal,Service Desk L1,Neha Thomas,Resolved,4,2.01,No,None,0,No,4,Yes,Service request,Capacity,North America
HD-260708-01608,2026-07-08 09:47,9,2026-07-08 17:25,P2,Network,Switch port,Portal,Enterprise,Service Desk L2,Sana Rahman,Resolved,8,7.64,No,None,2,No,4,No,Service request,User error,APAC
HD-260722-02090,2026-07-22 18:36,134,2026-07-23 10:54,P3,Account Provisioning,Offboarding,Phone,Enterprise,Endpoint Ops,Neha Thomas,Resolved,24,16.31,No,None,0,No,2,No,Service request,Access policy,EMEA
HD-260408-01191,2026-04-08 16:09,30,2026-04-08 19:16,P2,Performance,Disk space,Phone,Enterprise,Service Desk L2,Arjun Bhat,Closed,8,3.12,No,None,0,Yes,,No,Incident,Configuration,EMEA
HD-260310-02298,2026-03-10 11:40,165,2026-03-10 20:51,P3,Cloud & SaaS,Integration,Chat,SMB,Business Apps,Imran Dar,Resolved,24,9.19,No,None,0,No,5,Yes,Access request,Configuration,EMEA
HD-260515-03619,2026-05-15 16:48,339,,P4,Cloud & SaaS,Subscription,Phone,Mid-Market,Service Desk L2,Meera Joseph,Open,72,,No,None,1,No,,No,Incident,Network condition,North America
HD-260821-01151,2026-08-21 17:45,105,,P3,Hardware,Docking station,Email,SMB,Service Desk L2,Vikram Patel,Open,24,,No,None,1,No,,Yes,Incident,Hardware fault,North America
HD-260702-02304,2026-07-02 10:27,22,,P3,Endpoint Security,EDR alert,Email,SMB,Identity & Access,Farah Latif,Pending,24,,No,None,1,No,,No,Access request,Software defect,North America
HD-260703-03418,2026-07-03 13:15,141,2026-07-04 20:05,P4,,Security policy,Portal,Mid-Market,Identity & Access,Farah Latif,Resolved,72,30.84,No,None,0,Yes,4,No,Service request,Configuration,APAC
HD-260403-01174,2026-04-03 14:52,148,2026-04-04 15:05,P4,Performance,Slow device,Email,SMB,Endpoint Ops,Karan Verma,Closed,72,24.23,No,None,0,No,4,No,Performance issue,Network condition,North America
HD-260312-01330,2026-03-12 10:39,327,2026-03-13 03:42,P4,Hardware,Keyboard/Mouse,Phone,SMB,Service Desk L2,Vikram Patel,Resolved,72,17.05,No,None,0,Yes,5,No,Service request,Access policy,North America
HD-260501-02194,2026-05-01 13:32,22,,P3,Endpoint Security,Security policy,Portal,SMB,Identity & Access,Zoya Hussain,Open,24,,No,None,0,No,,No,Incident,Network condition,APAC
HD-260327-03583,2026-03-27 17:29,32,2026-03-28 00:56,P3,Access & Identity,Password reset,Chat,SMB,Identity & Access,Farah Latif,Resolved,24,7.45,No,None,0,No,3,No,Service request,Access policy,EMEA
HD-260416-01734,2026-04-16 12:22,298,2026-04-17 17:38,P4,VPN & Remote Access,VPN disconnect,Email,SMB,Network Ops,Zoya Hussain,Closed,72,29.27,No,None,1,No,4,Yes,Service request,Configuration,APAC
HD-260608-01805,2026-06-08 15:52,41,2026-06-08 23:59,P3,Email & Collaboration,Teams/Meetings,Email,Enterprise,Network Ops,Zoya Hussain,Resolved,24,8.12,No,None,0,Yes,5,No,Service request,User error,EMEA
HD-260318-03884,2026-03-18 15:18,26,2026-03-18 22:22,P3,Software & Applications,Installation,Portal,Mid-Market,Service Desk L2,Meera Joseph,Resolved,24,7.07,No,None,0,No,4,No,How-to,Hardware fault,EMEA
HD-260824-02013,2026-08-24 15:41,306,2026-08-25 10:50,P4,Access & Identity,Account locked,Email,Enterprise,Service Desk L1,Imran Dar,Closed,72,19.15,No,None,0,No,4,No,Access request,Configuration,EMEA
HD-260306-02608,2026-03-06 08:40,26,2026-03-06 14:53,P2,Email & Collaboration,Mailbox,Email,Mid-Market,Endpoint Ops,Neha Thomas,Closed,8,6.22,No,None,0,Yes,3,No,Performance issue,Software defect,APAC
HD-260323-01043,2026-03-23 10:34,30,,P2,Network,Wi-Fi,Chat,Mid-Market,Network Ops,Arjun Bhat,Pending,8,,No,None,1,No,,No,How-to,Configuration,EMEA
HD-260622-02714,2026-06-22 20:30,121,2026-06-23 09:18,P3,VPN & Remote Access,VPN login,Portal,Mid-Market,Network Ops,Arjun Bhat,Resolved,24,12.81,No,None,0,No,4,No,How-to,Configuration,North America
HD-260317-02735,2026-03-17 09:18,58,2026-03-18 03:30,P3,Account Provisioning,Role change,Portal,SMB,Identity & Access,Deepak Nair,Closed,24,18.2,No,None,0,No,3,No,Incident,User error,EMEA
HD-260723-01071,2026-07-23 14:52,98,,P3,Software & Applications,License,Phone,Mid-Market,Service Desk L2,Arjun Bhat,Pending,24,,No,None,0,No,,No,How-to,Software defect,EMEA
HD-260828-01424,2026-08-28 14:41,209,2026-08-30 10:03,P4,Telephony,Headset,Email,Internal,Service Desk L2,Vikram Patel,Resolved,72,43.37,No,None,0,No,4,No,Incident,User error,North America
HD-260602-01273,2026-06-02 08:44,51,2026-06-02 19:12,P2,Account Provisioning,Access package,Phone,Internal,Identity & Access,Zoya Hussain,Closed,8,10.48,Yes,Escalation delay,0,No,3,No,Incident,Network condition,North America
HD-260523-02133,2026-05-23 09:55,111,2026-05-24 00:56,P4,Telephony,Headset,Portal,Mid-Market,Service Desk L2,Arjun Bhat,Resolved,72,15.02,No,None,0,No,3,No,Performance issue,Network condition,EMEA
HD-260416-01554,2026-04-16 12:10,143,2026-04-17 16:47,P4,Printing & Peripherals,Peripheral setup,Email,Enterprise,Service Desk L1,Rohan Mehta,Closed,72,28.63,No,None,0,No,5,No,Access request,Vendor issue,APAC
HD-260618-04305,2026-06-18 14:18,20,2026-06-18 17:00,P2,Account Provisioning,Access package,Portal,Mid-Market,Identity & Access,Deepak Nair,Resolved,8,2.71,No,None,0,Yes,4,No,Performance issue,Software defect,EMEA
HD-260602-01652,2026-06-02 09:29,132,2026-06-03 00:12,P4,Printing & Peripherals,Print queue,Phone,Mid-Market,Network Ops,Zoya Hussain,Resolved,72,14.73,No,None,0,No,4,Yes,Incident,Software defect,EMEA
HD-260525-01596,2026-05-25 11:49,16,2026-05-26 12:46,P3,Endpoint Security,EDR alert,Email,Internal,Identity & Access,Deepak Nair,Resolved,24,24.95,Yes,Escalation delay,0,No,4,No,How-to,Hardware fault,North America
HD-260721-02852,2026-07-21 11:28,235,2026-07-22 02:33,P4,Printing & Peripherals,Print queue,Portal,SMB,Service Desk L2,Sana Rahman,Resolved,72,15.09,No,None,1,No,4,No,Service request,Network condition,North America
HD-260626-01988,2026-06-26 13:48,38,2026-06-26 21:45,P3,Access & Identity,Account locked,Portal,Mid-Market,Identity & Access,Nadia Ali,Resolved,24,7.95,No,None,0,No,3,No,Service request,Network condition,EMEA
HD-260408-01774,2026-04-08 10:20,42,2026-04-09 07:29,P3,Access & Identity,MFA issue,Email,Enterprise,Identity & Access,Farah Latif,Closed,24,21.16,No,None,0,No,,No,Service request,Hardware fault,EMEA
HD-260410-01210,2026-04-10 14:37,142,2026-04-11 06:10,P3,Hardware,Monitor,Portal,Enterprise,Service Desk L2,Meera Joseph,Resolved,24,15.55,No,None,2,No,4,Yes,Access request,Network condition,APAC
HD-260402-02959,2026-04-02 15:47,55,2026-04-03 00:42,P3,Network,Wi-Fi,Chat,Mid-Market,Service Desk L2,Sana Rahman,Resolved,24,8.92,No,None,0,No,,No,Service request,User error,North America
HD-260331-02689,2026-03-31 20:40,178,2026-04-01 17:42,P3,Access & Identity,Permission request,Email,SMB,Identity & Access,Adil Mir,Resolved,24,21.04,No,None,1,No,,No,Incident,Unknown,North America
HD-260707-04394,2026-07-07 14:23,85,2026-07-08 06:00,P4,Cloud & SaaS,Application outage,Phone,Internal,Service Desk L2,Meera Joseph,Resolved,72,15.63,No,None,1,No,3,No,Incident,Vendor issue,North America
HD-260330-03137,2026-03-30 14:19,38,2026-03-30 23:09,P2,Account Provisioning,Access package,Portal,SMB,Endpoint Ops,Karan Verma,Closed,8,8.84,Yes,Vendor response,0,No,3,No,Incident,Capacity,APAC
HD-260512-04351,2026-05-12 15:24,117,2026-05-14 05:58,P4,Cloud & SaaS,Application outage,Phone,Mid-Market,Business Apps,Sana Rahman,Resolved,72,38.58,No,None,0,No,5,No,Service request,Software defect,North America
HD-260707-04285,2026-07-07 09:19,326,2026-07-08 20:25,P4,Performance,High memory,Portal,SMB,Service Desk L1,Priya Shah,Resolved,72,35.1,No,None,0,No,3,No,Incident,Access policy,APAC
HD-260727-01586,2026-07-27 21:28,102,2026-07-28 09:11,P3,Hardware,Monitor,Phone,Enterprise,Endpoint Ops,Neha Thomas,Closed,24,11.73,No,None,0,No,3,No,Incident,User error,EMEA
HD-260617-02692,2026-06-17 11:22,150,2026-06-18 22:28,P4,,Disk space,Portal,Enterprise,Business Apps,Imran Dar,Resolved,72,35.11,No,None,1,Yes,3,No,Service request,User error,North America
HD-260630-02988,2026-06-30 13:45,80,2026-07-01 07:31,P3,Telephony,Call quality,Portal,SMB,Network Ops,Deepak Nair,Closed,24,17.77,No,None,0,No,3,No,Incident,Configuration,APAC
HD-260504-02131,2026-05-04 14:24,22,2026-05-04 16:39,P2,Network,DNS/DHCP,Chat,Internal,Network Ops,Farah Latif,Resolved,8,2.25,No,None,1,No,3,No,Incident,Configuration,EMEA
HD-260621-02099,2026-06-21 15:53,71,2026-06-22 11:18,P3,Access & Identity,Permission request,Email,Mid-Market,Service Desk L1,Neha Thomas,Closed,24,19.42,No,None,0,No,4,No,Service request,Configuration,North America
HD-260605-03202,2026-06-05 16:14,164,2026-06-06 00:54,P3,Account Provisioning,Offboarding,Portal,Enterprise,Identity & Access,Adil Mir,Resolved,24,8.67,No,None,0,No,4,No,Incident,Network condition,North America
HD-260505-04293,2026-05-05 09:23,15,2026-05-05 11:17,P1,Network,LAN connectivity,Phone,Enterprise,Network Ops,Farah Latif,Closed,4,1.9,No,None,1,No,,No,Incident,Unknown,EMEA
HD-260616-02566,2026-06-16 15:23,96,,P3,VPN & Remote Access,VPN disconnect,Chat,Enterprise,Network Ops,Zoya Hussain,Pending,24,,No,None,0,No,,No,Incident,User error,North America
HD-260316-04144,2026-03-16 13:45,89,2026-03-17 11:15,P3,Performance,High CPU,Email,SMB,Service Desk L1,Aisha Khan,Resolved,24,21.5,No,None,0,No,4,No,Access request,Access policy,EMEA
HD-260413-04092,2026-04-13 18:37,173,2026-04-14 12:02,P4,Software & Applications,Version issue,Portal,Internal,Service Desk L2,Sana Rahman,Resolved,72,17.42,No,None,0,No,4,No,Incident,Network condition,North America
HD-260708-01345,2026-07-08 12:30,155,2026-07-09 10:49,P3,Hardware,Docking station,Email,Mid-Market,Service Desk L1,Priya Shah,Resolved,24,22.32,No,None,0,No,3,No,Service request,Hardware fault,EMEA
HD-260401-01841,2026-04-01 16:43,36,,P2,Software & Applications,Version issue,Portal,Enterprise,Service Desk L1,Imran Dar,Open,8,,No,None,1,Yes,,No,Access request,User error,North America
HD-260826-01945,2026-08-26 15:06,59,2026-08-26 20:55,P2,,Laptop,Email,Mid-Market,Endpoint Ops,Vikram Patel,Resolved,8,5.83,No,None,2,No,4,Yes,Access request,User error,North America
HD-260618-04360,2026-06-18 17:45,85,2026-06-19 09:44,P4,Telephony,Call quality,Phone,SMB,Network Ops,Arjun Bhat,Resolved,72,15.99,No,None,1,No,5,No,Performance issue,Hardware fault,APAC
HD-260521-01749,2026-05-21 20:55,91,,P4,Endpoint Security,Device compliance,Portal,Mid-Market,Identity & Access,Adil Mir,Pending,72,,No,None,1,No,,No,Service request,User error,EMEA
HD-260810-02371,2026-08-10 16:10,123,,P4,Email & Collaboration,Teams/Meetings,Portal,Internal,Network Ops,Deepak Nair,Pending,72,,No,None,1,No,,No,Service request,User error,EMEA
HD-260312-04363,2026-03-12 09:35,88,2026-03-12 20:39,P3,Cloud & SaaS,SSO,Portal,Mid-Market,Business Apps,Sana Rahman,Resolved,24,11.08,No,None,0,No,4,No,Performance issue,Access policy,EMEA
HD-260512-03611,2026-05-12 12:47,297,2026-05-15 04:02,P4,Network,DNS/DHCP,Portal,Mid-Market,Network Ops,Arjun Bhat,Closed,72,63.25,No,None,1,No,2,No,Incident,Capacity,EMEA
HD-260413-01970,2026-04-13 12:25,5,2026-04-13 16:47,P1,Performance,Slow device,Email,Mid-Market,Business Apps,Imran Dar,Resolved,4,4.37,Yes,Vendor response,2,Yes,3,No,Incident,Capacity,North America
HD-260505-03657,2026-05-05 14:54,48,2026-05-05 18:13,P2,Cloud & SaaS,SSO,Portal,Internal,Service Desk L2,Meera Joseph,Resolved,8,3.33,No,None,1,No,4,No,Access request,Vendor issue,EMEA
HD-260721-04554,2026-07-21 14:19,123,2026-07-22 00:54,P3,Cloud & SaaS,Integration,Chat,Mid-Market,Service Desk L1,Rohan Mehta,Resolved,24,10.59,No,None,2,No,4,No,Incident,Capacity,North America
HD-260721-03741,2026-07-21 09:39,155,,P4,Printing & Peripherals,Scanner,Portal,Internal,Network Ops,Zoya Hussain,Pending,72,,No,None,1,No,,No,How-to,User error,APAC
HD-260514-03332,2026-05-14 15:21,79,2026-05-15 01:51,P3,Account Provisioning,Access package,Email,Mid-Market,Identity & Access,Deepak Nair,Resolved,24,10.51,No,None,0,No,4,No,Performance issue,User error,APAC
HD-260610-01759,2026-06-10 11:20,104,2026-06-11 04:05,P4,Software & Applications,Installation,Phone,SMB,Business Apps,Karan Verma,Resolved,72,16.76,No,None,0,No,5,No,Service request,User error,North America
HD-260313-01855,2026-03-13 08:59,69,2026-03-14 08:01,P4,Hardware,Docking station,Email,Mid-Market,Service Desk L1,Karan Verma,Resolved,72,23.04,No,None,2,No,5,No,Access request,Configuration,EMEA
HD-260825-02337,2026-08-25 10:53,160,2026-08-25 19:42,P3,,Application outage,Chat,Mid-Market,Business Apps,Imran Dar,Resolved,24,8.82,No,None,1,No,,No,Access request,Configuration,North America
HD-260820-02673,2026-08-20 10:27,23,2026-08-20 18:36,P2,Email & Collaboration,Teams/Meetings,Portal,Mid-Market,Service Desk L1,Rohan Mehta,Resolved,8,8.16,Yes,Escalation delay,3,Yes,,No,Incident,Hardware fault,EMEA
HD-260603-02003,2026-06-03 14:12,124,2026-06-04 14:34,P3,Cloud & SaaS,Subscription,Phone,Mid-Market,Business Apps,Priya Shah,Resolved,24,24.37,Yes,High queue volume,0,No,4,No,Incident,Access policy,North America
HD-260713-04433,2026-07-13 09:22,41,2026-07-14 02:35,P3,Account Provisioning,Access package,Chat,Enterprise,Service Desk L1,Karan Verma,Resolved,24,17.22,No,None,0,No,4,No,Incident,Network condition,APAC
HD-260707-03861,2026-07-07 14:23,79,2026-07-10 09:12,P4,Hardware,Laptop,Portal,SMB,Business Apps,Sana Rahman,Resolved,72,66.83,No,None,1,No,3,No,Incident,User error,North America
HD-260329-04272,2026-03-29 11:41,41,,P2,Cloud & SaaS,Subscription,Phone,Mid-Market,Service Desk L2,Arjun Bhat,Pending,8,,No,None,1,No,,No,Service request,Hardware fault,North America
HD-260525-03775,2026-05-25 16:24,86,2026-05-26 03:18,P3,Software & Applications,Installation,Email,Mid-Market,Business Apps,Karan Verma,Resolved,24,10.9,No,None,0,Yes,5,No,Performance issue,Software defect,EMEA
HD-260428-01657,2026-04-28 12:10,267,2026-04-29 12:26,P4,Account Provisioning,New starter,Portal,Mid-Market,Service Desk L1,,Resolved,72,24.27,No,None,0,No,4,No,Incident,User error,EMEA
HD-260303-02641,2026-03-03 13:38,277,2026-03-05 10:39,P4,Account Provisioning,Role change,Portal,Mid-Market,Identity & Access,Adil Mir,Closed,72,45.03,No,None,1,No,3,No,Incident,Access policy,North America
HD-260311-04053,2026-03-11 15:12,52,2026-03-11 17:26,P2,VPN & Remote Access,Remote desktop,Email,SMB,Network Ops,Arjun Bhat,Closed,8,2.24,No,None,2,Yes,4,No,Incident,Hardware fault,EMEA
HD-260604-03953,2026-06-04 21:12,107,2026-06-05 02:35,P3,VPN & Remote Access,VPN disconnect,Email,SMB,Network Ops,Farah Latif,Resolved,24,5.39,No,None,0,No,4,No,Access request,Software defect,APAC
HD-260422-03650,2026-04-22 15:20,32,2026-04-22 19:00,P2,Access & Identity,Account locked,Email,Enterprise,Identity & Access,Nadia Ali,Closed,8,3.67,No,None,0,No,4,No,Service request,User error,APAC
HD-260507-04040,2026-05-07 09:12,112,2026-05-08 09:18,P3,Endpoint Security,EDR alert,Email,SMB,Identity & Access,Nadia Ali,Resolved,24,24.1,Yes,Dependency delay,0,No,3,No,How-to,Software defect,APAC
HD-260422-03543,2026-04-22 09:46,142,2026-04-25 06:17,P4,Performance,High memory,Chat,Enterprise,Service Desk L2,Vikram Patel,Resolved,72,68.52,No,None,0,No,3,No,Incident,Configuration,North America
HD-260520-01047,2026-05-20 12:40,16,2026-05-20 18:03,P3,Hardware,Laptop,Email,Enterprise,Business Apps,Karan Verma,Closed,24,5.39,No,None,1,No,4,No,Access request,User error,APAC
HD-260715-01960,2026-07-15 14:18,183,2026-07-16 04:39,P4,Endpoint Security,Malware check,Chat,Enterprise,Identity & Access,Deepak Nair,Resolved,72,14.35,No,None,0,No,5,No,Performance issue,Software defect,North America
HD-260617-01319,2026-06-17 11:21,27,,P2,VPN & Remote Access,Remote desktop,Portal,Internal,Network Ops,Arjun Bhat,Open,8,,No,None,1,No,,No,Service request,Hardware fault,APAC
HD-260618-04548,2026-06-18 12:34,65,2026-06-18 17:46,P2,Telephony,Headset,Portal,Mid-Market,Service Desk L2,Vikram Patel,Resolved,8,5.21,No,None,0,No,4,No,Access request,User error,North America
HD-260616-01594,2026-06-16 16:47,146,2026-06-17 16:52,P3,Account Provisioning,Role change,Email,Mid-Market,Identity & Access,Adil Mir,Closed,24,24.09,Yes,Escalation delay,0,No,3,No,Access request,Access policy,North America
HD-260702-02078,2026-07-02 10:32,84,,P4,Endpoint Security,Security policy,Chat,Enterprise,Identity & Access,Farah Latif,Pending,72,,No,None,0,No,,No,Performance issue,Capacity,APAC
HD-260529-01628,2026-05-29 11:06,88,2026-05-30 10:17,P3,Hardware,Docking station,Phone,Enterprise,Service Desk L2,Vikram Patel,Resolved,24,23.19,No,None,1,Yes,3,No,Performance issue,Network condition,North America
HD-260717-03224,2026-07-17 10:03,59,2026-07-17 12:25,P2,Performance,Slow device,Chat,SMB,Network Ops,Arjun Bhat,Closed,8,2.38,No,None,0,Yes,4,No,Service request,Network condition,APAC
HD-260511-04102,2026-05-11 09:06,75,2026-05-11 14:41,P3,Performance,Slow device,Portal,Mid-Market,Business Apps,Neha Thomas,Resolved,24,5.59,No,None,1,No,4,No,Service request,Vendor issue,North America
HD-260627-03892,2026-06-27 12:42,46,,P4,Cloud & SaaS,Integration,Phone,Enterprise,Business Apps,Neha Thomas,Open,72,,No,None,0,No,,No,Service request,Hardware fault,APAC
HD-260515-01789,2026-05-15 09:57,90,2026-05-15 19:12,P3,Software & Applications,Version issue,Portal,Internal,Business Apps,Sana Rahman,Resolved,24,9.25,No,None,0,No,,No,Performance issue,Software defect,EMEA
HD-260514-02438,2026-05-14 10:43,141,2026-05-15 02:01,P3,VPN & Remote Access,VPN disconnect,Portal,SMB,Network Ops,Arjun Bhat,Resolved,24,15.31,No,None,0,No,,No,Service request,User error,North America
HD-260622-01195,2026-06-22 10:14,187,2026-06-23 18:48,P4,Software & Applications,License,Portal,Enterprise,Business Apps,Imran Dar,Closed,72,32.58,No,None,0,No,4,No,Access request,Access policy,North America
HD-260424-02781,2026-04-24 10:16,67,2026-04-24 23:15,P3,Printing & Peripherals,Print queue,Portal,Mid-Market,Service Desk L2,Sana Rahman,Resolved,24,12.99,No,None,0,No,5,No,Incident,User error,APAC
HD-260415-01453,2026-04-15 14:14,85,2026-04-16 04:55,P3,Access & Identity,Permission request,Phone,Mid-Market,Identity & Access,Adil Mir,Resolved,24,14.69,No,None,1,Yes,4,No,How-to,Configuration,APAC
HD-260818-04372,2026-08-18 11:10,277,2026-08-20 05:10,P4,VPN & Remote Access,VPN login,Email,Mid-Market,Network Ops,Farah Latif,Resolved,72,42,No,None,0,No,4,No,Incident,Capacity,EMEA
HD-260528-03796,2026-05-28 11:35,234,,P4,Network,Wi-Fi,Portal,SMB,Network Ops,Deepak Nair,Pending,72,,No,None,0,No,,No,Incident,Configuration,APAC
HD-260327-03076,2026-03-27 11:30,13,,P2,Printing & Peripherals,Printer offline,Portal,Enterprise,Endpoint Ops,Sana Rahman,Pending,8,,No,None,1,No,,No,Incident,Capacity,APAC
HD-260716-04359,2026-07-16 16:25,125,2026-07-17 19:52,P4,Software & Applications,Application error,Phone,Mid-Market,Service Desk L1,Aisha Khan,Resolved,72,27.45,No,None,0,No,,No,Incident,Access policy,EMEA
HD-260327-01736,2026-03-27 20:33,114,2026-03-28 03:13,P3,Email & Collaboration,Calendar,Email,Enterprise,Service Desk L1,Rohan Mehta,Resolved,24,6.67,No,None,1,No,,No,Performance issue,Network condition,EMEA
HD-260603-02374,2026-06-03 15:22,145,,P3,VPN & Remote Access,Remote desktop,Portal,Mid-Market,Network Ops,Farah Latif,Pending,24,,No,None,0,No,,No,Service request,Hardware fault,EMEA
HD-260703-01512,2026-07-03 14:43,33,2026-07-03 17:46,P2,Account Provisioning,Role change,Chat,Mid-Market,Identity & Access,Nadia Ali,Resolved,8,3.06,No,None,0,No,4,Yes,Incident,Access policy,North America
HD-260811-03345,2026-08-11 11:06,176,2026-08-11 16:26,P3,VPN & Remote Access,Split tunnel,Chat,SMB,Network Ops,Deepak Nair,Closed,24,5.34,No,None,0,No,5,No,Incident,Vendor issue,EMEA
HD-260407-01164,2026-04-07 12:21,357,2026-04-08 06:21,P4,Printing & Peripherals,Scanner,Portal,Enterprise,Service Desk L1,Priya Shah,Closed,72,18.01,No,None,0,No,,Yes,Service request,Access policy,North America
HD-260506-04037,2026-05-06 10:00,129,2026-05-06 15:43,P3,Performance,High CPU,Email,SMB,Service Desk L1,Karan Verma,Resolved,24,5.72,No,None,1,No,4,No,Incident,Access policy,North America
HD-260402-03057,2026-04-02 11:00,124,,P3,VPN & Remote Access,Split tunnel,Portal,SMB,Network Ops,Zoya Hussain,Open,24,,No,None,0,No,,No,Performance issue,Software defect,North America
HD-260608-02530,2026-06-08 15:58,154,,P3,Cloud & SaaS,Integration,Email,Enterprise,Business Apps,Sana Rahman,Open,24,,No,None,1,No,,No,Incident,Configuration,APAC
HD-260605-02599,2026-06-05 12:03,180,2026-06-07 05:12,P4,Network,Switch port,Portal,Mid-Market,Service Desk L2,Meera Joseph,Resolved,72,41.15,No,None,0,No,5,Yes,Access request,Access policy,EMEA
HD-260630-03059,2026-06-30 13:48,145,2026-07-01 09:43,P3,Endpoint Security,Security policy,Portal,Internal,Identity & Access,Farah Latif,Closed,24,19.93,No,None,0,No,2,No,Service request,Configuration,EMEA
HD-260709-02925,2026-07-09 13:55,171,2026-07-10 01:09,P3,Access & Identity,MFA issue,Phone,SMB,Endpoint Ops,Karan Verma,Closed,24,11.24,No,None,0,No,4,Yes,Incident,User error,EMEA
HD-260401-03556,2026-04-01 08:59,135,2026-04-03 13:17,P4,VPN & Remote Access,VPN login,Email,SMB,Service Desk L2,Meera Joseph,Resolved,72,52.3,No,None,1,Yes,3,No,Access request,Configuration,APAC
HD-260607-03815,2026-06-07 13:17,23,2026-06-07 15:48,P2,Performance,High CPU,Portal,Mid-Market,Service Desk L2,Sana Rahman,Resolved,8,2.52,No,None,0,Yes,4,No,Incident,Capacity,North America
HD-260401-02919,2026-04-01 15:41,66,2026-04-02 01:56,P3,Printing & Peripherals,Printer offline,Portal,Enterprise,Endpoint Ops,Vikram Patel,Closed,24,10.25,No,None,0,No,5,No,Service request,Vendor issue,North America
HD-260410-03734,2026-04-10 13:07,310,2026-04-11 05:50,P4,Account Provisioning,New starter,Portal,Enterprise,Service Desk L1,Karan Verma,Closed,72,16.73,No,None,0,No,,No,Performance issue,Hardware fault,EMEA
HD-260306-03297,2026-03-06 12:35,305,2026-03-07 07:15,P4,Account Provisioning,Offboarding,Portal,Mid-Market,Endpoint Ops,Karan Verma,Closed,72,18.68,No,None,0,No,4,No,How-to,Network condition,North America
HD-260513-03348,2026-05-13 18:09,54,2026-05-14 09:43,P3,Performance,Slow device,Email,Internal,Network Ops,Farah Latif,Closed,24,15.57,No,None,0,No,3,No,Service request,Software defect,EMEA
HD-260507-03935,2026-05-07 14:29,50,2026-05-07 20:00,P3,Printing & Peripherals,Peripheral setup,Email,Enterprise,Business Apps,Karan Verma,Closed,24,5.52,No,None,1,No,5,Yes,Incident,Configuration,EMEA
HD-260617-01014,2026-06-17 11:00,145,2026-06-17 18:10,P3,Access & Identity,MFA issue,Email,Mid-Market,Identity & Access,Nadia Ali,Closed,24,7.17,No,None,1,No,4,Yes,Access request,Unknown,EMEA
HD-260608-04474,2026-06-08 16:56,134,2026-06-09 12:45,P4,Email & Collaboration,Distribution list,Chat,Mid-Market,Service Desk L1,Priya Shah,Resolved,72,19.83,No,None,0,Yes,4,No,How-to,Software defect,North America
HD-260603-02810,2026-06-03 13:00,300,,P4,Telephony,Headset,Phone,SMB,Service Desk L2,Vikram Patel,Pending,72,,No,None,1,No,,No,Incident,Hardware fault,APAC
HD-260516-03788,2026-05-16 09:15,14,2026-05-16 12:32,P1,Account Provisioning,New starter,Chat,Internal,Identity & Access,Nadia Ali,Resolved,4,3.29,No,None,2,Yes,3,No,Incident,Network condition,APAC
HD-260325-01932,2026-03-25 15:37,21,,P1,,Distribution list,Chat,Enterprise,Service Desk L1,Rohan Mehta,Pending,4,,No,None,0,No,,No,Service request,Software defect,EMEA
HD-260505-02449,2026-05-05 11:29,20,2026-05-05 13:53,P2,Printing & Peripherals,Printer offline,Email,Enterprise,Endpoint Ops,Sana Rahman,Closed,8,2.4,No,None,0,Yes,4,No,Service request,Software defect,North America
HD-260702-01649,2026-07-02 14:43,163,2026-07-03 09:07,P4,VPN & Remote Access,VPN login,Portal,SMB,Network Ops,Farah Latif,Resolved,72,18.41,No,None,1,No,,No,Incident,Access policy,North America
HD-260410-03009,2026-04-10 11:16,214,2026-04-12 10:58,P4,Access & Identity,Permission request,Email,Enterprise,Identity & Access,Nadia Ali,Resolved,72,47.7,No,None,0,Yes,3,No,Access request,User error,EMEA
HD-260515-02448,2026-05-15 14:05,83,2026-05-16 01:30,P3,,Role change,Portal,Internal,Service Desk L1,Imran Dar,Resolved,24,11.43,No,None,0,No,5,No,Incident,Configuration,North America
HD-260721-04385,2026-07-21 12:39,45,2026-07-22 12:15,P3,Endpoint Security,EDR alert,Chat,Internal,Endpoint Ops,Neha Thomas,Closed,24,23.61,No,None,0,No,,No,Access request,Configuration,EMEA
HD-260630-04127,2026-06-30 11:51,99,2026-07-02 22:29,P4,VPN & Remote Access,VPN login,Email,Mid-Market,Network Ops,Zoya Hussain,Resolved,72,58.64,No,None,0,No,4,No,Service request,Hardware fault,APAC
HD-260311-02071,2026-03-11 16:56,63,2026-03-12 02:02,P2,Cloud & SaaS,Subscription,Phone,Enterprise,Business Apps,Karan Verma,Resolved,8,9.11,Yes,Escalation delay,0,No,2,Yes,Incident,Hardware fault,EMEA
HD-260812-02395,2026-08-12 20:13,41,2026-08-13 00:34,P2,Hardware,Docking station,Email,Mid-Market,Service Desk L2,Vikram Patel,Closed,8,4.36,No,None,0,No,4,No,Incident,Configuration,EMEA
HD-260804-01231,2026-08-04 14:01,26,2026-08-04 19:45,P2,Endpoint Security,EDR alert,Phone,SMB,Identity & Access,Adil Mir,Closed,8,5.74,No,None,0,Yes,3,No,Incident,Access policy,North America
HD-260730-02068,2026-07-30 10:09,36,2026-07-30 13:15,P2,Email & Collaboration,Distribution list,Email,Mid-Market,Service Desk L1,Neha Thomas,Closed,8,3.1,No,None,0,No,4,No,Service request,Software defect,North America
HD-260806-03908,2026-08-06 16:23,82,2026-08-07 09:03,P3,Telephony,Headset,Portal,Enterprise,Service Desk L2,Arjun Bhat,Closed,24,16.67,No,None,0,No,4,No,Service request,Software defect,APAC
HD-260624-01293,2026-06-24 09:29,131,,P4,Hardware,Docking station,Portal,Mid-Market,Identity & Access,Farah Latif,Pending,72,,No,None,0,No,,No,Service request,User error,APAC
HD-260514-03129,2026-05-14 14:04,23,2026-05-15 04:23,P3,Performance,Disk space,Portal,Enterprise,Network Ops,Deepak Nair,Closed,24,14.32,No,None,0,No,3,No,Service request,Access policy,APAC
HD-260303-03663,2026-03-03 11:30,30,2026-03-05 22:39,P4,Network,LAN connectivity,Email,SMB,Network Ops,Farah Latif,Resolved,72,59.15,No,None,2,No,,No,Service request,Configuration,EMEA
HD-260820-01280,2026-08-20 14:36,249,2026-08-21 22:03,P4,Cloud & SaaS,Subscription,Email,Mid-Market,Business Apps,Imran Dar,Resolved,72,31.46,No,None,0,No,5,No,How-to,User error,North America
HD-260818-04121,2026-08-18 18:11,17,,P3,Telephony,Extension,Portal,SMB,Network Ops,Deepak Nair,Open,24,,No,None,1,No,,No,Incident,Hardware fault,EMEA
HD-260605-02513,2026-06-05 13:31,313,2026-06-07 02:26,P4,Performance,Disk space,Email,Internal,Service Desk L1,Aisha Khan,Closed,72,36.92,No,None,1,No,4,No,Incident,Capacity,APAC
HD-260313-03554,2026-03-13 10:41,92,2026-03-14 03:03,P3,Telephony,Softphone,Chat,SMB,Service Desk L2,Meera Joseph,Resolved,24,16.37,No,None,0,No,4,No,Access request,Capacity,North America
HD-260806-04378,2026-08-06 21:15,159,2026-08-07 02:43,P3,Hardware,Keyboard/Mouse,Portal,Mid-Market,Network Ops,Arjun Bhat,Resolved,24,5.48,No,None,0,No,4,No,Service request,Configuration,EMEA
HD-260302-02962,2026-03-02 09:59,63,2026-03-03 06:59,P3,Printing & Peripherals,Printer offline,Chat,Mid-Market,Service Desk L2,Sana Rahman,Resolved,24,21,No,None,0,No,4,No,Incident,User error,North America
HD-260625-03690,2026-06-25 19:00,34,2026-06-25 21:44,P2,Hardware,Laptop,Phone,Enterprise,Endpoint Ops,Sana Rahman,Closed,8,2.74,No,None,0,Yes,4,No,Incident,Capacity,North America
HD-260321-03333,2026-03-21 12:22,34,2026-03-22 03:26,P3,Network,DNS/DHCP,Chat,Mid-Market,Network Ops,Zoya Hussain,Resolved,24,15.08,No,None,0,No,3,No,Incident,Hardware fault,North America
HD-260730-03896,2026-07-30 19:31,136,2026-07-31 19:46,P3,Access & Identity,Permission request,Portal,Internal,Endpoint Ops,Neha Thomas,Resolved,24,24.26,Yes,Complex investigation,0,No,4,No,Incident,Configuration,EMEA
HD-260721-02323,2026-07-21 09:06,272,2026-07-22 00:04,P4,Email & Collaboration,Teams/Meetings,Email,Enterprise,Service Desk L1,Priya Shah,Closed,72,14.98,No,None,0,No,5,No,Service request,User error,North America
HD-260317-01458,2026-03-17 16:47,85,2026-03-18 06:33,P3,Endpoint Security,EDR alert,Phone,Enterprise,Identity & Access,Nadia Ali,Resolved,24,13.77,No,None,1,No,4,No,Incident,Software defect,North America
HD-260716-04110,2026-07-16 12:52,61,2026-07-17 06:40,P3,Software & Applications,Installation,Portal,SMB,Service Desk L1,Aisha Khan,Resolved,24,17.81,No,None,1,No,4,No,Service request,Access policy,APAC
HD-260729-01225,2026-07-29 11:35,22,2026-07-29 14:15,P2,VPN & Remote Access,VPN disconnect,Email,SMB,Service Desk L2,Vikram Patel,Resolved,8,2.67,No,None,2,No,3,No,Service request,Vendor issue,North America
HD-260608-03434,2026-06-08 15:32,81,2026-06-08 21:27,P3,Software & Applications,Application error,Email,Enterprise,Business Apps,Karan Verma,Resolved,24,5.92,No,None,0,Yes,,No,Incident,Hardware fault,EMEA
HD-260807-01285,2026-08-07 08:16,317,2026-08-08 11:20,P4,Cloud & SaaS,Application outage,Phone,SMB,Business Apps,Karan Verma,Resolved,72,27.07,No,None,1,Yes,3,No,Incident,Configuration,APAC
HD-260611-02543,2026-06-11 21:22,147,2026-06-12 05:08,P3,Printing & Peripherals,Scanner,Chat,SMB,Service Desk L1,Karan Verma,Closed,24,7.78,No,None,0,No,5,No,Service request,Software defect,North America
HD-260417-02842,2026-04-17 12:13,13,2026-04-17 14:25,P2,Email & Collaboration,Mailbox,Phone,Internal,Network Ops,Deepak Nair,Resolved,8,2.2,No,None,0,No,3,No,Service request,Network condition,APAC
HD-260305-04502,2026-03-05 16:31,32,2026-03-05 19:02,P2,Printing & Peripherals,Scanner,Email,SMB,Network Ops,Zoya Hussain,Closed,8,2.52,No,None,0,Yes,,No,Access request,Unknown,North America
HD-260720-03257,2026-07-20 15:13,174,2026-07-20 21:53,P3,,Installation,Email,SMB,Business Apps,Neha Thomas,Closed,24,6.67,No,None,0,No,3,No,Incident,User error,APAC
HD-260622-04393,2026-06-22 16:53,60,2026-06-22 22:36,P3,Endpoint Security,EDR alert,Phone,Mid-Market,Identity & Access,Deepak Nair,Resolved,24,5.72,No,None,0,No,4,No,Incident,User error,North America
HD-260408-03343,2026-04-08 15:05,9,2026-04-08 23:50,P2,Access & Identity,Password reset,Chat,Internal,Identity & Access,Adil Mir,Resolved,8,8.75,Yes,High queue volume,0,Yes,,No,Service request,User error,North America
HD-260416-02728,2026-04-16 14:35,127,2026-04-16 22:10,P3,Account Provisioning,Role change,Phone,Mid-Market,Service Desk L1,Karan Verma,Resolved,24,7.59,No,None,0,Yes,3,No,Service request,Unknown,North America
HD-260512-02814,2026-05-12 10:52,240,2026-05-13 11:30,P4,Cloud & SaaS,Integration,Portal,Enterprise,Service Desk L1,Rohan Mehta,Resolved,72,24.64,No,None,0,No,,No,Incident,Access policy,North America
HD-260319-02685,2026-03-19 11:16,53,2026-03-19 20:41,P2,Performance,High CPU,Chat,Mid-Market,Business Apps,Priya Shah,Closed,8,9.42,Yes,High queue volume,0,No,4,No,Incident,Software defect,APAC
HD-260501-02516,2026-05-01 09:15,86,2026-05-01 16:46,P3,Telephony,Softphone,Portal,SMB,Service Desk L2,Sana Rahman,Resolved,24,7.53,No,None,1,No,4,No,How-to,User error,EMEA
HD-260727-03145,2026-07-27 10:00,148,2026-07-28 08:16,P3,Endpoint Security,Security policy,Phone,SMB,Identity & Access,Farah Latif,Closed,24,22.28,No,None,0,No,3,No,Performance issue,Capacity,EMEA
HD-260708-01036,2026-07-08 16:14,109,2026-07-10 01:30,P4,Printing & Peripherals,Scanner,Email,SMB,Service Desk L2,Arjun Bhat,Resolved,72,33.27,No,None,0,No,4,No,Access request,User error,North America
HD-260413-02129,2026-04-13 13:52,90,2026-04-14 01:55,P3,Cloud & SaaS,Application outage,Portal,Internal,Service Desk L2,Sana Rahman,Closed,24,12.06,No,None,1,No,3,No,Incident,Unknown,APAC
HD-260707-03246,2026-07-07 14:22,171,2026-07-07 20:05,P3,Endpoint Security,Security policy,Portal,Internal,Service Desk L1,Neha Thomas,Resolved,24,5.73,No,None,1,No,4,No,How-to,Network condition,North America
HD-260325-02749,2026-03-25 11:17,90,2026-03-25 23:35,P3,VPN & Remote Access,Remote desktop,Portal,Enterprise,Network Ops,Arjun Bhat,Resolved,24,12.3,No,None,0,No,4,No,How-to,Configuration,EMEA
HD-260602-01537,2026-06-02 12:59,44,2026-06-02 19:44,P3,Hardware,Monitor,Phone,SMB,Service Desk L1,Karan Verma,Closed,24,6.76,No,None,1,No,4,Yes,Service request,Configuration,North America
HD-260723-01924,2026-07-23 13:57,256,2026-07-24 05:02,P4,Printing & Peripherals,Peripheral setup,Phone,SMB,Endpoint Ops,Vikram Patel,Resolved,72,15.09,No,None,1,No,4,No,Incident,Access policy,North America
HD-260407-01109,2026-04-07 18:37,152,2026-04-08 11:37,P3,Account Provisioning,Access package,Phone,Internal,Identity & Access,Nadia Ali,Resolved,24,17.01,No,None,0,No,4,No,Service request,Access policy,North America
HD-260311-04549,2026-03-11 17:12,83,2026-03-12 14:07,P3,Email & Collaboration,Teams/Meetings,Portal,SMB,Service Desk L2,,Resolved,24,20.93,No,None,0,No,2,No,Incident,Access policy,North America
HD-260306-04456,2026-03-06 09:54,20,2026-03-06 15:33,P1,Cloud & SaaS,Application outage,Email,Internal,Business Apps,Priya Shah,Resolved,4,5.65,Yes,Complex investigation,1,Yes,3,No,Performance issue,Capacity,North America
HD-260407-03071,2026-04-07 17:45,88,,P3,Software & Applications,License,Chat,Enterprise,Business Apps,Sana Rahman,Pending,24,,No,None,1,No,,No,Access request,Network condition,APAC
HD-260518-01025,2026-05-18 12:31,240,,P4,Telephony,Headset,Portal,Internal,Network Ops,Farah Latif,Pending,72,,No,None,1,No,,No,Incident,User error,North America
HD-260531-03264,2026-05-31 11:22,49,2026-05-31 21:28,P2,Telephony,Headset,Chat,Enterprise,Service Desk L2,Sana Rahman,Resolved,8,10.11,Yes,Dependency delay,0,No,,No,Incident,Network condition,North America
HD-260508-01902,2026-05-08 20:10,96,2026-05-09 06:28,P3,Cloud & SaaS,Subscription,Phone,Enterprise,Business Apps,Priya Shah,Resolved,24,10.31,No,None,0,No,4,No,Service request,Unknown,North America
HD-260720-01396,2026-07-20 17:42,15,2026-07-21 11:01,P3,VPN & Remote Access,Remote desktop,Portal,Internal,Service Desk L2,Meera Joseph,Resolved,24,17.32,No,None,0,No,4,Yes,Service request,User error,EMEA
HD-260428-01673,2026-04-28 15:59,302,2026-04-29 06:49,P4,,Switch port,Portal,Mid-Market,Network Ops,Arjun Bhat,Closed,72,14.84,No,None,0,No,4,No,Incident,Network condition,EMEA
HD-260821-03157,2026-08-21 21:57,14,2026-08-22 06:30,P3,Software & Applications,Application error,Phone,Mid-Market,Service Desk L1,Rohan Mehta,Closed,24,8.56,No,None,0,No,4,No,Performance issue,User error,North America
HD-260325-01291,2026-03-25 18:30,42,2026-03-27 01:00,P4,Access & Identity,Permission request,Chat,Mid-Market,Identity & Access,Deepak Nair,Closed,72,30.51,No,None,1,No,3,No,Service request,Software defect,APAC
HD-260311-03805,2026-03-11 15:46,166,2026-03-12 13:07,P3,Telephony,Call quality,Chat,Mid-Market,Service Desk L2,Arjun Bhat,Closed,24,21.36,No,None,0,No,3,No,Performance issue,Software defect,APAC
HD-260713-02881,2026-07-13 18:08,24,2026-07-13 23:41,P3,Performance,Disk space,Portal,Enterprise,Service Desk L2,Arjun Bhat,Resolved,24,5.56,No,None,1,No,4,No,Service request,Hardware fault,North America
HD-260721-02786,2026-07-21 17:03,85,2026-07-22 16:58,P4,VPN & Remote Access,Split tunnel,Email,Mid-Market,Network Ops,Deepak Nair,Resolved,72,23.92,No,None,0,No,,No,Incident,Configuration,North America
HD-260713-03366,2026-07-13 19:34,115,,P4,Account Provisioning,Access package,Chat,Enterprise,Identity & Access,Zoya Hussain,Pending,72,,No,None,1,Yes,,No,Incident,Capacity,North America
HD-260721-03943,2026-07-21 11:12,145,2026-07-22 02:36,P4,Software & Applications,Installation,Portal,Mid-Market,Service Desk L2,Arjun Bhat,Closed,72,15.41,No,None,0,No,3,No,Service request,Access policy,North America
HD-260831-02686,2026-08-31 10:44,91,2026-09-01 01:03,P4,Endpoint Security,EDR alert,Email,Enterprise,Endpoint Ops,Sana Rahman,Resolved,72,14.33,No,None,0,No,4,No,Access request,User error,APAC
HD-260425-01466,2026-04-25 15:59,147,2026-04-25 23:05,P3,Endpoint Security,Malware check,Portal,Enterprise,Identity & Access,Nadia Ali,Closed,24,7.11,No,None,1,No,4,No,Incident,Configuration,North America
HD-260818-03082,2026-08-18 08:37,310,2026-08-19 01:47,P4,VPN & Remote Access,VPN login,Portal,SMB,Network Ops,Arjun Bhat,Resolved,72,17.17,No,None,0,No,3,No,Access request,Configuration,North America
HD-260524-03022,2026-05-24 09:52,99,2026-05-24 16:16,P3,Hardware,Monitor,Email,Mid-Market,Business Apps,Neha Thomas,Resolved,24,6.41,No,None,0,No,5,No,Incident,Software defect,APAC
HD-260305-01882,2026-03-05 11:37,97,2026-03-07 01:55,P4,Cloud & SaaS,Integration,Portal,Enterprise,Service Desk L1,Neha Thomas,Resolved,72,38.3,No,None,0,No,4,No,Incident,Network condition,APAC
HD-260417-01620,2026-04-17 15:20,122,2026-04-17 22:06,P3,Cloud & SaaS,Application outage,Portal,Enterprise,Service Desk L1,Aisha Khan,Closed,24,6.77,No,None,0,No,4,No,Access request,Software defect,North America
HD-260403-01298,2026-04-03 14:56,42,2026-04-03 17:47,P2,Software & Applications,Application error,Email,Mid-Market,Business Apps,Priya Shah,Resolved,8,2.85,No,None,0,No,3,No,How-to,Capacity,APAC
HD-260625-04113,2026-06-25 12:12,257,2026-06-27 20:41,P4,Email & Collaboration,Mailbox,Portal,SMB,Identity & Access,Nadia Ali,Resolved,72,56.49,No,None,0,No,4,No,How-to,Capacity,EMEA
HD-260811-02874,2026-08-11 11:37,15,2026-08-11 17:56,P1,Endpoint Security,Security policy,Portal,Enterprise,Identity & Access,Nadia Ali,Resolved,4,6.33,Yes,High queue volume,0,No,4,No,How-to,User error,North America
HD-260724-01785,2026-07-24 13:18,169,2026-07-26 04:48,P4,Software & Applications,License,Portal,Internal,Business Apps,Sana Rahman,Closed,72,39.5,No,None,0,Yes,4,No,Incident,Access policy,North America
HD-260623-01431,2026-06-23 10:30,65,2026-06-24 04:48,P4,Access & Identity,Permission request,Email,SMB,Identity & Access,Adil Mir,Resolved,72,18.3,No,None,0,No,3,No,Incident,User error,APAC
HD-260705-01840,2026-07-05 09:14,174,2026-07-05 16:53,P3,Telephony,Headset,Portal,Enterprise,Service Desk L2,Arjun Bhat,Closed,24,7.66,No,None,0,No,5,No,Service request,Hardware fault,North America
HD-260624-04373,2026-06-24 15:11,57,2026-06-25 04:26,P3,Cloud & SaaS,Application outage,Email,SMB,Business Apps,Priya Shah,Resolved,24,13.25,No,None,0,No,4,No,Incident,Network condition,EMEA
HD-260709-02947,2026-07-09 14:58,137,2026-07-10 03:31,P3,Email & Collaboration,Calendar,Portal,Internal,Service Desk L1,,Closed,24,12.55,No,None,1,No,4,No,Service request,Software defect,APAC
HD-260501-02462,2026-05-01 16:45,240,2026-05-03 10:18,P4,Access & Identity,Permission request,Portal,Mid-Market,Identity & Access,Nadia Ali,Resolved,72,41.55,No,None,0,No,5,No,Incident,User error,APAC
HD-260601-03078,2026-06-01 11:24,87,2026-06-02 09:21,P3,Performance,High CPU,Email,Mid-Market,Service Desk L2,Arjun Bhat,Resolved,24,21.96,No,None,0,No,3,No,Incident,Network condition,North America
HD-260723-02321,2026-07-23 17:19,75,2026-07-24 17:30,P3,Email & Collaboration,Distribution list,Chat,Enterprise,Service Desk L1,Imran Dar,Closed,24,24.19,Yes,Complex investigation,0,No,4,No,How-to,Software defect,APAC
HD-260301-01687,2026-03-01 09:49,19,2026-03-02 04:41,P3,Email & Collaboration,Teams/Meetings,Phone,SMB,Service Desk L1,Imran Dar,Resolved,24,18.88,No,None,0,No,3,No,How-to,Network condition,North America
HD-260511-01239,2026-05-11 09:36,131,2026-05-11 22:00,P3,Telephony,Call quality,Phone,Internal,Network Ops,Farah Latif,Resolved,24,12.41,No,None,0,No,5,No,Access request,Software defect,APAC
HD-260805-02837,2026-08-05 14:14,44,2026-08-05 17:22,P2,Performance,High memory,Email,SMB,Service Desk L1,Rohan Mehta,Resolved,8,3.14,No,None,0,Yes,5,No,Incident,Software defect,North America
HD-260420-02995,2026-04-20 16:40,172,2026-04-20 22:26,P3,VPN & Remote Access,VPN login,Portal,Mid-Market,Network Ops,Farah Latif,Closed,24,5.77,No,None,1,Yes,4,No,How-to,Configuration,North America
HD-260401-03661,2026-04-01 09:55,108,2026-04-01 15:32,P3,Network,DNS/DHCP,Portal,SMB,Service Desk L2,Vikram Patel,Closed,24,5.62,No,None,0,No,5,No,Service request,User error,APAC
HD-260603-01422,2026-06-03 10:58,49,,P3,Account Provisioning,New starter,Portal,Enterprise,Identity & Access,Nadia Ali,Pending,24,,No,None,0,No,,No,Access request,Software defect,North America
HD-260803-01397,2026-08-03 17:06,264,2026-08-04 23:14,P4,Network,Switch port,Portal,Enterprise,Network Ops,Deepak Nair,Resolved,72,30.14,No,None,0,No,4,No,Incident,Software defect,APAC
HD-260408-01733,2026-04-08 16:05,84,2026-04-09 16:12,P3,Access & Identity,Password reset,Chat,Enterprise,Endpoint Ops,Karan Verma,Resolved,24,24.12,Yes,Escalation delay,0,No,3,No,Incident,Capacity,EMEA
HD-260427-01349,2026-04-27 11:51,111,2026-04-28 11:46,P3,Telephony,Headset,Email,SMB,Network Ops,Arjun Bhat,Resolved,24,23.92,No,None,0,No,4,No,Incident,Software defect,EMEA
HD-260430-02622,2026-04-30 14:35,65,2026-05-01 10:49,P3,Network,Switch port,Phone,Enterprise,Service Desk L2,Arjun Bhat,Resolved,24,20.24,No,None,0,No,,No,How-to,Configuration,North America
HD-260820-01516,2026-08-20 20:44,28,2026-08-21 08:33,P3,Cloud & SaaS,Integration,Portal,Mid-Market,Business Apps,Sana Rahman,Closed,24,11.82,No,None,0,No,4,No,Access request,Access policy,EMEA
HD-260527-02515,2026-05-27 21:24,136,2026-05-28 06:27,P3,Email & Collaboration,Mailbox,Portal,Mid-Market,Service Desk L2,Sana Rahman,Resolved,24,9.05,No,None,0,No,,No,Service request,Vendor issue,North America
HD-260605-04320,2026-06-05 11:50,15,2026-06-05 23:08,P3,Email & Collaboration,Distribution list,Portal,Enterprise,Service Desk L1,Neha Thomas,Resolved,24,11.31,No,None,0,Yes,5,No,Performance issue,Vendor issue,North America
HD-260302-02829,2026-03-02 16:58,148,2026-03-03 10:12,P3,Account Provisioning,New starter,Phone,Enterprise,Identity & Access,Farah Latif,Closed,24,17.24,No,None,0,No,2,Yes,Incident,User error,EMEA
HD-260301-01701,2026-03-01 13:45,65,2026-03-04 04:22,P4,Performance,Disk space,Email,Enterprise,Service Desk L1,Aisha Khan,Resolved,72,62.62,No,None,0,No,3,No,Access request,Access policy,EMEA
HD-260525-04550,2026-05-25 10:54,47,2026-05-25 13:48,P2,VPN & Remote Access,VPN login,Portal,Enterprise,Network Ops,Arjun Bhat,Resolved,8,2.91,No,None,0,No,4,Yes,Access request,Configuration,EMEA
HD-260625-04139,2026-06-25 12:49,39,2026-06-26 09:51,P3,Performance,Disk space,Phone,Mid-Market,Endpoint Ops,Karan Verma,Resolved,24,21.04,No,None,0,No,3,No,Incident,Capacity,North America
HD-260327-04256,2026-03-27 13:12,128,2026-03-28 03:32,P4,Email & Collaboration,Teams/Meetings,Email,Internal,Business Apps,Neha Thomas,Resolved,72,14.34,No,None,1,No,5,Yes,How-to,Configuration,North America
HD-260824-02380,2026-08-24 11:10,114,2026-08-26 14:47,P4,Hardware,Keyboard/Mouse,Phone,Enterprise,Network Ops,Arjun Bhat,Closed,72,51.63,No,None,3,No,4,No,Incident,Configuration,North America
HD-260819-01699,2026-08-19 12:14,243,2026-08-20 12:26,P4,Printing & Peripherals,Printer offline,Portal,Mid-Market,Service Desk L1,Imran Dar,Resolved,72,24.21,No,None,0,No,5,No,Service request,Hardware fault,EMEA
HD-260611-02537,2026-06-11 21:15,172,2026-06-12 20:24,P3,Network,Wi-Fi,Email,Mid-Market,Network Ops,Arjun Bhat,Resolved,24,23.16,No,None,1,No,3,Yes,Service request,Software defect,EMEA
HD-260501-03450,2026-05-01 12:09,139,2026-05-01 18:12,P3,Account Provisioning,Role change,Phone,Internal,Endpoint Ops,Neha Thomas,Resolved,24,6.05,No,None,0,No,,No,Incident,User error,North America
HD-260831-03652,2026-08-31 16:28,26,2026-08-31 20:49,P2,VPN & Remote Access,VPN login,Chat,SMB,Service Desk L2,Meera Joseph,Resolved,8,4.35,No,None,1,No,4,No,Incident,Configuration,APAC
HD-260523-01518,2026-05-23 13:50,30,2026-05-24 05:50,P4,Cloud & SaaS,Application outage,Chat,SMB,Business Apps,Sana Rahman,Resolved,72,16,No,None,0,No,4,No,Incident,Network condition,APAC
HD-260318-01220,2026-03-18 15:53,17,2026-03-18 22:54,P3,Hardware,Monitor,Email,Enterprise,Business Apps,Karan Verma,Resolved,24,7.03,No,None,0,No,4,Yes,Incident,Vendor issue,EMEA
HD-260602-04574,2026-06-02 17:38,57,2026-06-03 03:08,P2,Access & Identity,Account locked,Email,SMB,Identity & Access,Deepak Nair,Resolved,8,9.5,Yes,Escalation delay,1,No,3,No,Access request,User error,North America
HD-260607-03548,2026-06-07 15:31,47,2026-06-08 05:49,P4,,Teams/Meetings,Phone,Internal,Service Desk L1,Imran Dar,Resolved,72,14.3,No,None,0,No,4,No,Incident,Network condition,North America
HD-260712-03899,2026-07-12 15:02,26,2026-07-12 21:39,P3,Software & Applications,Installation,Portal,Mid-Market,Business Apps,Karan Verma,Closed,24,6.62,No,None,0,No,3,Yes,Service request,Capacity,EMEA
HD-260401-03012,2026-04-01 10:48,44,2026-04-01 19:24,P3,Access & Identity,Permission request,Email,Mid-Market,Identity & Access,Nadia Ali,Resolved,24,8.61,No,None,2,No,3,No,Service request,Hardware fault,APAC
HD-260707-03432,2026-07-07 17:46,216,,P4,Hardware,Keyboard/Mouse,Email,Enterprise,Service Desk L1,,Pending,72,,No,None,1,No,,No,Incident,Network condition,EMEA
HD-260401-01173,2026-04-01 17:17,29,,P2,Software & Applications,Version issue,Chat,Mid-Market,Business Apps,Priya Shah,Pending,8,,No,None,0,Yes,,No,Service request,Access policy,North America
HD-260618-04422,2026-06-18 17:41,315,,P4,Access & Identity,Permission request,Phone,Enterprise,Service Desk L1,Rohan Mehta,Pending,72,,No,None,1,Yes,,No,Service request,Configuration,EMEA
HD-260527-01088,2026-05-27 15:46,157,,P3,Telephony,Extension,Email,Mid-Market,Network Ops,Deepak Nair,Pending,24,,No,None,1,No,,Yes,Service request,Network condition,North America
HD-260320-04082,2026-03-20 09:49,164,2026-03-20 16:32,P3,Endpoint Security,Malware check,Phone,Mid-Market,Identity & Access,Farah Latif,Resolved,24,6.72,No,None,0,No,3,Yes,Service request,Configuration,EMEA
HD-260817-04565,2026-08-17 08:08,26,2026-08-17 10:36,P2,Access & Identity,Password reset,Portal,Mid-Market,Service Desk L1,Aisha Khan,Resolved,8,2.48,No,None,0,No,,No,Access request,Network condition,EMEA
HD-260309-03442,2026-03-09 10:21,180,2026-03-09 16:27,P3,Access & Identity,Account locked,Chat,Enterprise,Identity & Access,Farah Latif,Resolved,24,6.1,No,None,0,No,5,No,Incident,Access policy,North America
HD-260611-03621,2026-06-11 10:14,140,2026-06-12 04:45,P4,Email & Collaboration,Calendar,Email,SMB,Service Desk L1,Rohan Mehta,Resolved,72,18.53,No,None,2,No,,No,Incident,Network condition,EMEA
HD-260409-02782,2026-04-09 16:48,22,2026-04-10 13:21,P3,Access & Identity,Account locked,Portal,Enterprise,Identity & Access,Nadia Ali,Resolved,24,20.56,No,None,0,No,4,No,Service request,Access policy,EMEA
HD-260727-03591,2026-07-27 12:13,107,2026-07-28 03:16,P3,Email & Collaboration,Distribution list,Chat,Mid-Market,Service Desk L2,Meera Joseph,Resolved,24,15.05,No,None,0,Yes,3,No,Service request,Network condition,EMEA
HD-260511-04235,2026-05-11 11:17,37,2026-05-11 13:29,P2,Network,DNS/DHCP,Portal,Internal,Service Desk L2,Vikram Patel,Closed,8,2.2,No,None,0,No,4,No,Service request,Network condition,EMEA
HD-260403-02591,2026-04-03 18:51,295,2026-04-06 13:51,P4,Hardware,Monitor,Chat,Enterprise,Endpoint Ops,Vikram Patel,Resolved,72,67,No,None,0,No,3,No,Incident,Configuration,North America
HD-260811-02833,2026-08-11 16:17,124,2026-08-14 09:20,P4,Telephony,Headset,Email,SMB,Service Desk L2,Sana Rahman,Resolved,72,65.06,No,None,1,Yes,2,No,Performance issue,User error,North America
HD-260309-01079,2026-03-09 14:33,12,2026-03-09 23:26,P3,Access & Identity,MFA issue,Phone,Mid-Market,Endpoint Ops,Karan Verma,Resolved,24,8.89,No,None,2,No,3,No,Access request,Network condition,EMEA
HD-260317-04014,2026-03-17 12:55,54,2026-03-17 18:16,P3,Endpoint Security,Device compliance,Portal,Mid-Market,Identity & Access,Farah Latif,Resolved,24,5.35,No,None,0,No,4,No,Service request,Hardware fault,North America
HD-260806-04572,2026-08-06 11:46,47,2026-08-06 21:30,P3,Printing & Peripherals,Peripheral setup,Phone,Mid-Market,Service Desk L1,Neha Thomas,Resolved,24,9.74,No,None,2,No,,No,Access request,Hardware fault,North America
HD-260820-02898,2026-08-20 13:44,146,2026-08-21 10:18,P3,Printing & Peripherals,Scanner,Chat,Internal,Network Ops,Arjun Bhat,Closed,24,20.57,No,None,0,No,4,No,Incident,Hardware fault,North America
HD-260722-02015,2026-07-22 12:14,163,2026-07-23 07:40,P3,Cloud & SaaS,Subscription,Email,SMB,Business Apps,Neha Thomas,Closed,24,19.44,No,None,0,No,3,No,Access request,Access policy,North America
HD-260417-03675,2026-04-17 10:53,12,,P1,Network,LAN connectivity,Portal,Enterprise,Network Ops,Zoya Hussain,Pending,4,,No,None,1,No,,No,Performance issue,Software defect,North America
HD-260708-03802,2026-07-08 10:25,88,2026-07-08 15:44,P3,Account Provisioning,Role change,Chat,Mid-Market,Identity & Access,Zoya Hussain,Resolved,24,5.32,No,None,0,No,,No,Service request,Hardware fault,North America
HD-260311-01760,2026-03-11 17:38,90,,P3,Telephony,Call quality,Portal,Mid-Market,Service Desk L2,Arjun Bhat,Pending,24,,No,None,1,No,,No,Performance issue,Hardware fault,EMEA
HD-260526-04597,2026-05-26 13:52,13,2026-05-26 19:17,P1,Software & Applications,License,Email,SMB,Business Apps,Sana Rahman,Resolved,4,5.43,Yes,Dependency delay,0,No,3,No,Access request,Access policy,APAC
HD-260325-03096,2026-03-25 11:40,56,2026-03-25 14:13,P2,Telephony,Softphone,Chat,Internal,Network Ops,Zoya Hussain,Resolved,8,2.56,No,None,0,No,5,No,Access request,Configuration,North America
HD-260826-03743,2026-08-26 10:15,248,2026-08-27 15:57,P4,Email & Collaboration,Mailbox,Chat,Internal,Service Desk L1,Neha Thomas,Resolved,72,29.7,No,None,0,No,4,No,Incident,Software defect,APAC
HD-260611-04191,2026-06-11 09:59,81,2026-06-11 19:52,P3,Telephony,Extension,Chat,Internal,Network Ops,Farah Latif,Resolved,24,9.89,No,None,0,Yes,4,No,Service request,User error,EMEA
HD-260326-03595,2026-03-26 14:51,143,,P3,Email & Collaboration,Mailbox,Email,Mid-Market,Endpoint Ops,Sana Rahman,Open,24,,No,None,1,No,,No,Performance issue,User error,APAC
HD-260309-03337,2026-03-09 16:51,116,2026-03-10 00:58,P3,Endpoint Security,EDR alert,Portal,Enterprise,Identity & Access,Nadia Ali,Resolved,24,8.13,No,None,0,No,,No,How-to,User error,APAC
HD-260504-01665,2026-05-04 11:50,169,2026-05-05 09:51,P3,Performance,Slow device,Portal,Mid-Market,Service Desk L1,Imran Dar,Resolved,24,22.02,No,None,1,No,3,No,Incident,User error,EMEA
HD-260727-01457,2026-07-27 11:18,114,2026-07-27 22:34,P3,Hardware,Docking station,Email,Enterprise,Service Desk L1,Karan Verma,Resolved,24,11.27,No,None,0,No,4,No,Access request,Vendor issue,EMEA
HD-260414-01488,2026-04-14 13:18,313,2026-04-16 17:04,P4,Endpoint Security,EDR alert,Chat,Enterprise,Identity & Access,Nadia Ali,Resolved,72,51.77,No,None,0,No,4,No,Service request,Hardware fault,EMEA
HD-260604-02891,2026-06-04 11:50,58,2026-06-05 06:53,P3,Hardware,Docking station,Email,SMB,Service Desk L1,Imran Dar,Resolved,24,19.05,No,None,0,No,3,No,Incident,Unknown,APAC
HD-260304-02192,2026-03-04 15:53,38,,P2,Telephony,Softphone,Chat,Mid-Market,Service Desk L2,Sana Rahman,Pending,8,,No,None,1,No,,No,Performance issue,Vendor issue,EMEA
HD-260611-03502,2026-06-11 12:14,43,2026-06-11 15:43,P2,Performance,High memory,Chat,Enterprise,Network Ops,Arjun Bhat,Resolved,8,3.49,No,None,0,No,5,No,Access request,Software defect,EMEA
HD-260513-03772,2026-05-13 16:22,23,2026-05-14 11:53,P3,Endpoint Security,Malware check,Email,Mid-Market,Service Desk L1,Aisha Khan,Closed,24,19.53,No,None,1,No,4,No,How-to,Configuration,North America
HD-260515-02202,2026-05-15 11:08,146,2026-05-16 20:27,P4,Software & Applications,License,Portal,Mid-Market,Business Apps,Neha Thomas,Closed,72,33.32,No,None,0,Yes,4,No,How-to,Vendor issue,APAC
HD-260320-01696,2026-03-20 09:32,62,2026-03-20 14:52,P2,Access & Identity,MFA issue,Email,SMB,Endpoint Ops,Sana Rahman,Closed,8,5.34,No,None,1,No,3,No,Incident,Network condition,APAC
HD-260625-04036,2026-06-25 11:31,45,2026-06-26 07:14,P3,VPN & Remote Access,VPN login,Portal,SMB,Network Ops,Arjun Bhat,Resolved,24,19.73,No,None,0,No,,No,Access request,Hardware fault,EMEA
HD-260723-04500,2026-07-23 17:02,172,2026-07-24 00:42,P3,Network,Wi-Fi,Chat,SMB,Network Ops,Zoya Hussain,Closed,24,7.68,No,None,1,Yes,3,No,Access request,User error,North America
HD-260424-04017,2026-04-24 14:56,30,2026-04-24 19:17,P2,Network,Switch port,Chat,Mid-Market,Network Ops,Deepak Nair,Resolved,8,4.35,No,None,0,No,4,No,Performance issue,Hardware fault,APAC
HD-260610-01889,2026-06-10 19:55,33,2026-06-11 03:02,P3,Printing & Peripherals,Print queue,Chat,Enterprise,Service Desk L1,Karan Verma,Resolved,24,7.12,No,None,0,No,5,No,Performance issue,Access policy,EMEA
HD-260821-04054,2026-08-21 09:59,281,2026-08-22 07:42,P4,Software & Applications,License,Chat,SMB,Business Apps,Priya Shah,Closed,72,21.72,No,None,1,No,3,No,Service request,Software defect,APAC
HD-260309-02009,2026-03-09 15:25,320,2026-03-10 10:16,P4,Network,Wi-Fi,Phone,Mid-Market,Network Ops,Farah Latif,Resolved,72,18.85,No,None,0,No,5,No,Incident,User error,North America
HD-260330-04561,2026-03-30 13:46,155,2026-03-31 06:01,P3,Network,Wi-Fi,Chat,Internal,Network Ops,Farah Latif,Resolved,24,16.26,No,None,0,No,3,No,Performance issue,Network condition,EMEA
HD-260708-02259,2026-07-08 16:52,142,2026-07-09 16:31,P3,Printing & Peripherals,Print queue,Email,Internal,Service Desk L1,Karan Verma,Resolved,24,23.66,No,None,0,No,4,No,Service request,Vendor issue,North America
HD-260318-01362,2026-03-18 12:03,49,2026-03-18 14:28,P2,VPN & Remote Access,Split tunnel,Portal,Mid-Market,Network Ops,Arjun Bhat,Resolved,8,2.42,No,None,0,Yes,5,No,Incident,Hardware fault,North America
HD-260608-02320,2026-06-08 10:38,12,2026-06-08 16:02,P2,Performance,Disk space,Chat,Mid-Market,Endpoint Ops,Karan Verma,Resolved,8,5.41,No,None,0,No,,No,Service request,Hardware fault,EMEA
HD-260626-03114,2026-06-26 19:50,161,2026-06-27 03:36,P3,Network,Switch port,Email,SMB,Network Ops,Deepak Nair,Resolved,24,7.77,No,None,0,No,5,No,Incident,User error,APAC
HD-260811-03728,2026-08-11 10:14,3,2026-08-11 11:41,P1,Endpoint Security,Device compliance,Phone,SMB,Endpoint Ops,Sana Rahman,Resolved,4,1.46,No,None,1,Yes,4,No,Incident,Configuration,North America
HD-260628-01700,2026-06-28 14:52,121,2026-06-29 00:40,P3,Email & Collaboration,Mailbox,Chat,SMB,Service Desk L1,Karan Verma,Resolved,24,9.8,No,None,2,No,4,No,Incident,Configuration,APAC
HD-260824-03865,2026-08-24 10:50,239,,P4,Performance,Slow device,Portal,Internal,Service Desk L1,Rohan Mehta,Open,72,,No,None,1,No,,No,How-to,Capacity,North America
HD-260704-03269,2026-07-04 12:29,159,2026-07-04 18:07,P3,Telephony,Extension,Email,Internal,Service Desk L2,Meera Joseph,Resolved,24,5.64,No,None,0,No,4,No,How-to,Vendor issue,APAC
HD-260319-01987,2026-03-19 11:26,26,2026-03-19 14:23,P2,VPN & Remote Access,VPN login,Chat,Internal,Network Ops,Deepak Nair,Closed,8,2.96,No,None,0,No,4,No,Performance issue,Access policy,North America
HD-260715-03951,2026-07-15 21:08,151,2026-07-16 11:08,P3,Endpoint Security,Security policy,Email,SMB,Identity & Access,Adil Mir,Resolved,24,14.01,No,None,0,No,2,No,Incident,Software defect,APAC
HD-260422-03273,2026-04-22 21:58,257,2026-04-25 13:57,P4,Software & Applications,Version issue,Phone,Mid-Market,Service Desk L2,Arjun Bhat,Closed,72,63.99,No,None,1,No,4,No,Incident,User error,APAC
HD-260602-02076,2026-06-02 17:20,237,2026-06-03 21:52,P4,Hardware,Keyboard/Mouse,Chat,Enterprise,Service Desk L1,Priya Shah,Closed,72,28.54,No,None,0,Yes,4,No,Access request,Access policy,APAC
HD-260514-02332,2026-05-14 19:02,27,2026-05-15 02:21,P3,Cloud & SaaS,Integration,Portal,Mid-Market,Service Desk L2,Sana Rahman,Resolved,24,7.33,No,None,1,No,4,No,Service request,Capacity,EMEA
HD-260703-02463,2026-07-03 18:28,17,2026-07-04 13:22,P3,Hardware,Docking station,Email,SMB,Identity & Access,Deepak Nair,Resolved,24,18.91,No,None,0,Yes,4,No,How-to,Capacity,EMEA
HD-260407-03864,2026-04-07 12:10,30,2026-04-08 01:49,P3,Hardware,Monitor,Portal,Enterprise,Service Desk L1,Karan Verma,Closed,24,13.65,No,None,0,No,3,No,Performance issue,Network condition,EMEA
HD-260416-03486,2026-04-16 16:15,10,2026-04-16 18:51,P2,Performance,Slow device,Chat,Mid-Market,Service Desk L1,Neha Thomas,Resolved,8,2.6,No,None,0,No,4,Yes,Incident,User error,EMEA
HD-260323-04270,2026-03-23 11:12,162,2026-03-24 02:36,P4,Performance,Slow device,Email,Mid-Market,Business Apps,Sana Rahman,Resolved,72,15.4,No,None,0,No,4,No,Service request,User error,North America
HD-260710-02914,2026-07-10 08:23,353,2026-07-11 13:29,P4,Account Provisioning,Access package,Phone,Enterprise,Identity & Access,Deepak Nair,Closed,72,29.11,No,None,0,Yes,4,No,How-to,User error,EMEA
HD-260304-04470,2026-03-04 16:54,14,2026-03-05 00:51,P3,VPN & Remote Access,VPN disconnect,Email,SMB,Network Ops,Farah Latif,Resolved,24,7.95,No,None,0,No,3,No,Service request,Network condition,North America
HD-260422-01168,2026-04-22 18:40,146,2026-04-24 05:27,P4,Cloud & SaaS,Integration,Portal,Mid-Market,Service Desk L1,Rohan Mehta,Closed,72,34.79,No,None,0,No,4,No,Incident,Configuration,EMEA
HD-260602-03214,2026-06-02 08:59,55,2026-06-03 06:03,P3,Access & Identity,Password reset,Portal,Mid-Market,Identity & Access,Deepak Nair,Closed,24,21.08,No,None,0,No,4,Yes,Service request,Network condition,EMEA
HD-260306-04072,2026-03-06 13:12,21,2026-03-06 15:12,P1,Printing & Peripherals,Scanner,Portal,Internal,Service Desk L1,Neha Thomas,Resolved,4,2.01,No,None,0,No,4,Yes,Service request,Capacity,North America
HD-260528-04060,2026-05-28 14:18,24,2026-05-28 17:42,P2,Account Provisioning,Role change,Phone,Internal,Identity & Access,Farah Latif,Resolved,8,3.41,No,None,0,Yes,4,No,Incident,Unknown,North America
HD-260527-01646,2026-05-27 13:47,24,2026-05-27 20:54,P3,Telephony,Extension,Email,SMB,Network Ops,Farah Latif,Resolved,24,7.12,No,None,0,No,4,No,Service request,Access policy,EMEA
HD-260706-03596,2026-07-06 16:23,148,2026-07-06 23:30,P3,Network,LAN connectivity,Portal,Mid-Market,Network Ops,Zoya Hussain,Closed,24,7.13,No,None,0,No,3,No,Incident,Software defect,North America
HD-260806-04226,2026-08-06 09:50,23,2026-08-06 17:41,P3,Performance,Disk space,Chat,Internal,Business Apps,Priya Shah,Resolved,24,7.85,No,None,0,No,4,No,How-to,Access policy,North America
HD-260603-03823,2026-06-03 15:13,93,2026-06-04 07:13,P3,Telephony,Softphone,Portal,Internal,Service Desk L2,Vikram Patel,Closed,24,16.01,No,None,3,No,4,No,Service request,Capacity,North America
HD-260803-01897,2026-08-03 16:59,283,2026-08-05 16:42,P4,Email & Collaboration,Mailbox,Portal,SMB,Business Apps,Priya Shah,Resolved,72,47.72,No,None,0,No,4,No,Access request,Capacity,EMEA
HD-260305-04199,2026-03-05 20:27,15,2026-03-06 01:49,P3,Account Provisioning,Offboarding,Portal,Enterprise,Identity & Access,Adil Mir,Resolved,24,5.38,No,None,0,No,4,No,Performance issue,User error,North America
HD-260720-03514,2026-07-20 15:26,74,2026-07-21 00:13,P3,Access & Identity,MFA issue,Chat,Mid-Market,Identity & Access,Adil Mir,Closed,24,8.79,No,None,1,No,4,No,Incident,User error,North America
HD-260818-02331,2026-08-18 14:18,49,2026-08-18 21:03,P2,Endpoint Security,Device compliance,Chat,SMB,Identity & Access,Zoya Hussain,Resolved,8,6.75,No,None,2,Yes,4,No,Performance issue,User error,APAC
HD-260309-01121,2026-03-09 14:16,212,2026-03-10 23:12,P4,Endpoint Security,EDR alert,Chat,Enterprise,Service Desk L1,Aisha Khan,Resolved,72,32.94,No,None,1,No,4,No,Performance issue,User error,North America
HD-260302-03389,2026-03-02 20:20,44,2026-03-03 13:15,P4,Endpoint Security,Device compliance,Email,Enterprise,Service Desk L1,Neha Thomas,Closed,72,16.92,No,None,0,No,4,No,Service request,Capacity,EMEA
HD-260324-03350,2026-03-24 09:45,50,2026-03-25 05:10,P4,Network,LAN connectivity,Portal,Mid-Market,Network Ops,Arjun Bhat,Resolved,72,19.42,No,None,0,No,5,No,Incident,Unknown,EMEA
HD-260410-03106,2026-04-10 11:16,57,2026-04-10 16:34,P3,Software & Applications,Version issue,Portal,Enterprise,Business Apps,Sana Rahman,Closed,24,5.3,No,None,0,No,4,No,Performance issue,Software defect,EMEA
HD-260617-03676,2026-06-17 13:48,58,2026-06-17 18:51,P2,Hardware,Docking station,Portal,Internal,Business Apps,Neha Thomas,Resolved,8,5.06,No,None,2,No,,No,Access request,Network condition,APAC
HD-260318-01416,2026-03-18 14:28,65,2026-03-18 16:58,P2,VPN & Remote Access,VPN login,Portal,Mid-Market,Service Desk L2,Sana Rahman,Closed,8,2.5,No,None,0,No,5,No,Incident,Configuration,EMEA
HD-260318-03808,2026-03-18 21:43,49,2026-03-19 06:13,P2,Endpoint Security,Device compliance,Portal,Mid-Market,Identity & Access,Farah Latif,Resolved,8,8.51,Yes,Dependency delay,1,Yes,2,No,Incident,User error,North America
HD-260604-01250,2026-06-04 12:43,115,2026-06-06 06:34,P4,Performance,High memory,Email,SMB,Endpoint Ops,Sana Rahman,Resolved,72,41.86,No,None,0,No,3,No,Service request,Hardware fault,APAC
HD-260508-02506,2026-05-08 16:28,109,2026-05-10 05:23,P4,Account Provisioning,Access package,Email,SMB,Identity & Access,Nadia Ali,Resolved,72,36.92,No,None,0,No,3,Yes,How-to,Capacity,EMEA
HD-260319-04370,2026-03-19 12:38,89,2026-03-20 02:08,P3,Cloud & SaaS,Subscription,Chat,Internal,Service Desk L2,Sana Rahman,Resolved,24,13.51,No,None,1,No,4,No,Incident,Software defect,EMEA
HD-260409-02587,2026-04-09 15:55,20,2026-04-09 21:27,P3,Account Provisioning,New starter,Portal,Internal,Identity & Access,Adil Mir,Closed,24,5.54,No,None,0,No,,No,How-to,User error,North America
HD-260306-04297,2026-03-06 12:25,61,2026-03-06 18:33,P3,Cloud & SaaS,Integration,Chat,SMB,Service Desk L2,Sana Rahman,Closed,24,6.14,No,None,0,No,4,No,Access request,Unknown,APAC
HD-260506-02552,2026-05-06 12:07,54,2026-05-06 15:04,P2,VPN & Remote Access,VPN disconnect,Phone,SMB,Network Ops,Deepak Nair,Resolved,8,2.96,No,None,0,No,4,No,Incident,Configuration,North America
HD-260319-02826,2026-03-19 12:42,57,2026-03-20 03:00,P4,Account Provisioning,New starter,Portal,SMB,Identity & Access,Farah Latif,Resolved,72,14.31,No,None,0,No,3,Yes,Incident,Configuration,APAC
HD-260722-01451,2026-07-22 09:33,13,2026-07-22 15:06,P1,Account Provisioning,New starter,Email,Internal,Endpoint Ops,Sana Rahman,Resolved,4,5.55,Yes,Complex investigation,1,Yes,3,No,Performance issue,User error,EMEA
HD-260715-03559,2026-07-15 08:53,25,2026-07-15 18:49,P2,Network,LAN connectivity,Portal,Internal,Network Ops,Deepak Nair,Resolved,8,9.94,Yes,High queue volume,0,No,3,No,Incident,Network condition,North America
HD-260402-04217,2026-04-02 12:31,156,2026-04-03 04:29,P3,Email & Collaboration,Teams/Meetings,Portal,Mid-Market,Business Apps,Priya Shah,Resolved,24,15.98,No,None,1,Yes,3,No,How-to,Network condition,North America
HD-260601-01247,2026-06-01 13:35,23,2026-06-01 17:20,P2,Software & Applications,License,Chat,Enterprise,Business Apps,Imran Dar,Resolved,8,3.75,No,None,1,No,4,No,Incident,Software defect,EMEA
HD-260630-04390,2026-06-30 12:20,42,2026-06-30 21:24,P3,Performance,High CPU,Phone,Enterprise,Service Desk L2,Arjun Bhat,Closed,24,9.07,No,None,0,No,4,No,Access request,User error,EMEA
HD-260508-02502,2026-05-08 10:29,39,2026-05-09 14:50,P4,Endpoint Security,Malware check,Phone,Mid-Market,Identity & Access,Zoya Hussain,Resolved,72,28.35,No,None,0,No,,No,Performance issue,Configuration,North America
HD-260320-04142,2026-03-20 12:01,162,2026-03-20 17:43,P3,Endpoint Security,EDR alert,Portal,SMB,Identity & Access,Deepak Nair,Resolved,24,5.7,No,None,0,No,5,No,Service request,User error,APAC
HD-260326-03781,2026-03-26 16:03,26,2026-03-27 15:48,P3,Network,Switch port,Email,SMB,Network Ops,Deepak Nair,Closed,24,23.76,No,None,1,No,,No,Access request,Capacity,North America
HD-260528-01985,2026-05-28 12:58,47,2026-05-28 19:44,P2,Software & Applications,Application error,Chat,Internal,Service Desk L2,Sana Rahman,Resolved,8,6.78,No,None,0,Yes,3,No,Service request,Software defect,APAC
HD-260729-02597,2026-07-29 10:29,167,2026-07-30 09:35,P4,Printing & Peripherals,Peripheral setup,Portal,Mid-Market,Service Desk L1,Rohan Mehta,Resolved,72,23.11,No,None,0,No,5,No,Incident,Capacity,EMEA
HD-260319-02296,2026-03-19 11:14,28,2026-03-20 09:36,P3,Endpoint Security,Malware check,Portal,Mid-Market,Identity & Access,Adil Mir,Resolved,24,22.37,No,None,0,No,2,No,Incident,Vendor issue,North America
HD-260713-03196,2026-07-13 11:08,16,2026-07-13 13:34,P1,Hardware,Docking station,Portal,Mid-Market,Network Ops,Farah Latif,Closed,4,2.44,No,None,0,No,3,No,Incident,Configuration,North America
HD-260508-01117,2026-05-08 11:27,22,2026-05-09 07:37,P3,Performance,High CPU,Phone,SMB,Identity & Access,Deepak Nair,Closed,24,20.17,No,None,0,No,3,No,Incident,Unknown,APAC
HD-260323-02774,2026-03-23 13:59,122,,P3,Email & Collaboration,Mailbox,Chat,Mid-Market,Service Desk L2,Meera Joseph,Pending,24,,No,None,0,No,,No,Incident,Access policy,EMEA
HD-260605-01259,2026-06-05 17:52,170,2026-06-06 08:31,P4,Endpoint Security,Malware check,Portal,Enterprise,Identity & Access,Nadia Ali,Resolved,72,14.66,No,None,0,No,5,No,Service request,Network condition,North America
HD-260529-03039,2026-05-29 10:18,335,2026-05-30 01:56,P4,Access & Identity,Account locked,Phone,Enterprise,Identity & Access,Nadia Ali,Resolved,72,15.64,No,None,1,No,4,Yes,Service request,User error,EMEA
HD-260304-01045,2026-03-04 18:31,16,2026-03-05 02:04,P3,Account Provisioning,Access package,Chat,Mid-Market,Identity & Access,Nadia Ali,Resolved,24,7.55,No,None,0,No,4,No,Performance issue,User error,APAC
HD-260812-01389,2026-08-12 08:31,343,2026-08-13 15:40,P4,Email & Collaboration,Teams/Meetings,Email,Mid-Market,Business Apps,Priya Shah,Closed,72,31.15,No,None,1,Yes,5,No,Incident,Network condition,APAC
HD-260311-04018,2026-03-11 14:53,13,2026-03-11 20:12,P3,Cloud & SaaS,SSO,Portal,SMB,Business Apps,Karan Verma,Resolved,24,5.32,No,None,0,No,3,No,Incident,User error,EMEA
HD-260814-02293,2026-08-14 20:09,33,2026-08-15 04:27,P3,Performance,High CPU,Phone,Mid-Market,Service Desk L2,Vikram Patel,Resolved,24,8.31,No,None,0,Yes,5,No,Incident,Vendor issue,EMEA
HD-260322-03819,2026-03-22 11:09,178,2026-03-23 00:31,P3,Telephony,Extension,Portal,Enterprise,Network Ops,Farah Latif,Closed,24,13.37,No,None,0,No,5,No,How-to,Hardware fault,EMEA
HD-260304-03693,2026-03-04 12:19,62,2026-03-04 17:50,P3,Printing & Peripherals,Peripheral setup,Phone,Enterprise,Endpoint Ops,Karan Verma,Resolved,24,5.53,No,None,0,No,,No,Incident,Capacity,North America
HD-260406-03412,2026-04-06 12:06,205,2026-04-07 03:03,P4,Telephony,Call quality,Portal,Enterprise,Network Ops,Arjun Bhat,Resolved,72,14.96,No,None,0,No,3,No,Access request,Access policy,EMEA
HD-260810-04591,2026-08-10 21:00,45,2026-08-11 05:07,P2,Performance,Disk space,Chat,Mid-Market,Service Desk L2,Sana Rahman,Resolved,8,8.12,Yes,Dependency delay,0,No,3,No,Incident,Access policy,EMEA
HD-260625-04278,2026-06-25 14:55,89,2026-06-26 05:48,P3,Cloud & SaaS,Application outage,Phone,SMB,Service Desk L2,Vikram Patel,Closed,24,14.89,No,None,1,No,,Yes,Access request,User error,EMEA
HD-260414-03204,2026-04-14 12:38,133,2026-04-14 19:11,P3,Account Provisioning,Offboarding,Phone,Enterprise,Identity & Access,Adil Mir,Resolved,24,6.55,No,None,0,No,3,No,Incident,Capacity,EMEA
HD-260408-02014,2026-04-08 11:30,19,2026-04-08 12:54,P1,Telephony,Call quality,Portal,SMB,Service Desk L2,Sana Rahman,Closed,4,1.4,No,None,1,No,5,No,Service request,Software defect,APAC
HD-260506-03998,2026-05-06 16:44,190,2026-05-07 09:01,P4,Software & Applications,Application error,Portal,Mid-Market,Service Desk L2,Arjun Bhat,Resolved,72,16.29,No,None,2,No,4,No,Performance issue,Software defect,EMEA
HD-260416-03325,2026-04-16 14:43,38,2026-04-16 17:25,P2,Network,LAN connectivity,Email,Enterprise,Network Ops,Deepak Nair,Resolved,8,2.71,No,None,0,No,4,No,Service request,User error,North America
HD-260717-01496,2026-07-17 09:30,130,2026-07-17 18:37,P3,Hardware,Laptop,Phone,Mid-Market,Identity & Access,Nadia Ali,Resolved,24,9.13,No,None,0,No,5,No,Incident,Configuration,APAC
HD-260611-01750,2026-06-11 18:18,344,2026-06-13 13:30,P4,Network,LAN connectivity,Email,SMB,Network Ops,Arjun Bhat,Closed,72,43.21,No,None,1,No,3,No,Access request,Network condition,EMEA
HD-260720-03752,2026-07-20 10:19,103,,P3,Email & Collaboration,Calendar,Phone,Enterprise,Service Desk L1,Neha Thomas,Pending,24,,No,None,0,No,,No,Incident,User error,EMEA
HD-260513-02982,2026-05-13 09:45,246,2026-05-14 03:33,P4,Account Provisioning,Access package,Email,Internal,Service Desk L1,Karan Verma,Resolved,72,17.81,No,None,0,No,,No,Service request,User error,EMEA
HD-260630-03463,2026-06-30 11:30,6,2026-06-30 14:38,P1,Email & Collaboration,Distribution list,Phone,Enterprise,Service Desk L2,Arjun Bhat,Resolved,4,3.14,No,None,0,Yes,4,No,Incident,Capacity,North America
HD-260701-01300,2026-07-01 15:23,151,2026-07-03 09:15,P4,Telephony,Call quality,Chat,Enterprise,Network Ops,Arjun Bhat,Closed,72,41.87,No,None,0,No,3,No,Service request,Hardware fault,EMEA
HD-260429-04034,2026-04-29 10:28,71,2026-04-30 09:56,P4,Endpoint Security,Security policy,Portal,Mid-Market,Identity & Access,Nadia Ali,Resolved,72,23.47,No,None,2,No,5,No,Incident,Software defect,EMEA
HD-260528-02598,2026-05-28 13:57,77,2026-05-28 23:13,P3,Performance,Slow device,Portal,SMB,Service Desk L1,Rohan Mehta,Resolved,24,9.28,No,None,0,No,5,No,Service request,Configuration,APAC
HD-260422-03527,2026-04-22 14:42,59,2026-04-23 16:01,P3,Endpoint Security,Malware check,Chat,Mid-Market,Identity & Access,Zoya Hussain,Resolved,24,25.32,Yes,After-hours coverage,0,No,2,No,How-to,Vendor issue,APAC
HD-260429-04223,2026-04-29 11:31,177,2026-04-30 01:31,P3,Account Provisioning,Access package,Portal,SMB,Endpoint Ops,Sana Rahman,Resolved,24,14.01,No,None,0,No,,No,Performance issue,Vendor issue,APAC
HD-260703-02688,2026-07-03 12:11,164,2026-07-03 23:36,P3,VPN & Remote Access,Remote desktop,Chat,Internal,Service Desk L2,Arjun Bhat,Resolved,24,11.43,No,None,2,No,5,No,Incident,Software defect,EMEA
HD-260615-01429,2026-06-15 08:36,316,2026-06-16 15:25,P4,Network,DNS/DHCP,Email,Internal,Network Ops,Arjun Bhat,Closed,72,30.82,No,None,0,No,4,No,Performance issue,Hardware fault,APAC
HD-260804-01347,2026-08-04 14:13,226,2026-08-05 18:46,P4,Account Provisioning,Offboarding,Email,SMB,Endpoint Ops,Sana Rahman,Resolved,72,28.56,No,None,0,Yes,3,No,Service request,Capacity,APAC
HD-260401-04238,2026-04-01 16:01,62,2026-04-01 22:52,P2,Network,DNS/DHCP,Phone,SMB,Network Ops,Arjun Bhat,Resolved,8,6.85,No,None,0,Yes,3,No,Access request,Software defect,North America
HD-260407-02877,2026-04-07 10:30,41,,P3,Hardware,Laptop,Portal,Mid-Market,Endpoint Ops,Neha Thomas,Pending,24,,No,None,1,No,,No,Incident,Access policy,APAC
HD-260630-01773,2026-06-30 16:05,105,2026-07-01 03:54,P3,Printing & Peripherals,Print queue,Chat,SMB,Service Desk L1,Aisha Khan,Resolved,24,11.83,No,None,0,No,4,Yes,Access request,Access policy,APAC
HD-260827-04424,2026-08-27 13:39,42,,P3,Account Provisioning,Offboarding,Portal,SMB,Identity & Access,Nadia Ali,Open,24,,No,None,1,No,,No,Access request,Access policy,North America
HD-260708-02744,2026-07-08 21:36,37,,P2,Endpoint Security,Malware check,Phone,Mid-Market,Service Desk L1,Rohan Mehta,Pending,8,,No,None,1,No,,No,Access request,Access policy,EMEA
HD-260703-03397,2026-07-03 13:27,96,2026-07-03 22:22,P3,Endpoint Security,Security policy,Chat,Mid-Market,Endpoint Ops,Neha Thomas,Resolved,24,8.92,No,None,1,No,3,Yes,Access request,Vendor issue,APAC
HD-260310-01015,2026-03-10 15:07,159,2026-03-11 02:54,P3,Cloud & SaaS,Application outage,Chat,Internal,Business Apps,Neha Thomas,Resolved,24,11.79,No,None,0,No,4,No,Incident,Network condition,North America
HD-260326-04580,2026-03-26 11:49,177,,P3,Access & Identity,MFA issue,Portal,Enterprise,Identity & Access,Deepak Nair,Open,24,,No,None,1,Yes,,No,Performance issue,User error,EMEA
HD-260813-03790,2026-08-13 09:58,29,2026-08-13 17:16,P2,Performance,Disk space,Portal,Mid-Market,Network Ops,Farah Latif,Closed,8,7.31,No,None,0,No,4,No,Performance issue,Configuration,North America
HD-260424-01976,2026-04-24 16:01,178,2026-04-25 09:00,P3,VPN & Remote Access,VPN disconnect,Phone,SMB,Network Ops,Zoya Hussain,Closed,24,16.99,No,None,0,No,2,No,Access request,Software defect,North America
HD-260717-03053,2026-07-17 10:58,65,2026-07-18 09:37,P3,Cloud & SaaS,SSO,Phone,Internal,Business Apps,Imran Dar,Resolved,24,22.65,No,None,0,Yes,4,No,Service request,Software defect,APAC
HD-260328-01097,2026-03-28 11:24,59,2026-03-28 16:15,P2,Account Provisioning,Role change,Portal,Internal,Identity & Access,Deepak Nair,Resolved,8,4.85,No,None,0,Yes,3,Yes,Incident,Access policy,APAC
HD-260819-01031,2026-08-19 17:35,218,2026-08-20 15:56,P4,Account Provisioning,Access package,Chat,Mid-Market,Service Desk L1,Imran Dar,Resolved,72,22.35,No,None,0,No,4,No,Service request,User error,EMEA
HD-260720-01171,2026-07-20 14:33,86,2026-07-21 07:55,P3,Hardware,Monitor,Portal,Mid-Market,Service Desk L2,Arjun Bhat,Closed,24,17.38,No,None,1,No,3,No,Incident,User error,APAC
HD-260527-01091,2026-05-27 15:38,55,2026-05-27 20:14,P2,Hardware,Monitor,Chat,Enterprise,Service Desk L1,Imran Dar,Resolved,8,4.61,No,None,1,No,5,No,Access request,Configuration,EMEA
HD-260417-01056,2026-04-17 10:34,101,2026-04-18 06:14,P3,Email & Collaboration,Calendar,Email,SMB,Service Desk L1,Priya Shah,Closed,24,19.67,No,None,1,No,3,No,How-to,User error,North America
HD-260407-03814,2026-04-07 15:05,32,2026-04-08 19:42,P4,Endpoint Security,EDR alert,Chat,Enterprise,Identity & Access,Zoya Hussain,Closed,72,28.62,No,None,1,No,3,No,Incident,Access policy,APAC
HD-260522-03072,2026-05-22 09:15,119,2026-05-22 23:46,P4,Cloud & SaaS,Integration,Phone,Internal,Business Apps,Sana Rahman,Resolved,72,14.52,No,None,0,No,4,No,Incident,Network condition,EMEA
HD-260729-03919,2026-07-29 15:22,48,2026-07-30 10:29,P3,VPN & Remote Access,Split tunnel,Email,SMB,Network Ops,Farah Latif,Closed,24,19.13,No,None,1,No,,No,Access request,Configuration,EMEA
HD-260715-03283,2026-07-15 12:46,175,2026-07-16 02:37,P3,Printing & Peripherals,Peripheral setup,Portal,SMB,Service Desk L1,Imran Dar,Resolved,24,13.86,No,None,0,No,4,No,How-to,Unknown,EMEA
HD-260324-02897,2026-03-24 13:56,173,2026-03-25 12:59,P3,Performance,High CPU,Email,Mid-Market,Business Apps,Priya Shah,Resolved,24,23.05,No,None,0,No,4,No,Incident,Configuration,North America
HD-260501-01235,2026-05-01 14:38,78,2026-05-03 14:56,P4,Network,Switch port,Email,Enterprise,Service Desk L2,Meera Joseph,Closed,72,48.3,No,None,0,No,3,No,Service request,Access policy,North America
HD-260528-03255,2026-05-28 13:12,80,2026-05-29 05:16,P3,Performance,Slow device,Email,Enterprise,Service Desk L2,Vikram Patel,Resolved,24,16.08,No,None,1,No,,No,Service request,User error,North America
HD-260512-03918,2026-05-12 12:56,131,2026-05-13 06:08,P4,VPN & Remote Access,VPN login,Email,SMB,Service Desk L2,Sana Rahman,Resolved,72,17.21,No,None,0,Yes,4,No,Incident,Configuration,EMEA
HD-260403-04134,2026-04-03 12:51,27,,P3,Printing & Peripherals,Print queue,Email,Mid-Market,Endpoint Ops,Karan Verma,Open,24,,No,None,1,No,,Yes,Access request,Access policy,APAC
HD-260812-01407,2026-08-12 11:47,163,2026-08-12 17:27,P3,Hardware,Docking station,Email,SMB,Endpoint Ops,Neha Thomas,Closed,24,5.68,No,None,0,No,4,No,Access request,Network condition,North America
HD-260413-02670,2026-04-13 11:23,261,2026-04-14 08:41,P4,Software & Applications,Application error,Portal,Mid-Market,Business Apps,Priya Shah,Closed,72,21.31,No,None,0,No,3,No,Incident,User error,APAC
HD-260629-02043,2026-06-29 11:31,19,2026-06-30 05:59,P3,Printing & Peripherals,Scanner,Portal,Mid-Market,Service Desk L1,Imran Dar,Closed,24,18.48,No,None,0,No,3,No,How-to,Network condition,North America
HD-260817-03714,2026-08-17 12:11,350,2026-08-18 07:08,P4,Telephony,Call quality,Portal,Internal,Network Ops,Arjun Bhat,Resolved,72,18.95,No,None,0,No,3,No,Service request,Hardware fault,EMEA
HD-260522-04043,2026-05-22 12:49,32,2026-05-22 15:41,P2,Email & Collaboration,Distribution list,Chat,Enterprise,Service Desk L1,Aisha Khan,Resolved,8,2.88,No,None,2,No,,No,Incident,Configuration,North America
HD-260625-04273,2026-06-25 10:12,93,2026-06-25 19:07,P3,Software & Applications,Version issue,Portal,SMB,Business Apps,Karan Verma,Closed,24,8.93,No,None,0,No,4,No,Incident,Software defect,APAC
HD-260410-02637,2026-04-10 13:08,8,2026-04-10 16:59,P2,Hardware,Laptop,Chat,Mid-Market,Service Desk L2,Sana Rahman,Resolved,8,3.86,No,None,3,No,3,No,Access request,User error,APAC
HD-260826-01295,2026-08-26 14:50,149,2026-08-27 15:42,P3,Performance,High CPU,Chat,Enterprise,Service Desk L2,,Closed,24,24.88,Yes,Dependency delay,0,No,4,No,Incident,Software defect,North America
HD-260327-01994,2026-03-27 19:19,50,,P3,Performance,High CPU,Email,SMB,Service Desk L1,Aisha Khan,Pending,24,,No,None,1,No,,No,Incident,Software defect,EMEA
HD-260618-03827,2026-06-18 15:45,39,2026-06-18 20:07,P2,Network,DNS/DHCP,Email,Enterprise,Network Ops,Farah Latif,Closed,8,4.38,No,None,0,No,4,No,Incident,Hardware fault,EMEA
HD-260716-03508,2026-07-16 10:45,36,2026-07-18 13:42,P4,Account Provisioning,Offboarding,Phone,Enterprise,Identity & Access,Deepak Nair,Resolved,72,50.95,No,None,1,No,,No,Service request,Configuration,North America
HD-260810-02057,2026-08-10 12:16,64,2026-08-10 18:35,P2,Email & Collaboration,Teams/Meetings,Email,Mid-Market,Service Desk L1,Imran Dar,Resolved,8,6.32,No,None,0,No,,No,Performance issue,User error,APAC
HD-260429-03058,2026-04-29 11:05,21,2026-04-29 21:06,P3,Printing & Peripherals,Peripheral setup,Portal,Mid-Market,Service Desk L2,Arjun Bhat,Closed,24,10.03,No,None,0,No,4,No,Service request,Capacity,EMEA
HD-260319-04183,2026-03-19 08:51,253,2026-03-20 09:30,P4,Cloud & SaaS,Integration,Phone,SMB,Service Desk L1,Neha Thomas,Closed,72,24.66,No,None,1,No,,No,Incident,Access policy,APAC
HD-260423-03544,2026-04-23 16:52,47,2026-04-24 00:04,P2,Endpoint Security,Security policy,Phone,SMB,Identity & Access,Adil Mir,Closed,8,7.2,No,None,0,No,3,No,Service request,Software defect,North America
HD-260828-03807,2026-08-28 09:51,108,2026-08-29 21:14,P4,Access & Identity,Password reset,Email,Mid-Market,Endpoint Ops,Vikram Patel,Closed,72,35.39,No,None,1,No,3,No,Service request,Configuration,APAC
HD-260828-02600,2026-08-28 17:01,331,,P4,Access & Identity,MFA issue,Portal,Mid-Market,Service Desk L1,Priya Shah,Pending,72,,No,None,1,No,,No,Incident,Access policy,APAC
HD-260623-01479,2026-06-23 20:30,240,2026-06-24 22:48,P4,Hardware,Monitor,Portal,SMB,Service Desk L1,Neha Thomas,Resolved,72,26.31,No,None,1,No,3,No,Access request,Vendor issue,North America
HD-260420-03436,2026-04-20 15:39,62,2026-04-21 11:33,P3,Performance,High memory,Portal,Internal,Service Desk L2,Meera Joseph,Resolved,24,19.91,No,None,0,No,3,No,Service request,Capacity,North America
HD-260318-02776,2026-03-18 14:38,17,2026-03-18 16:30,P1,Network,Wi-Fi,Portal,Enterprise,Network Ops,Arjun Bhat,Resolved,4,1.88,No,None,0,No,4,No,Performance issue,Hardware fault,EMEA
HD-260714-02668,2026-07-14 17:40,25,2026-07-15 01:37,P3,Access & Identity,Account locked,Chat,Mid-Market,Identity & Access,Adil Mir,Resolved,24,7.95,No,None,0,No,,No,Incident,Network condition,APAC
HD-260826-04241,2026-08-26 19:45,46,2026-08-27 02:19,P2,Hardware,Keyboard/Mouse,Email,Enterprise,Service Desk L2,Arjun Bhat,Closed,8,6.58,No,None,1,Yes,3,No,Service request,Software defect,North America
HD-260306-01452,2026-03-06 12:02,106,2026-03-07 09:13,P3,Endpoint Security,Security policy,Phone,Mid-Market,Identity & Access,Deepak Nair,Resolved,24,21.19,No,None,0,No,,No,Incident,Hardware fault,APAC
HD-260713-02594,2026-07-13 16:43,157,2026-07-14 03:47,P3,Endpoint Security,EDR alert,Chat,Mid-Market,Identity & Access,Nadia Ali,Closed,24,11.07,No,None,0,No,4,No,Incident,Access policy,EMEA
HD-260604-04357,2026-06-04 12:39,8,2026-06-04 23:03,P2,Account Provisioning,Role change,Portal,Mid-Market,Identity & Access,Farah Latif,Closed,8,10.41,Yes,Vendor response,1,No,4,No,Service request,Access policy,APAC
HD-260604-01597,2026-06-04 13:59,106,2026-06-04 21:32,P3,Endpoint Security,Malware check,Chat,SMB,Service Desk L1,Rohan Mehta,Closed,24,7.56,No,None,0,No,3,No,Incident,Configuration,North America
HD-260520-03322,2026-05-20 13:23,206,2026-05-21 08:02,P4,VPN & Remote Access,VPN login,Email,Enterprise,Service Desk L2,Vikram Patel,Closed,72,18.66,No,None,0,No,3,No,Service request,Hardware fault,EMEA
HD-260724-02876,2026-07-24 21:39,345,,P4,Telephony,Headset,Portal,SMB,Service Desk L2,Arjun Bhat,Pending,72,,No,None,1,No,,No,Incident,Network condition,APAC
HD-260727-01845,2026-07-27 09:08,118,2026-07-27 21:05,P3,Performance,High CPU,Phone,Enterprise,Endpoint Ops,Vikram Patel,Resolved,24,11.96,No,None,0,No,4,No,Incident,Configuration,APAC
HD-260713-03094,2026-07-13 15:21,97,2026-07-13 23:46,P3,Account Provisioning,New starter,Phone,Internal,Identity & Access,Adil Mir,Resolved,24,8.42,No,None,0,No,4,No,How-to,User error,North America
HD-260416-03113,2026-04-16 13:57,140,2026-04-17 02:19,P3,Printing & Peripherals,Scanner,Email,Mid-Market,Service Desk L2,Sana Rahman,Closed,24,12.38,No,None,1,No,4,No,Service request,Software defect,APAC
HD-260818-02554,2026-08-18 17:48,176,,P3,Access & Identity,MFA issue,Email,Enterprise,Identity & Access,Farah Latif,Pending,24,,No,None,1,No,,Yes,Access request,Configuration,North America
HD-260710-02713,2026-07-10 15:26,77,2026-07-11 15:48,P3,Network,DNS/DHCP,Portal,Mid-Market,Network Ops,Deepak Nair,Closed,24,24.37,Yes,Complex investigation,0,No,4,No,How-to,Configuration,EMEA
HD-260424-04220,2026-04-24 18:23,82,2026-04-25 10:36,P3,Account Provisioning,Role change,Chat,Enterprise,Identity & Access,Zoya Hussain,Closed,24,16.22,No,None,1,No,4,No,Access request,Configuration,EMEA
HD-260724-01035,2026-07-24 14:02,109,,P3,Cloud & SaaS,Subscription,Phone,Internal,Business Apps,Imran Dar,Pending,24,,No,None,1,No,,No,Access request,Hardware fault,EMEA
HD-260515-02162,2026-05-15 15:05,285,2026-05-16 23:39,P4,Access & Identity,Permission request,Email,Enterprise,Identity & Access,Adil Mir,Resolved,72,32.58,No,None,1,No,4,Yes,Service request,Capacity,North America
HD-260519-01078,2026-05-19 10:37,352,2026-05-20 09:00,P4,Performance,High CPU,Chat,Internal,Service Desk L1,Priya Shah,Resolved,72,22.39,No,None,1,No,4,Yes,Access request,Software defect,EMEA
HD-260610-04266,2026-06-10 12:15,44,2026-06-11 05:39,P3,Network,LAN connectivity,Portal,Enterprise,Network Ops,Deepak Nair,Resolved,24,17.41,No,None,1,No,3,No,Access request,Unknown,North America
HD-260821-02726,2026-08-21 15:27,129,2026-08-21 20:46,P3,Printing & Peripherals,Printer offline,Chat,Mid-Market,Network Ops,Arjun Bhat,Closed,24,5.33,No,None,2,No,5,No,Incident,Software defect,EMEA
HD-260811-03414,2026-08-11 13:45,51,,P2,VPN & Remote Access,VPN disconnect,Email,Enterprise,Network Ops,Farah Latif,Pending,8,,No,None,0,No,,No,Incident,User error,EMEA
HD-260325-03925,2026-03-25 15:28,12,2026-03-25 18:14,P1,Software & Applications,Version issue,Chat,Enterprise,Service Desk L2,Sana Rahman,Resolved,4,2.77,No,None,0,No,4,No,Incident,User error,North America
HD-260608-01729,2026-06-08 11:19,21,2026-06-08 16:28,P2,Cloud & SaaS,Application outage,Phone,SMB,Business Apps,Karan Verma,Resolved,8,5.16,No,None,1,Yes,3,No,Service request,User error,North America
HD-260511-02460,2026-05-11 09:17,112,2026-05-12 09:09,P3,Performance,High memory,Portal,Internal,Endpoint Ops,Karan Verma,Resolved,24,23.87,No,None,1,No,3,No,Incident,Vendor issue,North America
HD-260621-02542,2026-06-21 10:09,172,2026-06-22 07:57,P3,Account Provisioning,Role change,Phone,Mid-Market,Identity & Access,Farah Latif,Closed,24,21.81,No,None,0,No,4,No,Access request,Hardware fault,North America
HD-260410-03691,2026-04-10 14:37,44,2026-04-10 19:13,P2,Access & Identity,Account locked,Email,SMB,Identity & Access,Farah Latif,Resolved,8,4.6,No,None,0,Yes,4,No,Service request,Unknown,EMEA
HD-260414-02572,2026-04-14 19:27,30,2026-04-15 00:34,P2,Network,Switch port,Portal,Mid-Market,Network Ops,,Closed,8,5.13,No,None,0,No,2,Yes,Incident,Configuration,APAC
HD-260511-03769,2026-05-11 11:51,160,2026-05-12 04:45,P3,,Integration,Chat,SMB,Business Apps,Priya Shah,Resolved,24,16.91,No,None,0,No,4,No,Incident,Vendor issue,North America
HD-260424-03010,2026-04-24 16:19,163,2026-04-24 22:26,P3,Network,Switch port,Portal,Mid-Market,Service Desk L2,Vikram Patel,Resolved,24,6.13,No,None,0,No,4,Yes,Service request,User error,North America
HD-260827-03160,2026-08-27 10:10,235,2026-08-28 10:56,P4,Hardware,Keyboard/Mouse,Email,Enterprise,Endpoint Ops,Sana Rahman,Resolved,72,24.78,No,None,0,No,4,No,Performance issue,Configuration,North America
HD-260303-02941,2026-03-03 16:44,15,2026-03-03 23:01,P1,Hardware,Keyboard/Mouse,Portal,SMB,Endpoint Ops,Neha Thomas,Resolved,4,6.29,Yes,Dependency delay,1,No,3,No,Incident,Software defect,North America
HD-260415-01028,2026-04-15 16:52,38,2026-04-15 20:12,P2,Hardware,Keyboard/Mouse,Portal,Mid-Market,Service Desk L2,Meera Joseph,Resolved,8,3.34,No,None,1,No,4,No,How-to,Software defect,EMEA
HD-260528-04259,2026-05-28 15:01,156,2026-05-29 13:06,P3,VPN & Remote Access,Remote desktop,Chat,SMB,Network Ops,Arjun Bhat,Resolved,24,22.09,No,None,0,No,2,No,Incident,Network condition,EMEA
HD-260602-03786,2026-06-02 08:10,5,2026-06-02 12:35,P1,Cloud & SaaS,Subscription,Chat,SMB,Business Apps,Priya Shah,Resolved,4,4.42,Yes,Vendor response,0,No,3,No,Performance issue,Vendor issue,APAC
HD-260528-02288,2026-05-28 12:40,43,2026-05-29 02:49,P3,Cloud & SaaS,Subscription,Email,Mid-Market,Service Desk L2,Sana Rahman,Resolved,24,14.16,No,None,3,No,3,No,How-to,Unknown,APAC
HD-260327-04112,2026-03-27 13:35,54,2026-03-27 19:06,P2,Endpoint Security,Malware check,Portal,SMB,Service Desk L1,Priya Shah,Resolved,8,5.52,No,None,0,No,2,No,Service request,Configuration,EMEA
HD-260612-04428,2026-06-12 17:00,141,2026-06-12 23:06,P3,Telephony,Call quality,Chat,Enterprise,Service Desk L2,Sana Rahman,Closed,24,6.1,No,None,0,No,4,No,Incident,Network condition,EMEA
HD-260817-01838,2026-08-17 11:40,210,,P4,Account Provisioning,Offboarding,Portal,Enterprise,Service Desk L1,Rohan Mehta,Open,72,,No,None,1,No,,No,Access request,Software defect,APAC
HD-260325-03363,2026-03-25 11:47,206,2026-03-26 14:36,P4,VPN & Remote Access,VPN login,Email,Enterprise,Network Ops,Deepak Nair,Resolved,72,26.83,No,None,0,No,4,No,Service request,User error,EMEA
HD-260413-01489,2026-04-13 11:09,35,2026-04-13 15:19,P2,Network,Wi-Fi,Chat,Mid-Market,Network Ops,Farah Latif,Resolved,8,4.18,No,None,1,Yes,5,No,Incident,User error,EMEA
HD-260813-02822,2026-08-13 14:19,172,2026-08-13 19:40,P3,VPN & Remote Access,Remote desktop,Phone,Mid-Market,Network Ops,Arjun Bhat,Closed,24,5.36,No,None,0,No,4,No,Incident,Access policy,North America
HD-260817-03482,2026-08-17 08:29,45,2026-08-17 18:56,P2,Printing & Peripherals,Peripheral setup,Chat,Mid-Market,Business Apps,Karan Verma,Resolved,8,10.45,Yes,Vendor response,0,No,4,No,Service request,Hardware fault,APAC
HD-260713-02351,2026-07-13 10:11,69,2026-07-13 17:38,P3,,Subscription,Email,Enterprise,Business Apps,Imran Dar,Closed,24,7.46,No,None,0,No,3,No,How-to,Access policy,APAC
HD-260610-02769,2026-06-10 14:22,57,2026-06-11 00:14,P2,Hardware,Keyboard/Mouse,Portal,SMB,Service Desk L2,Meera Joseph,Resolved,8,9.87,Yes,Escalation delay,0,No,2,No,Incident,User error,North America
HD-260714-03349,2026-07-14 13:56,28,2026-07-15 05:38,P3,Account Provisioning,Access package,Email,Internal,Identity & Access,Zoya Hussain,Closed,24,15.71,No,None,0,No,,No,Service request,Vendor issue,North America
HD-260421-02383,2026-04-21 18:44,218,2026-04-22 10:45,P4,Printing & Peripherals,Scanner,Portal,Enterprise,Identity & Access,Zoya Hussain,Resolved,72,16.02,No,None,0,No,,No,How-to,Unknown,APAC
HD-260330-04229,2026-03-30 15:58,53,,P2,Printing & Peripherals,Printer offline,Portal,Internal,Service Desk L1,Rohan Mehta,Pending,8,,No,None,1,No,,No,Incident,Software defect,EMEA
HD-260721-01228,2026-07-21 09:40,21,2026-07-21 19:13,P3,Cloud & SaaS,Application outage,Email,Enterprise,Service Desk L2,Meera Joseph,Resolved,24,9.56,No,None,0,No,4,No,Performance issue,Unknown,APAC
HD-260519-01542,2026-05-19 09:06,107,2026-05-19 22:13,P3,Performance,High CPU,Phone,SMB,Service Desk L2,Arjun Bhat,Closed,24,13.13,No,None,1,No,4,No,Service request,User error,North America
HD-260306-01552,2026-03-06 14:02,83,,P3,Telephony,Headset,Email,Mid-Market,Service Desk L2,Sana Rahman,Pending,24,,No,None,0,No,,No,Incident,Vendor issue,North America
HD-260305-03716,2026-03-05 13:43,207,2026-03-07 06:01,P4,Software & Applications,Application error,Portal,Enterprise,Service Desk L2,Meera Joseph,Closed,72,40.3,No,None,0,No,4,No,How-to,Vendor issue,APAC
HD-260514-03618,2026-05-14 11:43,216,2026-05-15 21:07,P4,Email & Collaboration,Calendar,Email,SMB,Service Desk L2,Vikram Patel,Resolved,72,33.41,No,None,0,No,5,No,Service request,User error,EMEA
HD-260402-01877,2026-04-02 10:10,37,2026-04-02 18:23,P3,VPN & Remote Access,VPN login,Chat,Mid-Market,Network Ops,Arjun Bhat,Resolved,24,8.23,No,None,0,No,3,Yes,Service request,Hardware fault,North America
HD-260820-04566,2026-08-20 14:35,208,2026-08-22 20:05,P4,Printing & Peripherals,Print queue,Portal,SMB,Network Ops,Arjun Bhat,Resolved,72,53.5,No,None,2,No,3,No,How-to,Hardware fault,EMEA
HD-260616-02896,2026-06-16 10:54,55,2026-06-16 16:39,P2,Endpoint Security,EDR alert,Phone,Internal,Endpoint Ops,Vikram Patel,Resolved,8,5.76,No,None,0,No,,No,Incident,Configuration,North America
HD-260311-04485,2026-03-11 17:28,59,2026-03-12 01:12,P3,Software & Applications,Installation,Chat,Internal,Business Apps,Sana Rahman,Closed,24,7.74,No,None,0,No,3,No,Access request,Unknown,APAC
HD-260608-02041,2026-06-08 13:26,86,2026-06-09 01:20,P3,Printing & Peripherals,Printer offline,Portal,Enterprise,Service Desk L2,Sana Rahman,Closed,24,11.91,No,None,0,No,,No,Performance issue,User error,North America
HD-260320-03628,2026-03-20 13:26,22,2026-03-20 16:37,P2,VPN & Remote Access,Split tunnel,Email,Enterprise,Network Ops,Deepak Nair,Resolved,8,3.19,No,None,0,Yes,3,No,Performance issue,Access policy,North America
HD-260812-01535,2026-08-12 11:30,34,2026-08-12 16:33,P2,VPN & Remote Access,Split tunnel,Email,SMB,Service Desk L2,Vikram Patel,Resolved,8,5.05,No,None,0,Yes,3,No,Incident,User error,North America
HD-260727-02382,2026-07-27 12:13,38,2026-07-29 19:43,P4,Hardware,Monitor,Portal,Mid-Market,Service Desk L1,Rohan Mehta,Closed,72,55.51,No,None,0,No,2,No,Service request,Software defect,EMEA
HD-260525-03296,2026-05-25 13:50,17,2026-05-25 17:53,P2,VPN & Remote Access,VPN login,Phone,Internal,Service Desk L2,Vikram Patel,Resolved,8,4.05,No,None,0,Yes,4,No,How-to,User error,EMEA
HD-260430-04029,2026-04-30 16:43,25,2026-04-30 23:35,P3,Telephony,Headset,Chat,SMB,Service Desk L2,Arjun Bhat,Closed,24,6.88,No,None,0,No,5,No,Incident,Access policy,North America
HD-260627-03221,2026-06-27 08:53,29,2026-06-27 14:05,P2,Access & Identity,Account locked,Email,Mid-Market,Service Desk L1,Rohan Mehta,Resolved,8,5.2,No,None,2,No,3,No,Service request,Access policy,North America
HD-260415-02116,2026-04-15 09:27,160,2026-04-17 04:07,P4,Network,LAN connectivity,Email,SMB,Network Ops,Farah Latif,Resolved,72,42.68,No,None,1,No,3,No,Incident,User error,North America
HD-260805-04101,2026-08-05 13:11,63,,P3,Performance,Disk space,Portal,SMB,Service Desk L1,Neha Thomas,Open,24,,No,None,1,Yes,,Yes,Performance issue,User error,EMEA
HD-260618-04068,2026-06-18 16:43,63,2026-06-18 23:44,P2,Software & Applications,Version issue,Phone,SMB,Business Apps,Karan Verma,Resolved,8,7.02,No,None,0,No,3,No,Service request,Software defect,APAC
HD-260804-03738,2026-08-04 10:13,16,,P3,VPN & Remote Access,Split tunnel,Email,Enterprise,Service Desk L2,Sana Rahman,Pending,24,,No,None,0,No,,No,Service request,Vendor issue,North America
HD-260318-02201,2026-03-18 14:12,61,2026-03-19 01:19,P3,Software & Applications,Application error,Portal,Enterprise,Business Apps,Priya Shah,Resolved,24,11.13,No,None,0,No,4,No,Service request,Hardware fault,EMEA
HD-260326-01500,2026-03-26 16:59,51,2026-03-26 20:59,P2,Hardware,Monitor,Phone,Mid-Market,Service Desk L2,Sana Rahman,Resolved,8,4,No,None,0,No,3,No,Access request,Network condition,North America
HD-260302-03889,2026-03-02 09:58,156,,P4,Cloud & SaaS,Subscription,Portal,Enterprise,Business Apps,Priya Shah,Open,72,,No,None,1,No,,No,Service request,Software defect,APAC
HD-260604-02866,2026-06-04 21:28,29,2026-06-04 23:52,P2,Performance,High memory,Phone,Mid-Market,Business Apps,Sana Rahman,Closed,8,2.41,No,None,2,No,3,Yes,Incident,User error,North America
HD-260714-01863,2026-07-14 16:00,269,2026-07-16 08:45,P4,Account Provisioning,Role change,Phone,Enterprise,Endpoint Ops,Vikram Patel,Resolved,72,40.76,No,None,0,No,,No,Service request,Software defect,EMEA